time-tag,smoothed_ssn,record_Id,record_Id_0
,,0,
1749-01,-1,1,0
1749-02,-1,2,0
1749-03,-1,3,0
1749-04,-1,4,0
1749-05,-1,5,0
1749-06,-1,6,0
1749-07,135.9,7,0
1749-08,137.9,8,0
1749-09,140.2,9,0
1749-10,143.8,10,0
1749-11,146.4,11,0
1749-12,147.9,12,0
1750-01,148.4,13,0
1750-02,150.3,14,0
1750-03,153.9,15,0
1750-04,154.3,16,0
1750-05,147,17,0
1750-06,139.7,18,0
1750-07,138.8,19,0
1750-08,136.3,20,0
1750-09,131,21,0
1750-10,125.7,22,0
1750-11,121.5,23,0
1750-12,116,24,0
1751-01,111.3,25,0
1751-02,106.9,26,0
1751-03,99.2,27,0
1751-04,91.6,28,0
1751-05,86.2,29,0
1751-06,81.6,30,0
1751-07,77,31,0
1751-08,75,32,0
1751-09,77.3,33,0
1751-10,79.2,34,0
1751-11,79.4,35,0
1751-12,78.5,36,0
1752-01,78.6,37,0
1752-02,77.3,38,0
1752-03,75.5,39,0
1752-04,77.3,40,0
1752-05,79.6,41,0
1752-06,79.9,42,0
1752-07,80.3,43,0
1752-08,79.7,44,0
1752-09,76.7,45,0
1752-10,73.4,46,0
1752-11,70.3,47,0
1752-12,68.1,48,0
1753-01,63.6,49,0
1753-02,60.4,50,0
1753-03,61.1,51,0
1753-04,59.7,52,0
1753-05,57,53,0
1753-06,53.4,54,0
1753-07,48.1,55,0
1753-08,43,56,0
1753-09,37.9,57,0
1753-10,33.2,58,0
1753-11,30.4,59,0
1753-12,29,60,0
1754-01,28.5,61,0
1754-02,26.4,62,0
1754-03,23.2,63,0
1754-04,21.7,64,0
1754-05,21.2,65,0
1754-06,20.5,66,0
1754-07,21.1,67,0
1754-08,22.3,68,0
1754-09,23.3,69,0
1754-10,23.1,70,0
1754-11,21.2,71,0
1754-12,17.9,72,0
1755-01,15.3,73,0
1755-02,14,74,0
1755-03,14,75,0
1755-04,14.7,76,0
1755-05,14.2,77,0
1755-06,14.8,78,0
1755-07,16.1,79,0
1755-08,16,80,0
1755-09,15.6,81,0
1755-10,15.7,82,0
1755-11,16.8,83,0
1755-12,18.5,84,0
1756-01,19.1,85,0
1756-02,19,86,0
1756-03,18.8,87,0
1756-04,17.7,88,0
1756-05,17.7,89,0
1756-06,17.7,90,0
1756-07,17.1,91,0
1756-08,18.2,92,0
1756-09,20.6,93,0
1756-10,23.5,94,0
1756-11,26.7,95,0
1756-12,28.5,96,0
1757-01,29.9,97,0
1757-02,34.6,98,0
1757-03,39.6,99,0
1757-04,42.8,100,0
1757-05,47.4,101,0
1757-06,52.4,102,0
1757-07,55.7,103,0
1757-08,59.5,104,0
1757-09,63.2,105,0
1757-10,67.7,106,0
1757-11,71.2,107,0
1757-12,74,108,0
1758-01,77.6,109,0
1758-02,78,110,0
1758-03,78.7,111,0
1758-04,80.7,112,0
1758-05,79.5,113,0
1758-06,78.7,114,0
1758-07,80.1,115,0
1758-08,80.3,116,0
1758-09,79.6,117,0
1758-10,77.6,118,0
1758-11,76.1,119,0
1758-12,76.6,120,0
1759-01,77.4,121,0
1759-02,80.2,122,0
1759-03,83.5,123,0
1759-04,86,124,0
1759-05,87.8,125,0
1759-06,89,126,0
1759-07,91.3,127,0
1759-08,93.7,128,0
1759-09,96.7,129,0
1759-10,99.4,130,0
1759-11,101.8,131,0
1759-12,103.3,132,0
1760-01,104.2,133,0
1760-02,105.5,134,0
1760-03,104.7,135,0
1760-04,103,136,0
1760-05,103.3,137,0
1760-06,104.5,138,0
1760-07,105,139,0
1760-08,107.3,140,0
1760-09,109.9,141,0
1760-10,111.3,142,0
1760-11,114.7,143,0
1760-12,120.7,144,0
1761-01,126.1,145,0
1761-02,129.2,146,0
1761-03,133,147,0
1761-04,138.4,148,0
1761-05,143.1,149,0
1761-06,144.1,150,0
1761-07,141.3,151,0
1761-08,138.2,152,0
1761-09,134.5,153,0
1761-10,131.3,154,0
1761-11,125.8,155,0
1761-12,119.6,156,0
1762-01,113.8,157,0
1762-02,108,158,0
1762-03,104.2,159,0
1762-04,100.6,160,0
1762-05,98.4,161,0
1762-06,99.7,162,0
1762-07,102.8,163,0
1762-08,100.8,164,0
1762-09,97.2,165,0
1762-10,94.5,166,0
1762-11,92.1,167,0
1762-12,88.8,168,0
1763-01,87.3,169,0
1763-02,85.9,170,0
1763-03,83,171,0
1763-04,81.3,172,0
1763-05,78.6,173,0
1763-06,76.3,174,0
1763-07,75.4,175,0
1763-08,77.6,176,0
1763-09,79.9,177,0
1763-10,80.4,178,0
1763-11,81.3,179,0
1763-12,81.7,180,0
1764-01,79.7,181,0
1764-02,78.2,182,0
1764-03,75.7,183,0
1764-04,71.7,184,0
1764-05,68,185,0
1764-06,63.1,186,0
1764-07,58.1,187,0
1764-08,53.3,188,0
1764-09,49.9,189,0
1764-10,48,190,0
1764-11,45.4,191,0
1764-12,43.1,192,0
1765-01,42.2,193,0
1765-02,41.9,194,0
1765-03,41.1,195,0
1765-04,39.2,196,0
1765-05,37.4,197,0
1765-06,35.7,198,0
1765-07,34,199,0
1765-08,32.1,200,0
1765-09,31.9,201,0
1765-10,31.6,202,0
1765-11,30.9,203,0
1765-12,30.2,204,0
1766-01,27.4,205,0
1766-02,24,206,0
1766-03,21.4,207,0
1766-04,19.9,208,0
1766-05,18.7,209,0
1766-06,18.6,210,0
1766-07,20.1,211,0
1766-08,22.5,212,0
1766-09,24.2,213,0
1766-10,26.6,214,0
1766-11,28.6,215,0
1766-12,30.9,216,0
1767-01,34.3,217,0
1767-02,38.2,218,0
1767-03,43.4,219,0
1767-04,48.8,220,0
1767-05,54.9,221,0
1767-06,60.7,222,0
1767-07,64.9,223,0
1767-08,69.2,224,0
1767-09,71.9,225,0
1767-10,72.8,226,0
1767-11,76.8,227,0
1767-12,83.2,228,0
1768-01,88.4,229,0
1768-02,92.4,230,0
1768-03,96.4,231,0
1768-04,101,232,0
1768-05,105.8,233,0
1768-06,112.4,234,0
1768-07,117.8,235,0
1768-08,119.1,236,0
1768-09,120.2,237,0
1768-10,125.2,238,0
1768-11,128.7,239,0
1768-12,129.6,240,0
1769-01,135.4,241,0
1769-02,143.7,242,0
1769-03,152.5,243,0
1769-04,163.2,244,0
1769-05,172.8,245,0
1769-06,176.8,246,0
1769-07,178.9,247,0
1769-08,186.4,248,0
1769-09,193,249,0
1769-10,190.9,250,0
1769-11,187.5,251,0
1769-12,186.5,252,0
1770-01,185.1,253,0
1770-02,184.9,254,0
1770-03,182.2,255,0
1770-04,175.3,256,0
1770-05,170.4,257,0
1770-06,168.7,258,0
1770-07,163.3,259,0
1770-08,151.9,260,0
1770-09,142.9,261,0
1770-10,141.5,262,0
1770-11,148.2,263,0
1770-12,156.5,264,0
1771-01,156.1,265,0
1771-02,148.4,266,0
1771-03,143.5,267,0
1771-04,142.3,268,0
1771-05,139.1,269,0
1771-06,136.4,270,0
1771-07,140.5,271,0
1771-08,148.1,272,0
1771-09,150.1,273,0
1771-10,150.9,274,0
1771-11,144.8,275,0
1771-12,132.5,276,0
1772-01,128.9,277,0
1772-02,129.4,278,0
1772-03,125.7,279,0
1772-04,121.4,280,0
1772-05,117.9,281,0
1772-06,113,282,0
1772-07,107.6,283,0
1772-08,100.1,284,0
1772-09,97.2,285,0
1772-10,94.5,286,0
1772-11,90.6,287,0
1772-12,88.8,288,0
1773-01,83.4,289,0
1773-02,76.9,290,0
1773-03,72.4,291,0
1773-04,67.3,292,0
1773-05,62.3,293,0
1773-06,59.4,294,0
1773-07,57.4,295,0
1773-08,59.4,296,0
1773-09,62.2,297,0
1773-10,63.3,298,0
1773-11,64.8,299,0
1773-12,65.5,300,0
1774-01,64.8,301,0
1774-02,63.7,302,0
1774-03,61.8,303,0
1774-04,59.4,304,0
1774-05,56.9,305,0
1774-06,53.2,306,0
1774-07,48.1,307,0
1774-08,40.6,308,0
1774-09,33,309,0
1774-10,27.7,310,0
1774-11,22.1,311,0
1774-12,17.7,312,0
1775-01,15.4,313,0
1775-02,14.4,314,0
1775-03,14.1,315,0
1775-04,13.2,316,0
1775-05,12.5,317,0
1775-06,12,318,0
1775-07,12.9,319,0
1775-08,14.9,320,0
1775-09,15.3,321,0
1775-10,15.7,322,0
1775-11,16.9,323,0
1775-12,17.9,324,0
1776-01,18.4,325,0
1776-02,19.5,326,0
1776-03,21.5,327,0
1776-04,24.1,328,0
1776-05,27.2,329,0
1776-06,30.8,330,0
1776-07,34.7,331,0
1776-08,38,332,0
1776-09,42,333,0
1776-10,49.4,334,0
1776-11,59.3,335,0
1776-12,68.4,336,0
1777-01,79.2,337,0
1777-02,91.8,338,0
1777-03,104.9,339,0
1777-04,117.1,340,0
1777-05,130.2,341,0
1777-06,146,342,0
1777-07,163.4,343,0
1777-08,177.6,344,0
1777-09,189.3,345,0
1777-10,199.3,346,0
1777-11,213.7,347,0
1777-12,231.1,348,0
1778-01,241.4,349,0
1778-02,247.4,350,0
1778-03,253.2,351,0
1778-04,260.5,352,0
1778-05,264.3,353,0
1778-06,260.9,354,0
1778-07,252.9,355,0
1778-08,252.5,356,0
1778-09,255.3,357,0
1778-10,254.2,358,0
1778-11,247.3,359,0
1778-12,236.4,360,0
1779-01,231.7,361,0
1779-02,229.1,362,0
1779-03,222.9,363,0
1779-04,216.5,364,0
1779-05,211.7,365,0
1779-06,209.5,366,0
1779-07,206.8,367,0
1779-08,199,368,0
1779-09,192.9,369,0
1779-10,188,370,0
1779-11,182.3,371,0
1779-12,178.2,372,0
1780-01,172.5,373,0
1780-02,166.7,374,0
1780-03,163.7,375,0
1780-04,159.2,376,0
1780-05,152.2,377,0
1780-06,144.9,378,0
1780-07,143.3,379,0
1780-08,143.7,380,0
1780-09,139,381,0
1780-10,134,382,0
1780-11,131.9,383,0
1780-12,132.4,384,0
1781-01,132.2,385,0
1781-02,130,386,0
1781-03,125.6,387,0
1781-04,119.2,388,0
1781-05,116.3,389,0
1781-06,115.1,390,0
1781-07,110.4,391,0
1781-08,104.7,392,0
1781-09,101,393,0
1781-10,98,394,0
1781-11,92.6,395,0
1781-12,85,396,0
1782-01,78.3,397,0
1782-02,74.2,398,0
1782-03,71.5,399,0
1782-04,70,400,0
1782-05,67.3,401,0
1782-06,64.5,402,0
1782-07,62.3,403,0
1782-08,60.6,404,0
1782-09,59.9,405,0
1782-10,58.3,406,0
1782-11,55.3,407,0
1782-12,52.2,408,0
1783-01,51,409,0
1783-02,49,410,0
1783-03,46.2,411,0
1783-04,44.1,412,0
1783-05,41.9,413,0
1783-06,39.4,414,0
1783-07,37,415,0
1783-08,33.8,416,0
1783-09,30.6,417,0
1783-10,28.2,418,0
1783-11,25.7,419,0
1783-12,23.4,420,0
1784-01,20.5,421,0
1784-02,18,422,0
1784-03,16.7,423,0
1784-04,16.2,424,0
1784-05,16.3,425,0
1784-06,16.7,426,0
1784-07,16.5,427,0
1784-08,16,428,0
1784-09,15.9,429,0
1784-10,16.2,430,0
1784-11,17.6,431,0
1784-12,19.8,432,0
1785-01,23.1,433,0
1785-02,25.9,434,0
1785-03,28.1,435,0
1785-04,32.4,436,0
1785-05,36.7,437,0
1785-06,39.2,438,0
1785-07,42.3,439,0
1785-08,47.2,440,0
1785-09,52.6,441,0
1785-10,60.1,442,0
1785-11,69.9,443,0
1785-12,77.2,444,0
1786-01,82.7,445,0
1786-02,90.8,446,0
1786-03,101.1,447,0
1786-04,111.2,448,0
1786-05,121,449,0
1786-06,132.2,450,0
1786-07,144.9,451,0
1786-08,155.7,452,0
1786-09,162.5,453,0
1786-10,168.2,454,0
1786-11,174,455,0
1786-12,179.8,456,0
1787-01,185.7,457,0
1787-02,192.1,458,0
1787-03,198.6,459,0
1787-04,204.9,460,0
1787-05,209.8,461,0
1787-06,215.8,462,0
1787-07,220.3,463,0
1787-08,222.1,464,0
1787-09,227.6,465,0
1787-10,230.2,466,0
1787-11,227.4,467,0
1787-12,229.7,468,0
1788-01,234.4,469,0
1788-02,235.3,470,0
1788-03,234.1,471,0
1788-04,231.9,472,0
1788-05,227.6,473,0
1788-06,221.3,474,0
1788-07,216.5,475,0
1788-08,214.6,476,0
1788-09,212.7,477,0
1788-10,212.1,478,0
1788-11,213.8,479,0
1788-12,212.2,480,0
1789-01,208.1,481,0
1789-02,204.1,482,0
1789-03,199.8,483,0
1789-04,194.2,484,0
1789-05,193.3,485,0
1789-06,196.4,486,0
1789-07,196.1,487,0
1789-08,195.5,488,0
1789-09,194,489,0
1789-10,190.3,490,0
1789-11,186.1,491,0
1789-12,182,492,0
1790-01,176.7,493,0
1790-02,172.3,494,0
1790-03,168.7,495,0
1790-04,166,496,0
1790-05,162,497,0
1790-06,154.1,498,0
1790-07,147.7,499,0
1790-08,141.1,500,0
1790-09,135,501,0
1790-10,132.2,502,0
1790-11,129.7,503,0
1790-12,126.5,504,0
1791-01,124.8,505,0
1791-02,121.9,506,0
1791-03,118.1,507,0
1791-04,115.7,508,0
1791-05,113.1,509,0
1791-06,111.5,510,0
1791-07,109.9,511,0
1791-08,109.1,512,0
1791-09,108.4,513,0
1791-10,107.6,514,0
1791-11,106.7,515,0
1791-12,105.6,516,0
1792-01,103.7,517,0
1792-02,103.1,518,0
1792-03,103.7,519,0
1792-04,103,520,0
1792-05,102.2,521,0
1792-06,100.8,522,0
1792-07,99.9,523,0
1792-08,99.2,524,0
1792-09,98,525,0
1792-10,95.9,526,0
1792-11,93.7,527,0
1792-12,92.3,528,0
1793-01,91.9,529,0
1793-02,90.1,530,0
1793-03,85.5,531,0
1793-04,82.2,532,0
1793-05,80.5,533,0
1793-06,78.9,534,0
1793-07,77.4,535,0
1793-08,75.9,536,0
1793-09,73.9,537,0
1793-10,71,538,0
1793-11,69.5,539,0
1793-12,69.1,540,0
1794-01,67.8,541,0
1794-02,67.9,542,0
1794-03,67.7,543,0
1794-04,65.6,544,0
1794-05,65.9,545,0
1794-06,67.9,546,0
1794-07,66.7,547,0
1794-08,64.8,548,0
1794-09,62.7,549,0
1794-10,60.3,550,0
1794-11,57.9,551,0
1794-12,54.5,552,0
1795-01,50.8,553,0
1795-02,47.9,554,0
1795-03,47.1,555,0
1795-04,46.6,556,0
1795-05,43,557,0
1795-06,37.8,558,0
1795-07,35.5,559,0
1795-08,34.4,560,0
1795-09,33.5,561,0
1795-10,34.6,562,0
1795-11,34.9,563,0
1795-12,33.4,564,0
1796-01,33.7,565,0
1796-02,33,566,0
1796-03,31.6,567,0
1796-04,31.4,568,0
1796-05,29.6,569,0
1796-06,27.6,570,0
1796-07,26.2,571,0
1796-08,24.3,572,0
1796-09,22.1,573,0
1796-10,19.4,574,0
1796-11,16.5,575,0
1796-12,15.9,576,0
1797-01,14.6,577,0
1797-02,13.3,578,0
1797-03,12.8,579,0
1797-04,11.6,580,0
1797-05,11.1,581,0
1797-06,10.8,582,0
1797-07,9.8,583,0
1797-08,8.9,584,0
1797-09,9.5,585,0
1797-10,9.9,586,0
1797-11,9.2,587,0
1797-12,7.9,588,0
1798-01,6.8,589,0
1798-02,6.3,590,0
1798-03,5.9,591,0
1798-04,5.3,592,0
1798-05,5.4,593,0
1798-06,6.3,594,0
1798-07,6.7,595,0
1798-08,7.3,596,0
1798-09,8.6,597,0
1798-10,9.7,598,0
1798-11,10.8,599,0
1798-12,12.1,600,0
1799-01,13,601,0
1799-02,12.9,602,0
1799-03,12.5,603,0
1799-04,12.6,604,0
1799-05,12.1,605,0
1799-06,11.4,606,0
1799-07,11.6,607,0
1799-08,11.8,608,0
1799-09,11,609,0
1799-10,9.9,610,0
1799-11,9.1,611,0
1799-12,9.8,612,0
1800-01,12,613,0
1800-02,14.6,614,0
1800-03,16.8,615,0
1800-04,18.1,616,0
1800-05,19.2,617,0
1800-06,21.9,618,0
1800-07,25.5,619,0
1800-08,28.3,620,0
1800-09,30.8,621,0
1800-10,34,622,0
1800-11,38.1,623,0
1800-12,40.5,624,0
1801-01,42,625,0
1801-02,44.3,626,0
1801-03,47.1,627,0
1801-04,50.1,628,0
1801-05,53.5,629,0
1801-06,56.1,630,0
1801-07,58.1,631,0
1801-08,60.8,632,0
1801-09,62.8,633,0
1801-10,64.3,634,0
1801-11,65.9,635,0
1801-12,67.8,636,0
1802-01,69.7,637,0
1802-02,71.4,638,0
1802-03,73.4,639,0
1802-04,75.1,640,0
1802-05,75.2,641,0
1802-06,74.9,642,0
1802-07,75.2,643,0
1802-08,75.6,644,0
1802-09,75.1,645,0
1802-10,73.1,646,0
1802-11,72,647,0
1802-12,71.3,648,0
1803-01,70.6,649,0
1803-02,69.5,650,0
1803-03,68,651,0
1803-04,68.6,652,0
1803-05,70.9,653,0
1803-06,71.9,654,0
1803-07,71.4,655,0
1803-08,70.9,656,0
1803-09,72,657,0
1803-10,75.1,658,0
1803-11,76.1,659,0
1803-12,75.3,660,0
1804-01,73.9,661,0
1804-02,73.3,662,0
1804-03,74.4,663,0
1804-04,75.5,664,0
1804-05,76.7,665,0
1804-06,78.3,666,0
1804-07,80.2,667,0
1804-08,81,668,0
1804-09,80.9,669,0
1804-10,80.3,670,0
1804-11,79.8,671,0
1804-12,80.5,672,0
1805-01,81.5,673,0
1805-02,82,674,0
1805-03,81.4,675,0
1805-04,78.5,676,0
1805-05,74.8,677,0
1805-06,71.9,678,0
1805-07,68.9,679,0
1805-08,66.3,680,0
1805-09,64,681,0
1805-10,62.1,682,0
1805-11,60.5,683,0
1805-12,58.6,684,0
1806-01,57,685,0
1806-02,55.4,686,0
1806-03,52.8,687,0
1806-04,51.2,688,0
1806-05,49.9,689,0
1806-06,47.8,690,0
1806-07,45,691,0
1806-08,41.9,692,0
1806-09,39.1,693,0
1806-10,37.2,694,0
1806-11,35.8,695,0
1806-12,33.7,696,0
1807-01,31.6,697,0
1807-02,29.4,698,0
1807-03,27.1,699,0
1807-04,24.5,700,0
1807-05,21.6,701,0
1807-06,18.4,702,0
1807-07,15.9,703,0
1807-08,14.6,704,0
1807-09,13.4,705,0
1807-10,11.9,706,0
1807-11,11.3,707,0
1807-12,11.7,708,0
1808-01,11.4,709,0
1808-02,10.7,710,0
1808-03,10.8,711,0
1808-04,11,712,0
1808-05,11.3,713,0
1808-06,12.7,714,0
1808-07,14.1,715,0
1808-08,14.9,716,0
1808-09,15.3,717,0
1808-10,14.7,718,0
1808-11,13.2,719,0
1808-12,12,720,0
1809-01,11.1,721,0
1809-02,10.1,722,0
1809-03,8.8,723,0
1809-04,7.7,724,0
1809-05,6.7,725,0
1809-06,5.1,726,0
1809-07,3.7,727,0
1809-08,2.6,728,0
1809-09,1.9,729,0
1809-10,1.6,730,0
1809-11,1.3,731,0
1809-12,0.7,732,0
1810-01,0.1,733,0
1810-02,0.1,734,0
1810-03,0,735,0
1810-04,0,736,0
1810-05,0,737,0
1810-06,0,738,0
1810-07,0,739,0
1810-08,0,740,0
1810-09,0,741,0
1810-10,0,742,0
1810-11,0,743,0
1810-12,0,744,0
1811-01,0.5,745,0
1811-02,0.9,746,0
1811-03,1.1,747,0
1811-04,1.7,748,0
1811-05,2.2,749,0
1811-06,2.3,750,0
1811-07,3.1,751,0
1811-08,4.1,752,0
1811-09,4.2,753,0
1811-10,4.3,754,0
1811-11,4.4,755,0
1811-12,4.5,756,0
1812-01,4.2,757,0
1812-02,4.9,758,0
1812-03,6.1,759,0
1812-04,6.2,760,0
1812-05,6.5,761,0
1812-06,7.6,762,0
1812-07,7.5,763,0
1812-08,7.3,764,0
1812-09,7.9,765,0
1812-10,9.2,766,0
1812-11,10.6,767,0
1812-12,11.6,768,0
1813-01,13.6,769,0
1813-02,14.3,770,0
1813-03,14.5,771,0
1813-04,16.9,772,0
1813-05,19.1,773,0
1813-06,20,774,0
1813-07,21.9,775,0
1813-08,23.5,776,0
1813-09,23.9,777,0
1813-10,24.7,778,0
1813-11,25.2,779,0
1813-12,25.5,780,0
1814-01,25.7,781,0
1814-02,25.3,782,0
1814-03,24.4,783,0
1814-04,23.3,784,0
1814-05,22.6,785,0
1814-06,22.8,786,0
1814-07,23,787,0
1814-08,24.2,788,0
1814-09,27,789,0
1814-10,29,790,0
1814-11,29.8,791,0
1814-12,33,792,0
1815-01,37,793,0
1815-02,41.3,794,0
1815-03,46,795,0
1815-04,48.6,796,0
1815-05,51.2,797,0
1815-06,55.9,798,0
1815-07,59.5,799,0
1815-08,62.5,800,0
1815-09,68.4,801,0
1815-10,73.6,802,0
1815-11,77.8,803,0
1815-12,79.4,804,0
1816-01,78.8,805,0
1816-02,77.3,806,0
1816-03,76.8,807,0
1816-04,79.5,808,0
1816-05,81.2,809,0
1816-06,78.8,810,0
1816-07,77.1,811,0
1816-08,77,812,0
1816-09,77.8,813,0
1816-10,77.1,814,0
1816-11,73.3,815,0
1816-12,71.4,816,0
1817-01,71.9,817,0
1817-02,74.2,818,0
1817-03,75,819,0
1817-04,72.1,820,0
1817-05,69.3,821,0
1817-06,68.5,822,0
1817-07,68.3,823,0
1817-08,65.8,824,0
1817-09,58.4,825,0
1817-10,54,826,0
1817-11,56.8,827,0
1817-12,58.8,828,0
1818-01,57,829,0
1818-02,54.6,830,0
1818-03,52.9,831,0
1818-04,52.6,832,0
1818-05,51.7,833,0
1818-06,50.3,834,0
1818-07,50,835,0
1818-08,49.7,836,0
1818-09,48.1,837,0
1818-10,45.6,838,0
1818-11,42.3,839,0
1818-12,39.9,840,0
1819-01,40,841,0
1819-02,39.9,842,0
1819-03,38.7,843,0
1819-04,37.6,844,0
1819-05,38.3,845,0
1819-06,39.6,846,0
1819-07,39,847,0
1819-08,38.5,848,0
1819-09,38.9,849,0
1819-10,38.9,850,0
1819-11,39.6,851,0
1819-12,38.6,852,0
1820-01,36.1,853,0
1820-02,35.3,854,0
1820-03,34.6,855,0
1820-04,32.7,856,0
1820-05,30.2,857,0
1820-06,27.5,858,0
1820-07,26.2,859,0
1820-08,24.8,860,0
1820-09,23.3,861,0
1820-10,22.7,862,0
1820-11,20,863,0
1820-12,17.5,864,0
1821-01,15.6,865,0
1821-02,12.9,866,0
1821-03,11.4,867,0
1821-04,12,868,0
1821-05,12.5,869,0
1821-06,11.6,870,0
1821-07,9.5,871,0
1821-08,7.8,872,0
1821-09,8.3,873,0
1821-10,9.3,874,0
1821-11,9.5,875,0
1821-12,9.8,876,0
1822-01,10.4,877,0
1822-02,10.6,878,0
1822-03,10.1,879,0
1822-04,8.5,880,0
1822-05,6.9,881,0
1822-06,6.6,882,0
1822-07,6.6,883,0
1822-08,6.5,884,0
1822-09,5.4,885,0
1822-10,3.4,886,0
1822-11,2.4,887,0
1822-12,1.9,888,0
1823-01,1,889,0
1823-02,0.3,890,0
1823-03,0.2,891,0
1823-04,0.2,892,0
1823-05,0.2,893,0
1823-06,1.6,894,0
1823-07,4.5,895,0
1823-08,6.7,896,0
1823-09,7.4,897,0
1823-10,8.7,898,0
1823-11,10.3,899,0
1823-12,10.5,900,0
1824-01,10.4,901,0
1824-02,10.5,902,0
1824-03,12,903,0
1824-04,15.2,904,0
1824-05,17,905,0
1824-06,15.6,906,0
1824-07,13.1,907,0
1824-08,12.3,908,0
1824-09,14.2,909,0
1824-10,14.6,910,0
1824-11,14.4,911,0
1824-12,16.4,912,0
1825-01,19.6,913,0
1825-02,23.4,914,0
1825-03,24.8,915,0
1825-04,23.8,916,0
1825-05,23.9,917,0
1825-06,26.2,918,0
1825-07,28.6,919,0
1825-08,29.6,920,0
1825-09,30.8,921,0
1825-10,33.2,922,0
1825-11,35.8,923,0
1825-12,38.4,924,0
1826-01,41.4,925,0
1826-02,43.9,926,0
1826-03,45.1,927,0
1826-04,47.8,928,0
1826-05,52.1,929,0
1826-06,57.2,930,0
1826-07,61.6,931,0
1826-08,64.8,932,0
1826-09,68.3,933,0
1826-10,71.3,934,0
1826-11,74.5,935,0
1826-12,77.5,936,0
1827-01,78.2,937,0
1827-02,78.5,938,0
1827-03,81.6,939,0
1827-04,84.1,940,0
1827-05,85,941,0
1827-06,84.1,942,0
1827-07,83.8,943,0
1827-08,86.3,944,0
1827-09,88,945,0
1827-10,89.5,946,0
1827-11,92.9,947,0
1827-12,98,948,0
1828-01,101.7,949,0
1828-02,104.1,950,0
1828-03,105.8,951,0
1828-04,105.7,952,0
1828-05,106.2,953,0
1828-06,106.9,954,0
1828-07,106.3,955,0
1828-08,104.6,956,0
1828-09,104,957,0
1828-10,106.9,958,0
1828-11,107.7,959,0
1828-12,104.5,960,0
1829-01,105.4,961,0
1829-02,108,962,0
1829-03,108.3,963,0
1829-04,108.6,964,0
1829-05,109.5,965,0
1829-06,110.9,966,0
1829-07,112.3,967,0
1829-08,114.5,968,0
1829-09,116.9,969,0
1829-10,118.5,970,0
1829-11,119.2,971,0
1829-12,118.6,972,0
1830-01,114.7,973,0
1830-02,109.5,974,0
1830-03,108.3,975,0
1830-04,110.9,976,0
1830-05,113.7,977,0
1830-06,116.4,978,0
1830-07,117.9,979,0
1830-08,116,980,0
1830-09,115.1,981,0
1830-10,112.1,982,0
1830-11,106.6,983,0
1830-12,102.4,984,0
1831-01,100.3,985,0
1831-02,100.7,986,0
1831-03,99.3,987,0
1831-04,95,988,0
1831-05,89.7,989,0
1831-06,83.4,990,0
1831-07,78.6,991,0
1831-08,77.8,992,0
1831-09,75.5,993,0
1831-10,70.9,994,0
1831-11,69.2,995,0
1831-12,69,996,0
1832-01,66.4,997,0
1832-02,61,998,0
1832-03,55.7,999,0
1832-04,51.9,1000,0
1832-05,48.1,1001,0
1832-06,46,1002,0
1832-07,44.5,1003,0
1832-08,40.3,1004,0
1832-09,34.5,1005,0
1832-10,29.8,1006,0
1832-11,26.2,1007,0
1832-12,22.4,1008,0
1833-01,20.1,1009,0
1833-02,19.4,1010,0
1833-03,19.5,1011,0
1833-04,18.7,1012,0
1833-05,17.2,1013,0
1833-06,15.4,1014,0
1833-07,13.8,1015,0
1833-08,13.5,1016,0
1833-09,13.2,1017,0
1833-10,12.6,1018,0
1833-11,12.2,1019,0
1833-12,12.4,1020,0
1834-01,13,1021,0
1834-02,13,1022,0
1834-03,12.9,1023,0
1834-04,14.1,1024,0
1834-05,17,1025,0
1834-06,20.4,1026,0
1834-07,22.3,1027,0
1834-08,22.9,1028,0
1834-09,24.4,1029,0
1834-10,29.7,1030,0
1834-11,36.2,1031,0
1834-12,40.4,1032,0
1835-01,45.7,1033,0
1835-02,53.1,1034,0
1835-03,63.1,1035,0
1835-04,74.2,1036,0
1835-05,83.9,1037,0
1835-06,91.7,1038,0
1835-07,100.4,1039,0
1835-08,111.8,1040,0
1835-09,123,1041,0
1835-10,134.1,1042,0
1835-11,144.5,1043,0
1835-12,155.6,1044,0
1836-01,165.9,1045,0
1836-02,173.2,1046,0
1836-03,176.2,1047,0
1836-04,178.7,1048,0
1836-05,183.1,1049,0
1836-06,193.5,1050,0
1836-07,209.3,1051,0
1836-08,221,1052,0
1836-09,228.2,1053,0
1836-10,230.4,1054,0
1836-11,230.1,1055,0
1836-12,232.4,1056,0
1837-01,237.9,1057,0
1837-02,243,1058,0
1837-03,244.9,1059,0
1837-04,244,1060,0
1837-05,242.1,1061,0
1837-06,235.8,1062,0
1837-07,227.5,1063,0
1837-08,218.2,1064,0
1837-09,212.3,1065,0
1837-10,211.9,1066,0
1837-11,212.9,1067,0
1837-12,210.3,1068,0
1838-01,202.1,1069,0
1838-02,194.5,1070,0
1838-03,189.1,1071,0
1838-04,185.3,1072,0
1838-05,180.9,1073,0
1838-06,175.4,1074,0
1838-07,169.2,1075,0
1838-08,167.7,1076,0
1838-09,164.6,1077,0
1838-10,155.7,1078,0
1838-11,145.4,1079,0
1838-12,136.8,1080,0
1839-01,132.4,1081,0
1839-02,134.4,1082,0
1839-03,142.1,1083,0
1839-04,146.2,1084,0
1839-05,145.6,1085,0
1839-06,143.9,1086,0
1839-07,141.1,1087,0
1839-08,138.4,1088,0
1839-09,136.7,1089,0
1839-10,136.3,1090,0
1839-11,137.6,1091,0
1839-12,138.3,1092,0
1840-01,136.2,1093,0
1840-02,129.4,1094,0
1840-03,120.2,1095,0
1840-04,113.6,1096,0
1840-05,110.1,1097,0
1840-06,108.4,1098,0
1840-07,103.8,1099,0
1840-08,95.8,1100,0
1840-09,89.1,1101,0
1840-10,84.7,1102,0
1840-11,82.8,1103,0
1840-12,83.2,1104,0
1841-01,81.6,1105,0
1841-02,78.2,1106,0
1841-03,74.4,1107,0
1841-04,69.9,1108,0
1841-05,65.7,1109,0
1841-06,62.2,1110,0
1841-07,61,1111,0
1841-08,60.2,1112,0
1841-09,59,1113,0
1841-10,57.6,1114,0
1841-11,53.7,1115,0
1841-12,48.3,1116,0
1842-01,44.6,1117,0
1842-02,42.4,1118,0
1842-03,40.3,1119,0
1842-04,39.7,1120,0
1842-05,41.8,1121,0
1842-06,41.8,1122,0
1842-07,39.8,1123,0
1842-08,38,1124,0
1842-09,35.8,1125,0
1842-10,33.7,1126,0
1842-11,32.2,1127,0
1842-12,31.3,1128,0
1843-01,30.4,1129,0
1843-02,29.1,1130,0
1843-03,27.1,1131,0
1843-04,23.8,1132,0
1843-05,20.1,1133,0
1843-06,18.2,1134,0
1843-07,17.6,1135,0
1843-08,18.1,1136,0
1843-09,19.3,1137,0
1843-10,20.4,1138,0
1843-11,20.5,1139,0
1843-12,19.4,1140,0
1844-01,19.7,1141,0
1844-02,21.4,1142,0
1844-03,22.4,1143,0
1844-04,23.7,1144,0
1844-05,24.3,1145,0
1844-06,24.3,1146,0
1844-07,26,1147,0
1844-08,29.2,1148,0
1844-09,33.3,1149,0
1844-10,37.9,1150,0
1844-11,42.9,1151,0
1844-12,47.3,1152,0
1845-01,49.9,1153,0
1845-02,51.1,1154,0
1845-03,53.3,1155,0
1845-04,56.2,1156,0
1845-05,59.5,1157,0
1845-06,64.1,1158,0
1845-07,67.7,1159,0
1845-08,69.1,1160,0
1845-09,71,1161,0
1845-10,73.3,1162,0
1845-11,75,1163,0
1845-12,78.2,1164,0
1846-01,81.7,1165,0
1846-02,84.4,1166,0
1846-03,91.3,1167,0
1846-04,97.8,1168,0
1846-05,100.3,1169,0
1846-06,102.1,1170,0
1846-07,104.2,1171,0
1846-08,105.4,1172,0
1846-09,106.5,1173,0
1846-10,106.3,1174,0
1846-11,105.7,1175,0
1846-12,108.2,1176,0
1847-01,110,1177,0
1847-02,116.4,1178,0
1847-03,126.1,1179,0
1847-04,138.4,1180,0
1847-05,152.5,1181,0
1847-06,161,1182,0
1847-07,170.8,1183,0
1847-08,182.1,1184,0
1847-09,188.4,1185,0
1847-10,194.3,1186,0
1847-11,200.5,1187,0
1847-12,205.4,1188,0
1848-01,214.5,1189,0
1848-02,219.9,1190,0
1848-03,215.2,1191,0
1848-04,207.6,1192,0
1848-05,202.6,1193,0
1848-06,204.4,1194,0
1848-07,209.2,1195,0
1848-08,213.3,1196,0
1848-09,216,1197,0
1848-10,216.7,1198,0
1848-11,216.7,1199,0
1848-12,213.4,1200,0
1849-01,207.4,1201,0
1849-02,200.1,1202,0
1849-03,196.7,1203,0
1849-04,193.6,1204,0
1849-05,189.9,1205,0
1849-06,186.4,1206,0
1849-07,176.8,1207,0
1849-08,167.2,1208,0
1849-09,162.7,1209,0
1849-10,157,1210,0
1849-11,150.9,1211,0
1849-12,148.5,1212,0
1850-01,144.6,1213,0
1850-02,141,1214,0
1850-03,139.9,1215,0
1850-04,139.3,1216,0
1850-05,135.7,1217,0
1850-06,129.4,1218,0
1850-07,126.3,1219,0
1850-08,127.4,1220,0
1850-09,127.3,1221,0
1850-10,126.8,1222,0
1850-11,127.9,1223,0
1850-12,127.4,1224,0
1851-01,126.6,1225,0
1851-02,126.1,1226,0
1851-03,124.3,1227,0
1851-04,122.2,1228,0
1851-05,121.2,1229,0
1851-06,121.7,1230,0
1851-07,121.9,1231,0
1851-08,118.3,1232,0
1851-09,114.9,1233,0
1851-10,115.4,1234,0
1851-11,115.5,1235,0
1851-12,113.6,1236,0
1852-01,112.8,1237,0
1852-02,111.8,1238,0
1852-03,108,1239,0
1852-04,106,1240,0
1852-05,106.6,1241,0
1852-06,104.8,1242,0
1852-07,100.6,1243,0
1852-08,96.6,1244,0
1852-09,92.9,1245,0
1852-10,89.6,1246,0
1852-11,86.6,1247,0
1852-12,84.5,1248,0
1853-01,84.2,1249,0
1853-02,85.4,1250,0
1853-03,85.9,1251,0
1853-04,83.6,1252,0
1853-05,79.6,1253,0
1853-06,75.9,1254,0
1853-07,72.1,1255,0
1853-08,68.3,1256,0
1853-09,65.1,1257,0
1853-10,62.1,1258,0
1853-11,59.6,1259,0
1853-12,57.3,1260,0
1854-01,53.6,1261,0
1854-02,48.7,1262,0
1854-03,45.1,1263,0
1854-04,41.9,1264,0
1854-05,39.5,1265,0
1854-06,39.3,1266,0
1854-07,38.9,1267,0
1854-08,38,1268,0
1854-09,37,1269,0
1854-10,35,1270,0
1854-11,32.1,1271,0
1854-12,29.6,1272,0
1855-01,26.9,1273,0
1855-02,24.5,1274,0
1855-03,21.7,1275,0
1855-04,19.7,1276,0
1855-05,17.5,1277,0
1855-06,14.2,1278,0
1855-07,11.8,1279,0
1855-08,10.3,1280,0
1855-09,8.5,1281,0
1855-10,7.3,1282,0
1855-11,6.7,1283,0
1855-12,6,1284,0
1856-01,6.3,1285,0
1856-02,6.9,1286,0
1856-03,7.5,1287,0
1856-04,7.4,1288,0
1856-05,7.3,1289,0
1856-06,7.9,1290,0
1856-07,9.3,1291,0
1856-08,10.5,1292,0
1856-09,11.1,1293,0
1856-10,11.8,1294,0
1856-11,14.5,1295,0
1856-12,17.6,1296,0
1857-01,19.8,1297,0
1857-02,22.1,1298,0
1857-03,26,1299,0
1857-04,31.8,1300,0
1857-05,36.6,1301,0
1857-06,40.8,1302,0
1857-07,45.2,1303,0
1857-08,49.4,1304,0
1857-09,55.7,1305,0
1857-10,62,1306,0
1857-11,65.1,1307,0
1857-12,68.4,1308,0
1858-01,73.4,1309,0
1858-02,79.1,1310,0
1858-03,85.2,1311,0
1858-04,92.2,1312,0
1858-05,97.8,1313,0
1858-06,101.8,1314,0
1858-07,107.6,1315,0
1858-08,115.3,1316,0
1858-09,122.1,1317,0
1858-10,128.5,1318,0
1858-11,136.1,1319,0
1858-12,143.4,1320,0
1859-01,149.8,1321,0
1859-02,157,1322,0
1859-03,163.1,1323,0
1859-04,167,1324,0
1859-05,172.4,1325,0
1859-06,177.1,1326,0
1859-07,178.1,1327,0
1859-08,178.1,1328,0
1859-09,178.8,1329,0
1859-10,178.4,1330,0
1859-11,178.5,1331,0
1859-12,181.5,1332,0
1860-01,185,1333,0
1860-02,186.2,1334,0
1860-03,184.6,1335,0
1860-04,181.5,1336,0
1860-05,179.7,1337,0
1860-06,180.9,1338,0
1860-07,180.4,1339,0
1860-08,178,1340,0
1860-09,177.3,1341,0
1860-10,179.6,1342,0
1860-11,177.8,1343,0
1860-12,172.2,1344,0
1861-01,167.5,1345,0
1861-02,163,1346,0
1861-03,160.6,1347,0
1861-04,157.9,1348,0
1861-05,152.6,1349,0
1861-06,147.8,1350,0
1861-07,146.7,1351,0
1861-08,145.7,1352,0
1861-09,140.1,1353,0
1861-10,132,1354,0
1861-11,129.1,1355,0
1861-12,129.4,1356,0
1862-01,128.7,1357,0
1862-02,126.7,1358,0
1862-03,124.1,1359,0
1862-04,121,1360,0
1862-05,118.8,1361,0
1862-06,115.4,1362,0
1862-07,111.1,1363,0
1862-08,109.3,1364,0
1862-09,110.5,1365,0
1862-10,111.3,1366,0
1862-11,109.4,1367,0
1862-12,105.1,1368,0
1863-01,98.5,1369,0
1863-02,94.1,1370,0
1863-03,89.4,1371,0
1863-04,85.7,1372,0
1863-05,84.5,1373,0
1863-06,83.5,1374,0
1863-07,84.3,1375,0
1863-08,84.3,1376,0
1863-09,83.5,1377,0
1863-10,83.1,1378,0
1863-11,81.7,1379,0
1863-12,82,1380,0
1864-01,85.1,1381,0
1864-02,87.4,1382,0
1864-03,88.5,1383,0
1864-04,88.5,1384,0
1864-05,89.6,1385,0
1864-06,90.2,1386,0
1864-07,88.5,1387,0
1864-08,87.1,1388,0
1864-09,84.4,1389,0
1864-10,81.8,1390,0
1864-11,80.8,1391,0
1864-12,78.4,1392,0
1865-01,74.3,1393,0
1865-02,70.7,1394,0
1865-03,68.8,1395,0
1865-04,66.9,1396,0
1865-05,63,1397,0
1865-06,59.1,1398,0
1865-07,56.5,1399,0
1865-08,55.1,1400,0
1865-09,53.8,1401,0
1865-10,51.7,1402,0
1865-11,49.1,1403,0
1865-12,46,1404,0
1866-01,43.3,1405,0
1866-02,39.9,1406,0
1866-03,36.8,1407,0
1866-04,35.4,1408,0
1866-05,34,1409,0
1866-06,31.9,1410,0
1866-07,28.5,1411,0
1866-08,23,1412,0
1866-09,18.8,1413,0
1866-10,16.6,1414,0
1866-11,14.8,1415,0
1866-12,12.8,1416,0
1867-01,11.3,1417,0
1867-02,10.3,1418,0
1867-03,9.9,1419,0
1867-04,10,1420,0
1867-05,10,1421,0
1867-06,11.9,1422,0
1867-07,14.9,1423,0
1867-08,17,1424,0
1867-09,19.1,1425,0
1867-10,22.4,1426,0
1867-11,26.2,1427,0
1867-12,29.8,1428,0
1868-01,33.5,1429,0
1868-02,37.1,1430,0
1868-03,41.6,1431,0
1868-04,47.3,1432,0
1868-05,53.9,1433,0
1868-06,60,1434,0
1868-07,65.8,1435,0
1868-08,72.1,1436,0
1868-09,77,1437,0
1868-10,79.1,1438,0
1868-11,84.8,1439,0
1868-12,95.5,1440,0
1869-01,103,1441,0
1869-02,108.2,1442,0
1869-03,113.7,1443,0
1869-04,115.9,1444,0
1869-05,117,1445,0
1869-06,120.9,1446,0
1869-07,124.6,1447,0
1869-08,129.5,1448,0
1869-09,140.7,1449,0
1869-10,156.2,1450,0
1869-11,169.5,1451,0
1869-12,176.4,1452,0
1870-01,183.4,1453,0
1870-02,193.6,1454,0
1870-03,202.6,1455,0
1870-04,212.5,1456,0
1870-05,223.4,1457,0
1870-06,230,1458,0
1870-07,232.5,1459,0
1870-08,234,1460,0
1870-09,233.7,1461,0
1870-10,232.9,1462,0
1870-11,231,1463,0
1870-12,225.8,1464,0
1871-01,220.7,1465,0
1871-02,215.6,1466,0
1871-03,208.7,1467,0
1871-04,200.8,1468,0
1871-05,193.9,1469,0
1871-06,188.2,1470,0
1871-07,184.9,1471,0
1871-08,183.9,1472,0
1871-09,179.7,1473,0
1871-10,171.8,1474,0
1871-11,164.9,1475,0
1871-12,163.6,1476,0
1872-01,165,1477,0
1872-02,164,1478,0
1872-03,165.2,1479,0
1872-04,168.5,1480,0
1872-05,169.9,1481,0
1872-06,169.9,1482,0
1872-07,170,1483,0
1872-08,169.6,1484,0
1872-09,169.3,1485,0
1872-10,168.2,1486,0
1872-11,162.3,1487,0
1872-12,153.6,1488,0
1873-01,146.4,1489,0
1873-02,142,1490,0
1873-03,135.6,1491,0
1873-04,127.1,1492,0
1873-05,119.3,1493,0
1873-06,112.9,1494,0
1873-07,108.7,1495,0
1873-08,103.9,1496,0
1873-09,97.4,1497,0
1873-10,90.7,1498,0
1873-11,87.4,1499,0
1873-12,86.7,1500,0
1874-01,86.3,1501,0
1874-02,85.9,1502,0
1874-03,84.1,1503,0
1874-04,81.9,1504,0
1874-05,79.2,1505,0
1874-06,75.9,1506,0
1874-07,71.3,1507,0
1874-08,65.2,1508,0
1874-09,61.3,1509,0
1874-10,60.2,1510,0
1874-11,57.7,1511,0
1874-12,54.4,1512,0
1875-01,49.6,1513,0
1875-02,42.5,1514,0
1875-03,37.5,1515,0
1875-04,34.2,1516,0
1875-05,31.9,1517,0
1875-06,29.8,1518,0
1875-07,28.4,1519,0
1875-08,27.9,1520,0
1875-09,27.3,1521,0
1875-10,25.2,1522,0
1875-11,22.9,1523,0
1875-12,20.9,1524,0
1876-01,19.5,1525,0
1876-02,19.3,1526,0
1876-03,19.4,1527,0
1876-04,20.1,1528,0
1876-05,19.6,1529,0
1876-06,19,1530,0
1876-07,19.5,1531,0
1876-08,19.8,1532,0
1876-09,18.1,1533,0
1876-10,17.7,1534,0
1876-11,19.8,1535,0
1876-12,21.8,1536,0
1877-01,22,1537,0
1877-02,21.2,1538,0
1877-03,21.5,1539,0
1877-04,21.4,1540,0
1877-05,21.2,1541,0
1877-06,21.1,1542,0
1877-07,19.2,1543,0
1877-08,17.6,1544,0
1877-09,17.2,1545,0
1877-10,15.8,1546,0
1877-11,13.6,1547,0
1877-12,12,1548,0
1878-01,11,1549,0
1878-02,10.2,1550,0
1878-03,8.9,1551,0
1878-04,7.8,1552,0
1878-05,6.7,1553,0
1878-06,5.9,1554,0
1878-07,5.6,1555,0
1878-08,5,1556,0
1878-09,4,1557,0
1878-10,3.9,1558,0
1878-11,4.1,1559,0
1878-12,3.7,1560,0
1879-01,4.1,1561,0
1879-02,5.4,1562,0
1879-03,6.2,1563,0
1879-04,7,1564,0
1879-05,8.4,1565,0
1879-06,9.5,1566,0
1879-07,11.6,1567,0
1879-08,15.1,1568,0
1879-09,18.3,1569,0
1879-10,20.5,1570,0
1879-11,22.9,1571,0
1879-12,26.4,1572,0
1880-01,29.4,1573,0
1880-02,33,1574,0
1880-03,39.8,1575,0
1880-04,46.1,1576,0
1880-05,49.4,1577,0
1880-06,52.2,1578,0
1880-07,54.6,1579,0
1880-08,57.3,1580,0
1880-09,61.3,1581,0
1880-10,65.8,1582,0
1880-11,69.4,1583,0
1880-12,72.6,1584,0
1881-01,78.3,1585,0
1881-02,82.8,1586,0
1881-03,82.6,1587,0
1881-04,83.2,1588,0
1881-05,86.4,1589,0
1881-06,89.3,1590,0
1881-07,91.1,1591,0
1881-08,92.8,1592,0
1881-09,95.1,1593,0
1881-10,99.2,1594,0
1881-11,103.7,1595,0
1881-12,104.1,1596,0
1882-01,100.8,1597,0
1882-02,97.4,1598,0
1882-03,96.5,1599,0
1882-04,96.4,1600,0
1882-05,98.1,1601,0
1882-06,99.8,1602,0
1882-07,100.5,1603,0
1882-08,100,1604,0
1882-09,96.7,1605,0
1882-10,94.1,1606,0
1882-11,90.9,1607,0
1882-12,90.8,1608,0
1883-01,95.4,1609,0
1883-02,98.2,1610,0
1883-03,98.2,1611,0
1883-04,99.6,1612,0
1883-05,101.3,1613,0
1883-06,103.7,1614,0
1883-07,108.2,1615,0
1883-08,113.1,1616,0
1883-09,119,1617,0
1883-10,121.7,1618,0
1883-11,123.7,1619,0
1883-12,124.4,1620,0
1884-01,120.8,1621,0
1884-02,119.5,1622,0
1884-03,120.9,1623,0
1884-04,119,1624,0
1884-05,113.2,1625,0
1884-06,107.8,1626,0
1884-07,102.5,1627,0
1884-08,98,1628,0
1884-09,94.4,1629,0
1884-10,90.3,1630,0
1884-11,89.3,1631,0
1884-12,92,1632,0
1885-01,95.1,1633,0
1885-02,95.7,1634,0
1885-03,93.7,1635,0
1885-04,91.6,1636,0
1885-05,90.5,1637,0
1885-06,88.4,1638,0
1885-07,85.7,1639,0
1885-08,81.6,1640,0
1885-09,79,1641,0
1885-10,78.7,1642,0
1885-11,75,1643,0
1885-12,68.2,1644,0
1886-01,61.7,1645,0
1886-02,56.9,1646,0
1886-03,53.3,1647,0
1886-04,50,1648,0
1886-05,45.7,1649,0
1886-06,43,1650,0
1886-07,41,1651,0
1886-08,38.8,1652,0
1886-09,34.2,1653,0
1886-10,28,1654,0
1886-11,24.7,1655,0
1886-12,23.1,1656,0
1887-01,21.9,1657,0
1887-02,21.7,1658,0
1887-03,21,1659,0
1887-04,19.9,1660,0
1887-05,20.2,1661,0
1887-06,21.2,1662,0
1887-07,21.9,1663,0
1887-08,21.7,1664,0
1887-09,21.5,1665,0
1887-10,21.6,1666,0
1887-11,20.6,1667,0
1887-12,19.1,1668,0
1888-01,17.1,1669,0
1888-02,14.4,1670,0
1888-03,13.2,1671,0
1888-04,13,1672,0
1888-05,12.9,1673,0
1888-06,12.2,1674,0
1888-07,10.4,1675,0
1888-08,9.7,1676,0
1888-09,9.7,1677,0
1888-10,9.5,1678,0
1888-11,9.2,1679,0
1888-12,8.8,1680,0
1889-01,9.2,1681,0
1889-02,10.9,1682,0
1889-03,12,1683,0
1889-04,11.8,1684,0
1889-05,11.1,1685,0
1889-06,10.4,1686,0
1889-07,10.7,1687,0
1889-08,10.5,1688,0
1889-09,9.8,1689,0
1889-10,9.5,1690,0
1889-11,9.5,1691,0
1889-12,9.3,1692,0
1890-01,9.1,1693,0
1890-02,8.4,1694,0
1890-03,8.3,1695,0
1890-04,9.7,1696,0
1890-05,10.9,1697,0
1890-06,11.7,1698,0
1890-07,12.3,1699,0
1890-08,14.4,1700,0
1890-09,16.2,1701,0
1890-10,17.9,1702,0
1890-11,21.7,1703,0
1890-12,27.5,1704,0
1891-01,34.1,1705,0
1891-02,39,1706,0
1891-03,43.3,1707,0
1891-04,48.7,1708,0
1891-05,53.7,1709,0
1891-06,57.7,1710,0
1891-07,63.2,1711,0
1891-08,70.8,1712,0
1891-09,77.3,1713,0
1891-10,83.5,1714,0
1891-11,89.5,1715,0
1891-12,94.2,1716,0
1892-01,97.4,1717,0
1892-02,103.3,1718,0
1892-03,108.7,1719,0
1892-04,110.6,1720,0
1892-05,113.6,1721,0
1892-06,118.4,1722,0
1892-07,122,1723,0
1892-08,122.2,1724,0
1892-09,123.1,1725,0
1892-10,125.5,1726,0
1892-11,127.2,1727,0
1892-12,128.5,1728,0
1893-01,130.2,1729,0
1893-02,133,1730,0
1893-03,136,1731,0
1893-04,137.7,1732,0
1893-05,139,1733,0
1893-06,140.8,1734,0
1893-07,142.4,1735,0
1893-08,143.8,1736,0
1893-09,143.6,1737,0
1893-10,142.3,1738,0
1893-11,142.9,1739,0
1893-12,144.7,1740,0
1894-01,146.5,1741,0
1894-02,143.7,1742,0
1894-03,138.7,1743,0
1894-04,137.6,1744,0
1894-05,136,1745,0
1894-06,132.4,1746,0
1894-07,128.6,1747,0
1894-08,126,1748,0
1894-09,125.4,1749,0
1894-10,125.7,1750,0
1894-11,123,1751,0
1894-12,118.8,1752,0
1895-01,112.8,1753,0
1895-02,108.7,1754,0
1895-03,108,1755,0
1895-04,106.9,1756,0
1895-05,105.8,1757,0
1895-06,105.9,1758,0
1895-07,104.2,1759,0
1895-08,101.2,1760,0
1895-09,99.9,1761,0
1895-10,96.9,1762,0
1895-11,91.9,1763,0
1895-12,87.5,1764,0
1896-01,85.8,1765,0
1896-02,82.7,1766,0
1896-03,80.1,1767,0
1896-04,77.6,1768,0
1896-05,74.2,1769,0
1896-06,71.7,1770,0
1896-07,70.5,1771,0
1896-08,69.4,1772,0
1896-09,65.8,1773,0
1896-10,63.4,1774,0
1896-11,62,1775,0
1896-12,58.8,1776,0
1897-01,55,1777,0
1897-02,53.4,1778,0
1897-03,52.1,1779,0
1897-04,50.2,1780,0
1897-05,47.1,1781,0
1897-06,44.4,1782,0
1897-07,43.1,1783,0
1897-08,42.8,1784,0
1897-09,44,1785,0
1897-10,43.5,1786,0
1897-11,42.7,1787,0
1897-12,43.9,1788,0
1898-01,43.3,1789,0
1898-02,42.7,1790,0
1898-03,42.4,1791,0
1898-04,42.9,1792,0
1898-05,45.8,1793,0
1898-06,46,1794,0
1898-07,43.8,1795,0
1898-08,41.2,1796,0
1898-09,37.9,1797,0
1898-10,36.4,1798,0
1898-11,35.2,1799,0
1898-12,33.8,1800,0
1899-01,34,1801,0
1899-02,32.3,1802,0
1899-03,28.5,1803,0
1899-04,25.2,1804,0
1899-05,22.1,1805,0
1899-06,20.3,1806,0
1899-07,19.5,1807,0
1899-08,19.1,1808,0
1899-09,18.8,1809,0
1899-10,18.2,1810,0
1899-11,18.9,1811,0
1899-12,18.8,1812,0
1900-01,17.9,1813,0
1900-02,17.6,1814,0
1900-03,17.7,1815,0
1900-04,17.7,1816,0
1900-05,17.5,1817,0
1900-06,16.5,1818,0
1900-07,15.2,1819,0
1900-08,13.7,1820,0
1900-09,12.7,1821,0
1900-10,11.3,1822,0
1900-11,9.8,1823,0
1900-12,9,1824,0
1901-01,8.1,1825,0
1901-02,7.3,1826,0
1901-03,6.5,1827,0
1901-04,5.4,1828,0
1901-05,4.7,1829,0
1901-06,4.6,1830,0
1901-07,5,1831,0
1901-08,5.2,1832,0
1901-09,5.5,1833,0
1901-10,6.1,1834,0
1901-11,5.6,1835,0
1901-12,4.8,1836,0
1902-01,4.5,1837,0
1902-02,4.6,1838,0
1902-03,5.2,1839,0
1902-04,6.5,1840,0
1902-05,7.8,1841,0
1902-06,8.4,1842,0
1902-07,8.6,1843,0
1902-08,10,1844,0
1902-09,11.3,1845,0
1902-10,13.1,1846,0
1902-11,15.8,1847,0
1902-12,17.6,1848,0
1903-01,20.5,1849,0
1903-02,24.2,1850,0
1903-03,26.3,1851,0
1903-04,28.1,1852,0
1903-05,32.1,1853,0
1903-06,37.6,1854,0
1903-07,42.3,1855,0
1903-08,44.4,1856,0
1903-09,46.6,1857,0
1903-10,49.4,1858,0
1903-11,52.3,1859,0
1903-12,55.8,1860,0
1904-01,59.1,1861,0
1904-02,62.7,1862,0
1904-03,66.1,1863,0
1904-04,68.5,1864,0
1904-05,69.1,1865,0
1904-06,69.3,1866,0
1904-07,71.5,1867,0
1904-08,77.4,1868,0
1904-09,83,1869,0
1904-10,84.1,1870,0
1904-11,84.4,1871,0
1904-12,85.5,1872,0
1905-01,87.6,1873,0
1905-02,89.1,1874,0
1905-03,90.9,1875,0
1905-04,94.4,1876,0
1905-05,100.9,1877,0
1905-06,105.7,1878,0
1905-07,105.1,1879,0
1905-08,100.7,1880,0
1905-09,97.5,1881,0
1905-10,99.1,1882,0
1905-11,100.9,1883,0
1905-12,102.6,1884,0
1906-01,105.7,1885,0
1906-02,107.1,1886,0
1906-03,106.4,1887,0
1906-04,102.2,1888,0
1906-05,93.2,1889,0
1906-06,89.1,1890,0
1906-07,91.9,1891,0
1906-08,99.4,1892,0
1906-09,104.5,1893,0
1906-10,104,1894,0
1906-11,102.8,1895,0
1906-12,100.2,1896,0
1907-01,94.9,1897,0
1907-02,91.6,1898,0
1907-03,94,1899,0
1907-04,99.4,1900,0
1907-05,104.2,1901,0
1907-06,104.6,1902,0
1907-07,100.8,1903,0
1907-08,93.1,1904,0
1907-09,85.7,1905,0
1907-10,83.8,1906,0
1907-11,84,1907,0
1907-12,84.4,1908,0
1908-01,84.3,1909,0
1908-02,86.1,1910,0
1908-03,88.7,1911,0
1908-04,86.6,1912,0
1908-05,83.1,1913,0
1908-06,81.5,1914,0
1908-07,82.2,1915,0
1908-08,84.3,1916,0
1908-09,87.8,1917,0
1908-10,88.6,1918,0
1908-11,86.5,1919,0
1908-12,84.4,1920,0
1909-01,82.4,1921,0
1909-02,77.4,1922,0
1909-03,69.4,1923,0
1909-04,67.9,1924,0
1909-05,70.4,1925,0
1909-06,72.1,1926,0
1909-07,71,1927,0
1909-08,67.9,1928,0
1909-09,63.7,1929,0
1909-10,58.9,1930,0
1909-11,56.3,1931,0
1909-12,54.6,1932,0
1910-01,52.4,1933,0
1910-02,50.1,1934,0
1910-03,48.4,1935,0
1910-04,46.2,1936,0
1910-05,41.2,1937,0
1910-06,34.4,1938,0
1910-07,29.4,1939,0
1910-08,26.2,1940,0
1910-09,23.7,1941,0
1910-10,23.3,1942,0
1910-11,23,1943,0
1910-12,21.4,1944,0
1911-01,20,1945,0
1911-02,18.7,1946,0
1911-03,16.6,1947,0
1911-04,12.6,1948,0
1911-05,10.1,1949,0
1911-06,9.8,1950,0
1911-07,9.3,1951,0
1911-08,8.5,1952,0
1911-09,7.7,1953,0
1911-10,6.6,1954,0
1911-11,5.5,1955,0
1911-12,5.3,1956,0
1912-01,5.4,1957,0
1912-02,5.1,1958,0
1912-03,5.2,1959,0
1912-04,5.7,1960,0
1912-05,5.6,1961,0
1912-06,5.7,1962,0
1912-07,6.1,1963,0
1912-08,6.5,1964,0
1912-09,6.4,1965,0
1912-10,5.8,1966,0
1912-11,5.2,1967,0
1912-12,4.7,1968,0
1913-01,4.3,1969,0
1913-02,4.2,1970,0
1913-03,3.6,1971,0
1913-04,2.9,1972,0
1913-05,2.8,1973,0
1913-06,2.6,1974,0
1913-07,2.5,1975,0
1913-08,2.5,1976,0
1913-09,2.6,1977,0
1913-10,4,1978,0
1913-11,5.5,1979,0
1913-12,6.6,1980,0
1914-01,7.7,1981,0
1914-02,8.5,1982,0
1914-03,9.8,1983,0
1914-04,10.9,1984,0
1914-05,12.4,1985,0
1914-06,14.8,1986,0
1914-07,17.5,1987,0
1914-08,21.6,1988,0
1914-09,26.8,1989,0
1914-10,31,1990,0
1914-11,34.6,1991,0
1914-12,40.5,1992,0
1915-01,49.1,1993,0
1915-02,58,1994,0
1915-03,64.8,1995,0
1915-04,70.5,1996,0
1915-05,75.5,1997,0
1915-06,78.1,1998,0
1915-07,80.5,1999,0
1915-08,83,2000,0
1915-09,85.8,2001,0
1915-10,89.9,2002,0
1915-11,94.9,2003,0
1915-12,97.7,2004,0
1916-01,96.4,2005,0
1916-02,92.7,2006,0
1916-03,90,2007,0
1916-04,89.5,2008,0
1916-05,91,2009,0
1916-06,93.9,2010,0
1916-07,97.2,2011,0
1916-08,100.4,2012,0
1916-09,103.4,2013,0
1916-10,105.6,2014,0
1916-11,108.5,2015,0
1916-12,114.6,2016,0
1917-01,122.4,2017,0
1917-02,135.3,2018,0
1917-03,149.5,2019,0
1917-04,156.8,2020,0
1917-05,160.4,2021,0
1917-06,167.9,2022,0
1917-07,174.7,2023,0
1917-08,175.7,2024,0
1917-09,173.6,2025,0
1917-10,172.5,2026,0
1917-11,170.3,2027,0
1917-12,163.8,2028,0
1918-01,159.1,2029,0
1918-02,154.6,2030,0
1918-03,147.5,2031,0
1918-04,145,2032,0
1918-05,145,2033,0
1918-06,139.2,2034,0
1918-07,131,2035,0
1918-08,128.6,2036,0
1918-09,129.2,2037,0
1918-10,126.9,2038,0
1918-11,125.7,2039,0
1918-12,130,2040,0
1919-01,130.6,2041,0
1919-02,125.4,2042,0
1919-03,121.4,2043,0
1919-04,117.4,2044,0
1919-05,112.3,2045,0
1919-06,107.7,2046,0
1919-07,106.2,2047,0
1919-08,104.6,2048,0
1919-09,103.1,2049,0
1919-10,100.8,2050,0
1919-11,94.4,2051,0
1919-12,85.6,2052,0
1920-01,78,2053,0
1920-02,71.9,2054,0
1920-03,67.2,2055,0
1920-04,65.7,2056,0
1920-05,64.4,2057,0
1920-06,63.1,2058,0
1920-07,61.3,2059,0
1920-08,58.2,2060,0
1920-09,53.4,2061,0
1920-10,51.6,2062,0
1920-11,52.1,2063,0
1920-12,51,2064,0
1921-01,51.6,2065,0
1921-02,52.9,2066,0
1921-03,51.8,2067,0
1921-04,48.3,2068,0
1921-05,45.5,2069,0
1921-06,44.2,2070,0
1921-07,42.2,2071,0
1921-08,40.7,2072,0
1921-09,42.5,2073,0
1921-10,42.9,2074,0
1921-11,40.5,2075,0
1921-12,37.6,2076,0
1922-01,33.5,2077,0
1922-02,30.2,2078,0
1922-03,28.2,2079,0
1922-04,26.4,2080,0
1922-05,24.9,2081,0
1922-06,24,2082,0
1922-07,23.2,2083,0
1922-08,21,2084,0
1922-09,15.7,2085,0
1922-10,11.8,2086,0
1922-11,11.1,2087,0
1922-12,11,2088,0
1923-01,10.7,2089,0
1923-02,9.8,2090,0
1923-03,10,2091,0
1923-04,10.9,2092,0
1923-05,11.5,2093,0
1923-06,10.7,2094,0
1923-07,9.4,2095,0
1923-08,9.4,2096,0
1923-09,9.5,2097,0
1923-10,9.8,2098,0
1923-11,11.3,2099,0
1923-12,13.6,2100,0
1924-01,16.3,2101,0
1924-02,19.3,2102,0
1924-03,21.5,2103,0
1924-04,23.3,2104,0
1924-05,25.1,2105,0
1924-06,26.9,2106,0
1924-07,28.2,2107,0
1924-08,29.8,2108,0
1924-09,32.2,2109,0
1924-10,34.7,2110,0
1924-11,37.7,2111,0
1924-12,40.8,2112,0
1925-01,43.2,2113,0
1925-02,45.2,2114,0
1925-03,48.9,2115,0
1925-04,54.4,2116,0
1925-05,59.9,2117,0
1925-06,68.2,2118,0
1925-07,78.5,2119,0
1925-08,86.3,2120,0
1925-09,92.6,2121,0
1925-10,96.2,2122,0
1925-11,98.2,2123,0
1925-12,101.4,2124,0
1926-01,104.2,2125,0
1926-02,106.8,2126,0
1926-03,108.5,2127,0
1926-04,108.7,2128,0
1926-05,109,2129,0
1926-06,107.8,2130,0
1926-07,107.2,2131,0
1926-08,109.4,2132,0
1926-09,111.6,2133,0
1926-10,115.9,2134,0
1926-11,120.7,2135,0
1926-12,120.8,2136,0
1927-01,120,2137,0
1927-02,119.6,2138,0
1927-03,119.6,2139,0
1927-04,119.5,2140,0
1927-05,119.4,2141,0
1927-06,117.5,2142,0
1927-07,115.2,2143,0
1927-08,114,2144,0
1927-09,113.7,2145,0
1927-10,113.9,2146,0
1927-11,112.9,2147,0
1927-12,115,2148,0
1928-01,120.2,2149,0
1928-02,125.3,2150,0
1928-03,128.9,2151,0
1928-04,130.2,2152,0
1928-05,128.9,2153,0
1928-06,128.7,2154,0
1928-07,128.7,2155,0
1928-08,126.9,2156,0
1928-09,123.7,2157,0
1928-10,119.4,2158,0
1928-11,116.1,2159,0
1928-12,113.5,2160,0
1929-01,110.2,2161,0
1929-02,107,2162,0
1929-03,101.9,2163,0
1929-04,97.5,2164,0
1929-05,99.2,2165,0
1929-06,104.7,2166,0
1929-07,107.9,2167,0
1929-08,106.7,2168,0
1929-09,104.7,2169,0
1929-10,102.7,2170,0
1929-11,100.2,2171,0
1929-12,95.7,2172,0
1930-01,89.3,2173,0
1930-02,83.2,2174,0
1930-03,80.2,2175,0
1930-04,78.6,2176,0
1930-05,74.1,2177,0
1930-06,65.2,2178,0
1930-07,56,2179,0
1930-08,52,2180,0
1930-09,51.2,2181,0
1930-10,50.4,2182,0
1930-11,49,2183,0
1930-12,47.2,2184,0
1931-01,46,2185,0
1931-02,44.9,2186,0
1931-03,43.1,2187,0
1931-04,40.5,2188,0
1931-05,37.7,2189,0
1931-06,35.9,2190,0
1931-07,35.2,2191,0
1931-08,32.8,2192,0
1931-09,29.2,2193,0
1931-10,26.5,2194,0
1931-11,24.6,2195,0
1931-12,24.7,2196,0
1932-01,24.6,2197,0
1932-02,23.6,2198,0
1932-03,22.1,2199,0
1932-04,21,2200,0
1932-05,20.2,2201,0
1932-06,19,2202,0
1932-07,18.6,2203,0
1932-08,19.4,2204,0
1932-09,20.1,2205,0
1932-10,19.5,2206,0
1932-11,17.9,2207,0
1932-12,15.7,2208,0
1933-01,14,2209,0
1933-02,13.1,2210,0
1933-03,12.7,2211,0
1933-04,12.4,2212,0
1933-05,11.5,2213,0
1933-06,10.2,2214,0
1933-07,8.8,2215,0
1933-08,7.2,2216,0
1933-09,5.8,2217,0
1933-10,6,2218,0
1933-11,7.7,2219,0
1933-12,9,2220,0
1934-01,9.5,2221,0
1934-02,10.5,2222,0
1934-03,11,2223,0
1934-04,11.1,2224,0
1934-05,11.9,2225,0
1934-06,13.5,2226,0
1934-07,15.6,2227,0
1934-08,17.5,2228,0
1934-09,19.7,2229,0
1934-10,21.1,2230,0
1934-11,21.7,2231,0
1934-12,24.9,2232,0
1935-01,29.3,2233,0
1935-02,32.6,2234,0
1935-03,36.7,2235,0
1935-04,42.7,2236,0
1935-05,49.8,2237,0
1935-06,56.9,2238,0
1935-07,63.1,2239,0
1935-08,69.9,2240,0
1935-09,77.4,2241,0
1935-10,85.5,2242,0
1935-11,91.8,2243,0
1935-12,95.3,2244,0
1936-01,98.3,2245,0
1936-02,103.5,2246,0
1936-03,109.8,2247,0
1936-04,114.7,2248,0
1936-05,120.7,2249,0
1936-06,128.6,2250,0
1936-07,137.7,2251,0
1936-08,146.3,2252,0
1936-09,150.5,2253,0
1936-10,153.4,2254,0
1936-11,160.1,2255,0
1936-12,168.6,2256,0
1937-01,179.2,2257,0
1937-02,189.2,2258,0
1937-03,194.4,2259,0
1937-04,198.6,2260,0
1937-05,198.3,2261,0
1937-06,193,2262,0
1937-07,188.3,2263,0
1937-08,185.2,2264,0
1937-09,184.8,2265,0
1937-10,184.4,2266,0
1937-11,184.6,2267,0
1937-12,183,2268,0
1938-01,182.2,2269,0
1938-02,182.1,2270,0
1938-03,179.8,2271,0
1938-04,177.2,2272,0
1938-05,178.7,2273,0
1938-06,182.3,2274,0
1938-07,181.4,2275,0
1938-08,177.2,2276,0
1938-09,172.8,2277,0
1938-10,171.8,2278,0
1938-11,171.8,2279,0
1938-12,171.4,2280,0
1939-01,166.9,2281,0
1939-02,161.5,2282,0
1939-03,162.4,2283,0
1939-04,163.3,2284,0
1939-05,158.8,2285,0
1939-06,151.5,2286,0
1939-07,145.9,2287,0
1939-08,142.6,2288,0
1939-09,142.6,2289,0
1939-10,140.6,2290,0
1939-11,132.7,2291,0
1939-12,127.1,2292,0
1940-01,123.8,2293,0
1940-02,121.7,2294,0
1940-03,118.5,2295,0
1940-04,113,2296,0
1940-05,110,2297,0
1940-06,111.1,2298,0
1940-07,112.6,2299,0
1940-08,111.3,2300,0
1940-09,107.7,2301,0
1940-10,103.2,2302,0
1940-11,99.5,2303,0
1940-12,96.1,2304,0
1941-01,94.4,2305,0
1941-02,91.2,2306,0
1941-03,88,2307,0
1941-04,87.3,2308,0
1941-05,85.3,2309,0
1941-06,81.6,2310,0
1941-07,78.5,2311,0
1941-08,78.3,2312,0
1941-09,79.4,2313,0
1941-10,81.9,2314,0
1941-11,83.6,2315,0
1941-12,79.9,2316,0
1942-01,73.1,2317,0
1942-02,67,2318,0
1942-03,60.8,2319,0
1942-04,55.5,2320,0
1942-05,53.1,2321,0
1942-06,51.8,2322,0
1942-07,49.4,2323,0
1942-08,46.2,2324,0
1942-09,42.6,2325,0
1942-10,38.4,2326,0
1942-11,35.2,2327,0
1942-12,34.2,2328,0
1943-01,33.6,2329,0
1943-02,33.2,2330,0
1943-03,32.7,2331,0
1943-04,31.4,2332,0
1943-05,29.2,2333,0
1943-06,27.5,2334,0
1943-07,26.6,2335,0
1943-08,24,2336,0
1943-09,20.9,2337,0
1943-10,18,2338,0
1943-11,15.4,2339,0
1943-12,14.4,2340,0
1944-01,13.6,2341,0
1944-02,12.9,2342,0
1944-03,13,2343,0
1944-04,13.9,2344,0
1944-05,14.6,2345,0
1944-06,15.3,2346,0
1944-07,17,2347,0
1944-08,18.9,2348,0
1944-09,20.4,2349,0
1944-10,23.4,2350,0
1944-11,27.5,2351,0
1944-12,31.7,2352,0
1945-01,36.4,2353,0
1945-02,39.7,2354,0
1945-03,41.7,2355,0
1945-04,46.8,2356,0
1945-05,52.8,2357,0
1945-06,55.2,2358,0
1945-07,57.1,2359,0
1945-08,64.3,2360,0
1945-09,73.2,2361,0
1945-10,80.1,2362,0
1945-11,86.9,2363,0
1945-12,93.2,2364,0
1946-01,101,2365,0
1946-02,111.7,2366,0
1946-03,121.5,2367,0
1946-04,128,2368,0
1946-05,135.7,2369,0
1946-06,147.7,2370,0
1946-07,157.7,2371,0
1946-08,163.1,2372,0
1946-09,167.3,2373,0
1946-10,173.3,2374,0
1946-11,182.8,2375,0
1946-12,193.4,2376,0
1947-01,199.2,2377,0
1947-02,204.1,2378,0
1947-03,211.2,2379,0
1947-04,217.2,2380,0
1947-05,218.7,2381,0
1947-06,216.1,2382,0
1947-07,214.1,2383,0
1947-08,210.9,2384,0
1947-09,206,2385,0
1947-10,206.3,2386,0
1947-11,207.1,2387,0
1947-12,205.7,2388,0
1948-01,205,2389,0
1948-02,202.3,2390,0
1948-03,198.9,2391,0
1948-04,195.7,2392,0
1948-05,192.2,2393,0
1948-06,191.6,2394,0
1948-07,193.5,2395,0
1948-08,199.8,2396,0
1948-09,209.1,2397,0
1948-10,210.3,2398,0
1948-11,203.8,2399,0
1948-12,197.1,2400,0
1949-01,193.4,2401,0
1949-02,190.4,2402,0
1949-03,188.5,2403,0
1949-04,188.4,2404,0
1949-05,190.9,2405,0
1949-06,192.5,2406,0
1949-07,190.3,2407,0
1949-08,184.1,2408,0
1949-09,176.1,2409,0
1949-10,171.4,2410,0
1949-11,169.4,2411,0
1949-12,167.1,2412,0
1950-01,162.8,2413,0
1950-02,158.5,2414,0
1950-03,150.7,2415,0
1950-04,141,2416,0
1950-05,131.6,2417,0
1950-06,122.6,2418,0
1950-07,116.4,2419,0
1950-08,111.9,2420,0
1950-09,106.7,2421,0
1950-10,102.3,2422,0
1950-11,101.2,2423,0
1950-12,102.4,2424,0
1951-01,101.6,2425,0
1951-02,98.5,2426,0
1951-03,98.9,2427,0
1951-04,100.2,2428,0
1951-05,99.5,2429,0
1951-06,98.9,2430,0
1951-07,97.3,2431,0
1951-08,94,2432,0
1951-09,89.8,2433,0
1951-10,84,2434,0
1951-11,75.3,2435,0
1951-12,66.5,2436,0
1952-01,61.5,2437,0
1952-02,59.8,2438,0
1952-03,56.2,2439,0
1952-04,51.4,2440,0
1952-05,48,2441,0
1952-06,45.5,2442,0
1952-07,44,2443,0
1952-08,42.1,2444,0
1952-09,40.3,2445,0
1952-10,39.5,2446,0
1952-11,38.8,2447,0
1952-12,37.3,2448,0
1953-01,34.6,2449,0
1953-02,31,2450,0
1953-03,28.6,2451,0
1953-04,27.2,2452,0
1953-05,25,2453,0
1953-06,22,2454,0
1953-07,18.5,2455,0
1953-08,16.7,2456,0
1953-09,16.6,2457,0
1953-10,15.1,2458,0
1953-11,12.8,2459,0
1953-12,10.8,2460,0
1954-01,9.3,2461,0
1954-02,8.2,2462,0
1954-03,6.3,2463,0
1954-04,5.1,2464,0
1954-05,5.5,2465,0
1954-06,6.3,2466,0
1954-07,7.9,2467,0
1954-08,10.5,2468,0
1954-09,11.4,2469,0
1954-10,11.6,2470,0
1954-11,13.8,2471,0
1954-12,17.4,2472,0
1955-01,20.5,2473,0
1955-02,23.7,2474,0
1955-03,28,2475,0
1955-04,33.5,2476,0
1955-05,41.2,2477,0
1955-06,50,2478,0
1955-07,57,2479,0
1955-08,66,2480,0
1955-09,78.8,2481,0
1955-10,91.3,2482,0
1955-11,103.5,2483,0
1955-12,114.8,2484,0
1956-01,125.8,2485,0
1956-02,139.4,2486,0
1956-03,154.7,2487,0
1956-04,168.1,2488,0
1956-05,180.4,2489,0
1956-06,193.9,2490,0
1956-07,206.1,2491,0
1956-08,211.8,2492,0
1956-09,214.5,2493,0
1956-10,220.6,2494,0
1956-11,226,2495,0
1956-12,232.7,2496,0
1957-01,241.1,2497,0
1957-02,243.8,2498,0
1957-03,246.8,2499,0
1957-04,256.3,2500,0
1957-05,262.7,2501,0
1957-06,266.1,2502,0
1957-07,271.1,2503,0
1957-08,275.3,2504,0
1957-09,279.3,2505,0
1957-10,282.5,2506,0
1957-11,284.4,2507,0
1957-12,283.3,2508,0
1958-01,281.8,2509,0
1958-02,284.5,2510,0
1958-03,285,2511,0
1958-04,278.7,2512,0
1958-05,271,2513,0
1958-06,264.5,2514,0
1958-07,262.3,2515,0
1958-08,261.9,2516,0
1958-09,260.3,2517,0
1958-10,258.1,2518,0
1958-11,255.9,2519,0
1958-12,255.6,2520,0
1959-01,252.9,2521,0
1959-02,250.4,2522,0
1959-03,247.1,2523,0
1959-04,239.7,2524,0
1959-05,233.9,2525,0
1959-06,228.5,2526,0
1959-07,220.6,2527,0
1959-08,214.2,2528,0
1959-09,207.1,2529,0
1959-10,199.7,2530,0
1959-11,194.2,2531,0
1959-12,187.6,2532,0
1960-01,182.5,2533,0
1960-02,177,2534,0
1960-03,172.1,2535,0
1960-04,169.4,2536,0
1960-05,165.7,2537,0
1960-06,161.3,2538,0
1960-07,153.8,2539,0
1960-08,145,2540,0
1960-09,138.6,2541,0
1960-10,132.1,2542,0
1960-11,124.5,2543,0
1960-12,118.5,2544,0
1961-01,113.6,2545,0
1961-02,105.9,2546,0
1961-03,97.5,2547,0
1961-04,91.1,2548,0
1961-05,85.1,2549,0
1961-06,79.1,2550,0
1961-07,75.3,2551,0
1961-08,74.4,2552,0
1961-09,74.3,2553,0
1961-10,73,2554,0
1961-11,71.7,2555,0
1961-12,69.1,2556,0
1962-01,64.2,2557,0
1962-02,59.4,2558,0
1962-03,56.7,2559,0
1962-04,56.1,2560,0
1962-05,55.9,2561,0
1962-06,54.6,2562,0
1962-07,52.5,2563,0
1962-08,49.8,2564,0
1962-09,46.7,2565,0
1962-10,44,2566,0
1962-11,42.9,2567,0
1962-12,42.6,2568,0
1963-01,42.1,2569,0
1963-02,42.6,2570,0
1963-03,42.6,2571,0
1963-04,41.6,2572,0
1963-05,41.1,2573,0
1963-06,40.4,2574,0
1963-07,39.7,2575,0
1963-08,39,2576,0
1963-09,38.6,2577,0
1963-10,37.4,2578,0
1963-11,34.2,2579,0
1963-12,30.7,2580,0
1964-01,28.1,2581,0
1964-02,25.7,2582,0
1964-03,22.3,2583,0
1964-04,18.6,2584,0
1964-05,16,2585,0
1964-06,15,2586,0
1964-07,15.2,2587,0
1964-08,15.1,2588,0
1964-09,14.6,2589,0
1964-10,14.3,2590,0
1964-11,15,2591,0
1964-12,16.2,2592,0
1965-01,17.2,2593,0
1965-02,17.7,2594,0
1965-03,18.4,2595,0
1965-04,19.9,2596,0
1965-05,21.2,2597,0
1965-06,21.8,2598,0
1965-07,22.6,2599,0
1965-08,23.8,2600,0
1965-09,25.2,2601,0
1965-10,28.4,2602,0
1965-11,32.1,2603,0
1965-12,35.2,2604,0
1966-01,39.7,2605,0
1966-02,44.8,2606,0
1966-03,49.2,2607,0
1966-04,53.3,2608,0
1966-05,57.9,2609,0
1966-06,63.4,2610,0
1966-07,71.4,2611,0
1966-08,80.3,2612,0
1966-09,89.5,2613,0
1966-10,95.8,2614,0
1966-11,99.4,2615,0
1966-12,103,2616,0
1967-01,106.2,2617,0
1967-02,111.6,2618,0
1967-03,116.5,2619,0
1967-04,119.8,2620,0
1967-05,123.9,2621,0
1967-06,129.4,2622,0
1967-07,133.3,2623,0
1967-08,135,2624,0
1967-09,134.9,2625,0
1967-10,134.5,2626,0
1967-11,137.6,2627,0
1967-12,142.5,2628,0
1968-01,145.3,2629,0
1968-02,145.7,2630,0
1968-03,148.2,2631,0
1968-04,151.8,2632,0
1968-05,152.4,2633,0
1968-06,150.9,2634,0
1968-07,148.9,2635,0
1968-08,148.4,2636,0
1968-09,151.5,2637,0
1968-10,155.5,2638,0
1968-11,156.6,2639,0
1968-12,156,2640,0
1969-01,155.7,2641,0
1969-02,155.1,2642,0
1969-03,152.9,2643,0
1969-04,150.7,2644,0
1969-05,150.4,2645,0
1969-06,150.1,2646,0
1969-07,149.9,2647,0
1969-08,150.7,2648,0
1969-09,149.2,2649,0
1969-10,147.4,2650,0
1969-11,148,2651,0
1969-12,148.5,2652,0
1970-01,149.5,2653,0
1970-02,150.1,2654,0
1970-03,150.3,2655,0
1970-04,150.3,2656,0
1970-05,149.8,2657,0
1970-06,149.1,2658,0
1970-07,147,2659,0
1970-08,143,2660,0
1970-09,137.6,2661,0
1970-10,132.9,2662,0
1970-11,126.5,2663,0
1970-12,119,2664,0
1971-01,113.8,2665,0
1971-02,110.1,2666,0
1971-03,105.3,2667,0
1971-04,100.4,2668,0
1971-05,96.5,2669,0
1971-06,94.5,2670,0
1971-07,92.7,2671,0
1971-08,91.5,2672,0
1971-09,93.2,2673,0
1971-10,93.8,2674,0
1971-11,94.7,2675,0
1971-12,98.3,2676,0
1972-01,100.3,2677,0
1972-02,100.9,2678,0
1972-03,102.6,2679,0
1972-04,104,2680,0
1972-05,103.3,2681,0
1972-06,99.9,2682,0
1972-07,96.6,2683,0
1972-08,92.9,2684,0
1972-09,88.2,2685,0
1972-10,85.9,2686,0
1972-11,83.3,2687,0
1972-12,78.2,2688,0
1973-01,72.3,2689,0
1973-02,66.1,2690,0
1973-03,62.8,2691,0
1973-04,60.8,2692,0
1973-05,57.9,2693,0
1973-06,55.6,2694,0
1973-07,53.4,2695,0
1973-08,51.4,2696,0
1973-09,49,2697,0
1973-10,46.6,2698,0
1973-11,45.4,2699,0
1973-12,45,2700,0
1974-01,46.8,2701,0
1974-02,49.1,2702,0
1974-03,48.5,2703,0
1974-04,48.3,2704,0
1974-05,49.4,2705,0
1974-06,49.3,2706,0
1974-07,48.6,2707,0
1974-08,47.3,2708,0
1974-09,45.8,2709,0
1974-10,43.2,2710,0
1974-11,39.3,2711,0
1974-12,36.1,2712,0
1975-01,33,2713,0
1975-02,31.8,2714,0
1975-03,30.6,2715,0
1975-04,26.8,2716,0
1975-05,24.2,2717,0
1975-06,23.2,2718,0
1975-07,21.8,2719,0
1975-08,20.7,2720,0
1975-09,20.9,2721,0
1975-10,22.3,2722,0
1975-11,23.3,2723,0
1975-12,23.6,2724,0
1976-01,22.1,2725,0
1976-02,19.2,2726,0
1976-03,17.8,2727,0
1976-04,18.4,2728,0
1976-05,18.3,2729,0
1976-06,17.9,2730,0
1976-07,18.8,2731,0
1976-08,20.5,2732,0
1976-09,20.8,2733,0
1976-10,19.7,2734,0
1976-11,19.7,2735,0
1976-12,21.6,2736,0
1977-01,24.3,2737,0
1977-02,26.3,2738,0
1977-03,28.8,2739,0
1977-04,31.9,2740,0
1977-05,34.7,2741,0
1977-06,37.7,2742,0
1977-07,41.4,2743,0
1977-08,47.6,2744,0
1977-09,55.8,2745,0
1977-10,64.8,2746,0
1977-11,73.7,2747,0
1977-12,80.7,2748,0
1978-01,86.9,2749,0
1978-02,91.5,2750,0
1978-03,98.7,2751,0
1978-04,109,2752,0
1978-05,117.8,2753,0
1978-06,126.6,2754,0
1978-07,138,2755,0
1978-08,147.3,2756,0
1978-09,153.6,2757,0
1978-10,157.3,2758,0
1978-11,160.4,2759,0
1978-12,166.7,2760,0
1979-01,175.2,2761,0
1979-02,185.4,2762,0
1979-03,193.3,2763,0
1979-04,199.9,2764,0
1979-05,208.5,2765,0
1979-06,216.7,2766,0
1979-07,219.5,2767,0
1979-08,220.1,2768,0
1979-09,220.4,2769,0
1979-10,223.4,2770,0
1979-11,229.8,2771,0
1979-12,232.9,2772,0
1980-01,232,2773,0
1980-02,230.2,2774,0
1980-03,227.9,2775,0
1980-04,224.6,2776,0
1980-05,221.3,2777,0
1980-06,219.1,2778,0
1980-07,216.1,2779,0
1980-08,212,2780,0
1980-09,211.5,2781,0
1980-10,211.9,2782,0
1980-11,209.1,2783,0
1980-12,202.8,2784,0
1981-01,199.6,2785,0
1981-02,202.2,2786,0
1981-03,205.4,2787,0
1981-04,205.7,2788,0
1981-05,204.1,2789,0
1981-06,200.9,2790,0
1981-07,198.5,2791,0
1981-08,199.9,2792,0
1981-09,202.7,2793,0
1981-10,201.4,2794,0
1981-11,196,2795,0
1981-12,194.1,2796,0
1982-01,192.7,2797,0
1982-02,186.6,2798,0
1982-03,180,2799,0
1982-04,173.4,2800,0
1982-05,167.5,2801,0
1982-06,164,2802,0
1982-07,161.5,2803,0
1982-08,153.5,2804,0
1982-09,141.4,2805,0
1982-10,133.3,2806,0
1982-11,131.3,2807,0
1982-12,130.5,2808,0
1983-01,127.9,2809,0
1983-02,123.9,2810,0
1983-03,117.1,2811,0
1983-04,110.5,2812,0
1983-05,104.5,2813,0
1983-06,95.9,2814,0
1983-07,89.1,2815,0
1983-08,88.9,2816,0
1983-09,91.7,2817,0
1983-10,92,2818,0
1983-11,89.7,2819,0
1983-12,85.5,2820,0
1984-01,80.5,2821,0
1984-02,75.8,2822,0
1984-03,71.2,2823,0
1984-04,66.8,2824,0
1984-05,63.5,2825,0
1984-06,61.7,2826,0
1984-07,58.3,2827,0
1984-08,52.2,2828,0
1984-09,44.3,2829,0
1984-10,37.2,2830,0
1984-11,31.6,2831,0
1984-12,27.4,2832,0
1985-01,25.2,2833,0
1985-02,23.5,2834,0
1985-03,21.7,2835,0
1985-04,21.3,2836,0
1985-05,21.4,2837,0
1985-06,20.8,2838,0
1985-07,19.9,2839,0
1985-08,19.6,2840,0
1985-09,19.8,2841,0
1985-10,19.7,2842,0
1985-11,19.1,2843,0
1985-12,17.3,2844,0
1986-01,15.2,2845,0
1986-02,14.3,2846,0
1986-03,14.3,2847,0
1986-04,15.1,2848,0
1986-05,15.8,2849,0
1986-06,15.2,2850,0
1986-07,15.1,2851,0
1986-08,14.4,2852,0
1986-09,13.5,2853,0
1986-10,14.7,2854,0
1986-11,16.6,2855,0
1986-12,18.3,2856,0
1987-01,19.9,2857,0
1987-02,22.3,2858,0
1987-03,25.5,2859,0
1987-04,28,2860,0
1987-05,30.3,2861,0
1987-06,32.7,2862,0
1987-07,36.2,2863,0
1987-08,40.5,2864,0
1987-09,45.3,2865,0
1987-10,51,2866,0
1987-11,55.1,2867,0
1987-12,60.9,2868,0
1988-01,69.2,2869,0
1988-02,76.9,2870,0
1988-03,84.9,2871,0
1988-04,93,2872,0
1988-05,101.4,2873,0
1988-06,114.3,2874,0
1988-07,128.5,2875,0
1988-08,141.1,2876,0
1988-09,151.2,2877,0
1988-10,156.9,2878,0
1988-11,164.4,2879,0
1988-12,176.1,2880,0
1989-01,184.8,2881,0
1989-02,190.7,2882,0
1989-03,198,2883,0
1989-04,203.8,2884,0
1989-05,209.5,2885,0
1989-06,212.1,2886,0
1989-07,212,2887,0
1989-08,211.1,2888,0
1989-09,210.5,2889,0
1989-10,212.4,2890,0
1989-11,212.5,2891,0
1989-12,206.2,2892,0
1990-01,201.2,2893,0
1990-02,202.4,2894,0
1990-03,200.9,2895,0
1990-04,198.1,2896,0
1990-05,195.1,2897,0
1990-06,192,2898,0
1990-07,190.1,2899,0
1990-08,191.6,2900,0
1990-09,194.6,2901,0
1990-10,195.2,2902,0
1990-11,195.2,2903,0
1990-12,197.8,2904,0
1991-01,202.8,2905,0
1991-02,204.4,2906,0
1991-03,203.9,2907,0
1991-04,203.8,2908,0
1991-05,202.9,2909,0
1991-06,202.8,2910,0
1991-07,203.5,2911,0
1991-08,203.3,2912,0
1991-09,200.9,2913,0
1991-10,196.7,2914,0
1991-11,191.4,2915,0
1991-12,183.1,2916,0
1992-01,172.6,2917,0
1992-02,161.1,2918,0
1992-03,151.8,2919,0
1992-04,146,2920,0
1992-05,142.1,2921,0
1992-06,137.1,2922,0
1992-07,128.5,2923,0
1992-08,119.3,2924,0
1992-09,113,2925,0
1992-10,109,2926,0
1992-11,106.3,2927,0
1992-12,104.5,2928,0
1993-01,101.9,2929,0
1993-02,99.3,2930,0
1993-03,95.4,2931,0
1993-04,90.2,2932,0
1993-05,84.2,2933,0
1993-06,78.6,2934,0
1993-07,76.5,2935,0
1993-08,73.6,2936,0
1993-09,68.3,2937,0
1993-10,63.2,2938,0
1993-11,58.4,2939,0
1993-12,55.1,2940,0
1994-01,52.6,2941,0
1994-02,50.2,2942,0
1994-03,49.4,2943,0
1994-04,49.6,2944,0
1994-05,48.7,2945,0
1994-06,46.4,2946,0
1994-07,42.7,2947,0
1994-08,40.1,2948,0
1994-09,39.7,2949,0
1994-10,39.4,2950,0
1994-11,38.7,2951,0
1994-12,37.6,2952,0
1995-01,35.6,2953,0
1995-02,33.7,2954,0
1995-03,32,2955,0
1995-04,29.4,2956,0
1995-05,27.3,2957,0
1995-06,25.9,2958,0
1995-07,24.4,2959,0
1995-08,22,2960,0
1995-09,19,2961,0
1995-10,17,2962,0
1995-11,15.9,2963,0
1995-12,15.1,2964,0
1996-01,14.5,2965,0
1996-02,14.2,2966,0
1996-03,13.7,2967,0
1996-04,12,2968,0
1996-05,11.2,2969,0
1996-06,11.6,2970,0
1996-07,11.3,2971,0
1996-08,11.2,2972,0
1996-09,11.3,2973,0
1996-10,12,2974,0
1996-11,13.4,2975,0
1996-12,14.3,2976,0
1997-01,14.5,2977,0
1997-02,15.2,2978,0
1997-03,18.3,2979,0
1997-04,22,2980,0
1997-05,24.4,2981,0
1997-06,27.2,2982,0
1997-07,30.4,2983,0
1997-08,33.6,2984,0
1997-09,38.2,2985,0
1997-10,43.1,2986,0
1997-11,47.1,2987,0
1997-12,52,2988,0
1998-01,58.4,2989,0
1998-02,65.4,2990,0
1998-03,72,2991,0
1998-04,76.9,2992,0
1998-05,80.8,2993,0
1998-06,85.4,2994,0
1998-07,89.8,2995,0
1998-08,93.5,2996,0
1998-09,96.4,2997,0
1998-10,98.2,2998,0
1998-11,102.3,2999,0
1998-12,110.4,3000,0
1999-01,118.4,3001,0
1999-02,122.5,3002,0
1999-03,122.3,3003,0
1999-04,125,3004,0
1999-05,132.6,3005,0
1999-06,136.3,3006,0
1999-07,138.1,3007,0
1999-08,142.9,3008,0
1999-09,150.5,3009,0
1999-10,159.3,3010,0
1999-11,164.1,3011,0
1999-12,164,3012,0
2000-01,166.1,3013,0
2000-02,170.6,3014,0
2000-03,174.3,3015,0
2000-04,175.2,3016,0
2000-05,172.9,3017,0
2000-06,172.7,3018,0
2000-07,174.2,3019,0
2000-08,172.8,3020,0
2000-09,168.8,3021,0
2000-10,165.3,3022,0
2000-11,163.1,3023,0
2000-12,162.7,3024,0
2001-01,158.3,3025,0
2001-02,152.5,3026,0
2001-03,155.1,3027,0
2001-04,160.7,3028,0
2001-05,163.7,3029,0
2001-06,167.4,3030,0
2001-07,172,3031,0
2001-08,175.8,3032,0
2001-09,177.1,3033,0
2001-10,177.3,3034,0
2001-11,180.3,3035,0
2001-12,179.1,3036,0
2002-01,177.6,3037,0
2002-02,179.7,3038,0
2002-03,178.2,3039,0
2002-04,174.4,3040,0
2002-05,171.3,3041,0
2002-06,166.9,3042,0
2002-07,161.5,3043,0
2002-08,155.4,3044,0
2002-09,149.5,3045,0
2002-10,143.9,3046,0
2002-11,136,3047,0
2002-12,131.4,3048,0
2003-01,129.6,3049,0
2003-02,125.7,3050,0
2003-03,118.7,3051,0
2003-04,111.9,3052,0
2003-05,107,3053,0
2003-06,101.7,3054,0
2003-07,96,3055,0
2003-08,92.9,3056,0
2003-09,91.8,3057,0
2003-10,89.1,3058,0
2003-11,86.9,3059,0
2003-12,84.1,3060,0
2004-01,80.1,3061,0
2004-02,76.4,3062,0
2004-03,73.2,3063,0
2004-04,71,3064,0
2004-05,69.5,3065,0
2004-06,67.1,3066,0
2004-07,64.8,3067,0
2004-08,63,3068,0
2004-09,60.2,3069,0
2004-10,57.9,3070,0
2004-11,56.6,3071,0
2004-12,55.7,3072,0
2005-01,54.5,3073,0
2005-02,53.2,3074,0
2005-03,52.3,3075,0
2005-04,49.3,3076,0
2005-05,45,3077,0
2005-06,44.5,3078,0
2005-07,44.6,3079,0
2005-08,41.9,3080,0
2005-09,39.4,3081,0
2005-10,38.9,3082,0
2005-11,38.4,3083,0
2005-12,36,3084,0
2006-01,33,3085,0
2006-02,29.7,3086,0
2006-03,27.4,3087,0
2006-04,27,3088,0
2006-05,27.4,3089,0
2006-06,26.2,3090,0
2006-07,25,3091,0
2006-08,25.9,3092,0
2006-09,26,3093,0
2006-10,23.7,3094,0
2006-11,21.1,3095,0
2006-12,20.2,3096,0
2007-01,19.8,3097,0
2007-02,19,3098,0
2007-03,17.7,3099,0
2007-04,16.4,3100,0
2007-05,14.4,3101,0
2007-06,12.8,3102,0
2007-07,11.6,3103,0
2007-08,9.9,3104,0
2007-09,9.6,3105,0
2007-10,9.9,3106,0
2007-11,9.2,3107,0
2007-12,7.9,3108,0
2008-01,6.6,3109,0
2008-02,5.6,3110,0
2008-03,5.1,3111,0
2008-04,5.1,3112,0
2008-05,5.4,3113,0
2008-06,4.8,3114,0
2008-07,4,3115,0
2008-08,3.8,3116,0
2008-09,3.2,3117,0
2008-10,2.4,3118,0
2008-11,2.3,3119,0
2008-12,2.2,3120,0
2009-01,2.5,3121,0
2009-02,2.7,3122,0
2009-03,2.9,3123,0
2009-04,3.3,3124,0
2009-05,3.5,3125,0
2009-06,4.1,3126,0
2009-07,5.5,3127,0
2009-08,7.4,3128,0
2009-09,9.5,3129,0
2009-10,10.9,3130,0
2009-11,11.7,3131,0
2009-12,12.7,3132,0
2010-01,14,3133,0
2010-02,16.1,3134,0
2010-03,18.5,3135,0
2010-04,20.8,3136,0
2010-05,23.1,3137,0
2010-06,24.6,3138,0
2010-07,25.2,3139,0
2010-08,26.4,3140,0
2010-09,29.5,3141,0
2010-10,34.5,3142,0
2010-11,39.1,3143,0
2010-12,42.5,3144,0
2011-01,45.7,3145,0
2011-02,48.8,3146,0
2011-03,53.8,3147,0
2011-04,61.1,3148,0
2011-05,69.3,3149,0
2011-06,77.2,3150,0
2011-07,83.6,3151,0
2011-08,86.3,3152,0
2011-09,86.6,3153,0
2011-10,87.4,3154,0
2011-11,89.4,3155,0
2011-12,92.5,3156,0
2012-01,95.5,3157,0
2012-02,98.1,3158,0
2012-03,98.3,3159,0
2012-04,95.1,3160,0
2012-05,90.9,3161,0
2012-06,86.6,3162,0
2012-07,84.5,3163,0
2012-08,85.1,3164,0
2012-09,85.3,3165,0
2012-10,85.8,3166,0
2012-11,87.7,3167,0
2012-12,88.1,3168,0
2013-01,86.8,3169,0
2013-02,86.1,3170,0
2013-03,84.4,3171,0
2013-04,84.3,3172,0
2013-05,87,3173,0
2013-06,90.9,3174,0
2013-07,94.6,3175,0
2013-08,99,3176,0
2013-09,104.6,3177,0
2013-10,107,3178,0
2013-11,106.9,3179,0
2013-12,107.6,3180,0
2014-01,109.3,3181,0
2014-02,110.5,3182,0
2014-03,114.3,3183,0
2014-04,116.4,3184,0
2014-05,115,3185,0
2014-06,114.1,3186,0
2014-07,112.6,3187,0
2014-08,108.3,3188,0
2014-09,101.9,3189,0
2014-10,97.3,3190,0
2014-11,94.7,3191,0
2014-12,92.2,3192,0
2015-01,89.3,3193,0
2015-02,86.1,3194,0
2015-03,82.1,3195,0
2015-04,78.9,3196,0
2015-05,76.1,3197,0
2015-06,72.1,3198,0
2015-07,68.3,3199,0
2015-08,66.4,3200,0
2015-09,65.9,3201,0
2015-10,64.3,3202,0
2015-11,61.2,3203,0
2015-12,57.8,3204,0
2016-01,54.4,3205,0
2016-02,52.5,3206,0
2016-03,50.4,3207,0
2016-04,47.8,3208,0
2016-05,44.8,3209,0
2016-06,41.5,3210,0
2016-07,38.5,3211,0
2016-08,36,3212,0
2016-09,33.2,3213,0
2016-10,31.5,3214,0
2016-11,29.9,3215,0
2016-12,28.5,3216,0
2017-01,27.8,3217,0
2017-02,26.5,3218,0
2017-03,25.7,3219,0
2017-04,24.8,3220,0
2017-05,23.3,3221,0
2017-06,22.2,3222,0
2017-07,21,3223,0
2017-08,19.6,3224,0
2017-09,18.3,3225,0
2017-10,16.7,3226,0
2017-11,15.4,3227,0
2017-12,15.1,3228,0
2018-01,14.2,3229,0
2018-02,12.6,3230,0
2018-03,9.9,3231,0
2018-04,7.8,3232,0
2018-05,7.5,3233,0
2018-06,7.2,3234,0
2018-07,7,3235,0
2018-08,6.7,3236,0
2018-09,6.5,3237,0
2018-10,6.8,3238,0
2018-11,6.7,3239,0
2018-12,6,3240,0
2019-01,5.4,3241,0
2019-02,5,3242,0
2019-03,4.6,3243,0
2019-04,4.3,3244,0
2019-05,3.9,3245,0
2019-06,3.7,3246,0
2019-07,3.5,3247,0
2019-08,3.4,3248,0
2019-09,3.1,3249,0
2019-10,2.6,3250,0
2019-11,2,3251,0
2019-12,1.8,3252,0
2020-01,2.2,3253,0
2020-02,2.7,3254,0
2020-03,3,3255,0
2020-04,3.6,3256,0
2020-05,5.6,3257,0
2020-06,7.9,3258,0
2020-07,9,3259,0
2020-08,9.5,3260,0
2020-09,10.5,3261,0
2020-10,11.9,3262,0
2020-11,13.6,3263,0
2020-12,15.3,3264,0
2021-01,17.3,3265,0
2021-02,19,3266,0
2021-03,21.7,3267,0
2021-04,24.8,3268,0
2021-05,25.8,3269,0
2021-06,27.6,3270,0
2021-07,31.4,3271,0
2021-08,35.4,3272,0
2021-09,40.2,3273,0
2021-10,45.2,3274,0
2021-11,50.8,3275,0
2021-12,55.9,3276,0
2022-01,60.1,3277,0
2022-02,64.7,3278,0
2022-03,68.7,3279,0
2022-04,73,3280,0
2022-05,77.4,3281,0
2022-06,81.1,3282,0
2022-07,86.7,3283,0
2022-08,92.6,3284,0
2022-09,96.5,3285,0
2022-10,98.9,3286,0
2022-11,101.1,3287,0
2022-12,106.7,3288,0
2023-01,113.4,3289,0
2023-02,117.9,3290,0
2023-03,-1,3291,0
2023-04,-1,3292,0
2023-05,-1,3293,0
2023-06,-1,3294,0
2023-07,-1,3295,0
2023-08,-1,3296,0
