model_prediction_time,k,record_Id,record_Id_0
,,0,
2023-09-05T03:36:00Z,1.667,1,0
2023-09-05T03:37:00Z,1.667,2,0
2023-09-05T03:38:00Z,1.667,3,0
2023-09-05T03:39:00Z,1.667,4,0
2023-09-05T03:40:00Z,1.667,5,0
2023-09-05T03:41:00Z,1.667,6,0
2023-09-05T03:42:00Z,1.667,7,0
2023-09-05T03:43:00Z,1.667,8,0
2023-09-05T03:44:00Z,1.667,9,0
2023-09-05T03:45:00Z,1.667,10,0
2023-09-05T03:46:00Z,1.667,11,0
2023-09-05T03:47:00Z,2,12,0
2023-09-05T03:48:00Z,2,13,0
2023-09-05T03:49:00Z,2,14,0
2023-09-05T03:50:00Z,2.333,15,0
2023-09-05T03:51:00Z,2.333,16,0
2023-09-05T03:52:00Z,2.333,17,0
2023-09-05T03:53:00Z,2.333,18,0
2023-09-05T03:54:00Z,2.333,19,0
2023-09-05T03:55:00Z,2.333,20,0
2023-09-05T03:56:00Z,2.333,21,0
2023-09-05T03:57:00Z,2.333,22,0
2023-09-05T03:58:00Z,2.333,23,0
2023-09-05T03:59:00Z,2.333,24,0
2023-09-05T04:00:00Z,2.333,25,0
2023-09-05T04:01:00Z,2.333,26,0
2023-09-05T04:02:00Z,2.333,27,0
2023-09-05T04:03:00Z,2.333,28,0
2023-09-05T04:04:00Z,2.333,29,0
2023-09-05T04:05:00Z,2.333,30,0
2023-09-05T04:06:00Z,2.333,31,0
2023-09-05T04:07:00Z,2.333,32,0
2023-09-05T04:08:00Z,2.333,33,0
2023-09-05T04:09:00Z,2.333,34,0
2023-09-05T04:10:00Z,2.333,35,0
2023-09-05T04:11:00Z,2.333,36,0
2023-09-05T04:12:00Z,2.333,37,0
2023-09-05T04:13:00Z,2.333,38,0
2023-09-05T04:14:00Z,2.333,39,0
2023-09-05T04:15:00Z,2.333,40,0
2023-09-05T04:16:00Z,2.333,41,0
2023-09-05T04:17:00Z,2.333,42,0
2023-09-05T04:18:00Z,2.333,43,0
2023-09-05T04:19:00Z,2.333,44,0
2023-09-05T04:20:00Z,2.333,45,0
2023-09-05T04:21:00Z,2.333,46,0
2023-09-05T04:22:00Z,2.333,47,0
2023-09-05T04:23:00Z,2.333,48,0
2023-09-05T04:24:00Z,2.333,49,0
2023-09-05T04:25:00Z,2.333,50,0
2023-09-05T04:26:00Z,2.333,51,0
2023-09-05T04:27:00Z,2.333,52,0
2023-09-05T04:28:00Z,2.333,53,0
2023-09-05T04:29:00Z,2.333,54,0
2023-09-05T04:30:00Z,2.333,55,0
2023-09-05T04:31:00Z,2.333,56,0
2023-09-05T04:32:00Z,2.333,57,0
2023-09-05T04:33:00Z,2.333,58,0
2023-09-05T04:34:00Z,2.333,59,0
2023-09-05T04:35:00Z,2.333,60,0
2023-09-05T04:36:00Z,2.333,61,0
2023-09-05T04:37:00Z,2.333,62,0
2023-09-05T04:38:00Z,2.333,63,0
2023-09-05T04:39:00Z,2.333,64,0
2023-09-05T04:40:00Z,2.333,65,0
2023-09-05T04:41:00Z,2.333,66,0
2023-09-05T04:42:00Z,2.333,67,0
2023-09-05T04:43:00Z,2.333,68,0
2023-09-05T04:44:00Z,2.333,69,0
2023-09-05T04:45:00Z,2.333,70,0
2023-09-05T04:46:00Z,2.333,71,0
2023-09-05T04:47:00Z,2.333,72,0
2023-09-05T04:48:00Z,2.333,73,0
2023-09-05T04:49:00Z,2.333,74,0
2023-09-05T04:50:00Z,2.333,75,0
2023-09-05T04:51:00Z,2.333,76,0
2023-09-05T04:52:00Z,2.333,77,0
2023-09-05T04:53:00Z,2.333,78,0
2023-09-05T04:54:00Z,2.333,79,0
2023-09-05T04:55:00Z,2.333,80,0
2023-09-05T04:56:00Z,2.333,81,0
2023-09-05T04:57:00Z,2.333,82,0
2023-09-05T04:58:00Z,2.333,83,0
2023-09-05T04:59:00Z,2.333,84,0
2023-09-05T05:00:00Z,2.333,85,0
2023-09-05T05:01:00Z,2.333,86,0
2023-09-05T05:02:00Z,2.333,87,0
2023-09-05T05:03:00Z,2.333,88,0
2023-09-05T05:04:00Z,2.333,89,0
2023-09-05T05:05:00Z,2.333,90,0
2023-09-05T05:06:00Z,2.333,91,0
2023-09-05T05:07:00Z,2.333,92,0
2023-09-05T05:08:00Z,2.333,93,0
2023-09-05T05:09:00Z,2.333,94,0
2023-09-05T05:10:00Z,2.333,95,0
2023-09-05T05:11:00Z,2.333,96,0
2023-09-05T05:12:00Z,2.333,97,0
2023-09-05T05:13:00Z,2.333,98,0
2023-09-05T05:14:00Z,2.333,99,0
2023-09-05T05:15:00Z,2.333,100,0
2023-09-05T05:16:00Z,2.333,101,0
2023-09-05T05:17:00Z,2.333,102,0
2023-09-05T05:18:00Z,2.333,103,0
2023-09-05T05:19:00Z,2.333,104,0
2023-09-05T05:20:00Z,2.333,105,0
2023-09-05T05:21:00Z,2.333,106,0
