time_tag,Obsdate,Obstime,Station,Observatory,Type,Quality,Region,Latitude,Report_Longitude,Longitude,Report_Location,Location,Carlon,Extent,Area,Numspot,Zurich,Penumbra,Compact,Spotclass,Magcode,Magclass,Obsid,Report_Status,ValidSpotClass,record_Id,record_Id_0
,,,,,,,,,,,,,,,,,,,,,,,,,,0,
2023-08-29T15:36:00,2023-08-29T00:00:00,1536,72269,HOL,spt,3,3412,31,-61,-66,N31W61,N31W66,128,1,40,1,7,2,1,Hsx,1,A,11,2,1,1,0
2023-08-29T15:36:00,2023-08-29T00:00:00,1536,72269,HOL,spt,3,3413,9,-29,-34,N09W29,N09W34,96,6,430,24,4,5,3,Dki,2,B,14,2,1,2,0
2023-08-29T15:36:00,2023-08-29T00:00:00,1536,72269,HOL,spt,3,3415,-9,-14,-19,S09W14,S09W19,81,5,290,17,4,5,3,Dki,3,BG,17,2,1,3,0
2023-08-29T15:36:00,2023-08-29T00:00:00,1536,72269,HOL,spt,3,3416,-19,24,19,S19E24,S19E19,43,2,70,2,7,2,1,Hsx,1,A,18,2,1,4,0
2023-08-29T15:36:00,2023-08-29T00:00:00,1536,72269,HOL,spt,3,3417,-5,58,53,S05E58,S05E53,9,5,180,16,3,3,2,Cao,2,B,21,2,1,5,0
2023-08-29T15:36:00,2023-08-29T00:00:00,1536,72269,HOL,spt,3,,21,81,76,N21E81,N21E76,346,1,30,1,1,0,1,Axx,1,A,22,2,1,6,0
2023-08-29T08:14:00,2023-08-29T00:00:00,0814,16320,SVI,spt,2,3412,30,-60,-69,N30W60,N30W69,131,2,20,1,7,2,1,Hsx,1,A,299,2,1,7,0
2023-08-29T08:14:00,2023-08-29T00:00:00,0814,16320,SVI,spt,2,3413,10,-29,-39,N10W29,N10W39,100,7,140,16,4,3,2,Dao,2,B,301,2,1,8,0
2023-08-29T08:14:00,2023-08-29T00:00:00,0814,16320,SVI,spt,2,3415,-9,-8,-18,S09W08,S09W18,79,5,120,5,4,3,2,Dao,2,B,303,2,1,9,0
2023-08-29T08:14:00,2023-08-29T00:00:00,0814,16320,SVI,spt,2,3416,-19,25,16,S19E25,S19E16,46,1,20,1,7,2,1,Hsx,1,A,305,2,1,10,0
2023-08-29T08:14:00,2023-08-29T00:00:00,0814,16320,SVI,spt,2,3417,-8,70,60,S08E70,S08E60,1,11,110,6,5,2,2,Eso,2,B,307,2,1,11,0
2023-08-29T02:58:00,2023-08-29T00:00:00,0258,94302,LEA,spt,1,3413,9,-22,-35,N09W22,N09W35,96,4,120,4,3,2,2,Cso,2,B,275,2,1,12,0
2023-08-29T02:58:00,2023-08-29T00:00:00,0258,94302,LEA,spt,1,3415,-14,-7,-20,S14W07,S14W20,81,3,170,3,3,2,2,Cso,2,B,276,2,1,13,0
2023-08-29T02:58:00,2023-08-29T00:00:00,0258,94302,LEA,spt,1,3416,-24,32,20,S24E32,S24E20,42,1,70,1,7,1,1,Hrx,1,A,277,2,1,14,0
2023-08-29T02:58:00,2023-08-29T00:00:00,0258,94302,LEA,spt,1,3417,-9,67,54,S09E67,S09E54,7,3,120,2,3,1,2,Cro,2,B,278,2,1,15,0
2023-08-28T14:50:00,2023-08-28T00:00:00,1450,72269,HOL,spt,3,3412,30,-51,-56,N30W51,N30W56,132,1,30,1,7,2,1,Hsx,1,A,11,2,1,16,0
2023-08-28T14:50:00,2023-08-28T00:00:00,1450,72269,HOL,spt,3,3413,10,-20,-26,N10W20,N10W26,101,6,320,22,4,3,3,Dai,2,B,14,2,1,17,0
2023-08-28T14:50:00,2023-08-28T00:00:00,1450,72269,HOL,spt,3,3415,-9,1,-5,S09E01,S09W05,80,5,230,8,4,5,3,Dki,3,BG,17,2,1,18,0
2023-08-28T14:50:00,2023-08-28T00:00:00,1450,72269,HOL,spt,3,3416,-18,33,28,S18E33,S18E28,48,1,30,1,7,2,1,Hsx,1,A,18,2,1,19,0
2023-08-28T14:50:00,2023-08-28T00:00:00,1450,72269,HOL,spt,3,3417,-17,8,3,S17E08,S17E03,73,0,10,1,1,0,1,Axx,1,A,21,2,1,20,0
2023-08-28T14:50:00,2023-08-28T00:00:00,1450,72269,HOL,spt,3,,-12,22,16,S12E22,S12E16,59,1,0,2,1,0,1,Axx,1,A,19,2,1,21,0
2023-08-28T14:50:00,2023-08-28T00:00:00,1450,72269,HOL,spt,3,3417,-5,75,69,S05E75,S05E69,6,1,30,1,7,1,1,Hrx,1,A,20,2,1,22,0
2023-08-28T06:33:00,2023-08-28T00:00:00,0633,16320,SVI,spt,2,3412,31,-48,-58,N31W48,N31W58,134,2,20,1,7,2,1,Hsx,1,A,299,2,1,23,0
2023-08-28T06:33:00,2023-08-28T00:00:00,0633,16320,SVI,spt,2,3413,11,-15,-26,N11W15,N11W26,101,6,190,9,4,5,2,Dko,2,B,301,2,1,24,0
2023-08-28T06:33:00,2023-08-28T00:00:00,0633,16320,SVI,spt,2,3415,-9,6,-5,S09E06,S09W05,80,5,120,5,4,3,2,Dao,2,B,303,2,1,25,0
2023-08-28T06:33:00,2023-08-28T00:00:00,0633,16320,SVI,spt,2,3416,-19,38,28,S19E38,S19E28,48,2,20,1,7,2,1,Hsx,1,A,305,2,1,26,0
2023-08-28T01:02:00,2023-08-28T00:00:00,0102,94302,LEA,spt,2,3412,30,-42,-55,N30W42,N30W55,131,1,50,1,7,2,1,Hsx,1,A,273,2,1,27,0
2023-08-28T01:02:00,2023-08-28T00:00:00,0102,94302,LEA,spt,2,3413,10,-10,-24,N10W10,N10W24,99,5,300,8,3,5,2,Cko,2,B,275,2,1,28,0
2023-08-28T01:02:00,2023-08-28T00:00:00,0102,94302,LEA,spt,2,3415,-9,7,-7,S09E07,S09W07,82,4,280,5,3,5,2,Cko,2,B,276,2,1,29,0
2023-08-28T01:02:00,2023-08-28T00:00:00,0102,94302,LEA,spt,2,3416,-18,47,33,S18E47,S18E33,42,1,30,1,7,2,1,Hsx,1,A,277,2,1,30,0
2023-08-27T15:40:00,2023-08-27T00:00:00,1540,72269,HOL,spt,3,3411,13,-78,-83,N13W78,N13W83,172,1,30,1,7,1,1,Hrx,1,A,10,2,1,31,0
2023-08-27T15:40:00,2023-08-27T00:00:00,1540,72269,HOL,spt,3,3412,30,-39,-44,N30W39,N30W44,133,1,30,1,7,2,1,Hsx,1,A,11,2,1,32,0
2023-08-27T15:40:00,2023-08-27T00:00:00,1540,72269,HOL,spt,3,3413,11,-7,-12,N11W07,N11W12,101,6,340,25,4,5,3,Dki,3,BG,14,2,1,33,0
2023-08-27T15:40:00,2023-08-27T00:00:00,1540,72269,HOL,spt,3,3415,-10,15,10,S10E15,S10E10,79,5,250,16,4,5,2,Dko,2,B,17,2,1,34,0
2023-08-27T15:40:00,2023-08-27T00:00:00,1540,72269,HOL,spt,3,3416,-18,47,42,S18E47,S18E42,47,2,50,1,7,2,1,Hsx,1,A,18,2,1,35,0
2023-08-27T05:55:00,2023-08-27T00:00:00,0555,16320,SVI,spt,3,3411,13,-70,-81,N13W70,N13W81,169,2,30,1,7,2,1,Hsx,1,A,298,2,1,36,0
2023-08-27T05:55:00,2023-08-27T00:00:00,0555,16320,SVI,spt,3,3412,32,-34,-44,N32W34,N32W44,133,2,10,1,7,2,1,Hsx,1,A,299,2,1,37,0
2023-08-27T05:55:00,2023-08-27T00:00:00,0555,16320,SVI,spt,3,3413,9,-1,-12,N09W01,N09W12,100,7,140,16,4,5,2,Dko,2,B,301,2,1,38,0
2023-08-27T05:55:00,2023-08-27T00:00:00,0555,16320,SVI,spt,3,3415,-10,18,7,S10E18,S10E07,81,5,110,7,4,3,2,Dao,2,B,303,2,1,39,0
2023-08-27T05:55:00,2023-08-27T00:00:00,0555,16320,SVI,spt,3,3416,-19,52,41,S19E52,S19E41,47,2,20,1,7,2,1,Hsx,1,A,305,2,1,40,0
2023-08-27T05:55:00,2023-08-27T00:00:00,0555,16320,SVI,spt,3,,-18,27,16,S18E27,S18E16,72,0,0,1,1,0,1,Axx,1,A,306,2,1,41,0
2023-08-27T01:11:00,2023-08-27T00:00:00,0111,94302,LEA,spt,2,3411,12,-68,-82,N12W68,N12W82,170,2,50,1,7,2,1,Hsx,1,A,272,2,1,42,0
2023-08-27T01:11:00,2023-08-27T00:00:00,0111,94302,LEA,spt,2,3412,31,-27,-40,N31W27,N31W40,129,2,50,1,7,2,1,Hsx,1,A,273,2,1,43,0
2023-08-27T01:11:00,2023-08-27T00:00:00,0111,94302,LEA,spt,2,3413,9,6,-8,N09E06,N09W08,96,8,310,7,4,5,2,Dko,2,B,275,2,1,44,0
2023-08-27T01:11:00,2023-08-27T00:00:00,0111,94302,LEA,spt,2,3415,-9,20,6,S09E20,S09E06,82,4,200,4,4,3,2,Dao,5,BD,276,2,1,45,0
2023-08-27T01:11:00,2023-08-27T00:00:00,0111,94302,LEA,spt,2,3416,-19,58,44,S19E58,S19E44,44,2,40,1,7,2,1,Hsx,1,A,277,2,1,46,0
2023-08-26T15:15:00,2023-08-26T00:00:00,1515,72269,HOL,spt,3,3405,8,-84,-89,N08W84,N08W89,191,2,120,1,7,2,1,Hsx,1,A,5,2,1,47,0
2023-08-26T15:15:00,2023-08-26T00:00:00,1515,72269,HOL,spt,3,3411,13,-64,-69,N13W64,N13W69,171,2,80,1,7,2,1,Hsx,1,A,10,2,1,48,0
2023-08-26T15:15:00,2023-08-26T00:00:00,1515,72269,HOL,spt,3,3412,31,-28,-33,N31W28,N31W33,135,1,50,1,7,2,1,Hsx,1,A,11,2,1,49,0
2023-08-26T15:15:00,2023-08-26T00:00:00,1515,72269,HOL,spt,3,3413,12,8,3,N12E08,N12E03,99,7,660,16,4,5,2,Dko,2,B,14,2,1,50,0
2023-08-26T15:15:00,2023-08-26T00:00:00,1515,72269,HOL,spt,3,3415,-10,28,23,S10E28,S10E23,79,4,230,5,4,2,2,Dso,2,B,17,2,1,51,0
2023-08-26T15:15:00,2023-08-26T00:00:00,1515,72269,HOL,spt,3,3416,-18,60,55,S18E60,S18E55,47,1,90,1,7,2,1,Hsx,1,A,18,2,1,52,0
2023-08-26T06:40:00,2023-08-26T00:00:00,0640,16320,SVI,spt,2,3405,9,-78,-88,N09W78,N09W88,190,2,30,1,7,2,1,Hsx,1,A,292,2,1,53,0
2023-08-26T06:40:00,2023-08-26T00:00:00,0640,16320,SVI,spt,2,3411,13,-59,-69,N13W59,N13W69,171,2,20,1,7,2,1,Hsx,1,A,298,2,1,54,0
2023-08-26T06:40:00,2023-08-26T00:00:00,0640,16320,SVI,spt,2,3412,31,-23,-33,N31W23,N31W33,135,2,20,1,7,2,1,Hsx,1,A,299,2,1,55,0
2023-08-26T06:40:00,2023-08-26T00:00:00,0640,16320,SVI,spt,2,3413,12,13,3,N12E13,N12E03,99,7,210,6,4,5,2,Dko,2,B,301,2,1,56,0
2023-08-26T06:40:00,2023-08-26T00:00:00,0640,16320,SVI,spt,2,3415,-9,32,22,S09E32,S09E22,80,4,130,5,4,3,2,Dao,2,B,303,2,1,57,0
2023-08-26T06:40:00,2023-08-26T00:00:00,0640,16320,SVI,spt,2,3416,-18,65,55,S18E65,S18E55,47,2,30,1,7,2,1,Hsx,1,A,305,2,1,58,0
2023-08-25T17:30:00,2023-08-25T00:00:00,1730,72269,HOL,spt,2,3405,8,-71,-75,N08W71,N08W75,190,3,170,1,7,3,1,Hax,1,A,5,2,1,59,0
2023-08-25T17:30:00,2023-08-25T00:00:00,1730,72269,HOL,spt,2,3411,13,-52,-56,N13W52,N13W56,171,2,60,1,7,2,1,Hsx,1,A,10,2,1,60,0
2023-08-25T17:30:00,2023-08-25T00:00:00,1730,72269,HOL,spt,2,3412,31,-15,-19,N31W15,N31W19,134,2,40,1,7,2,1,Hsx,1,A,11,2,1,61,0
2023-08-25T17:30:00,2023-08-25T00:00:00,1730,72269,HOL,spt,2,3413,11,20,16,N11E20,N11E16,99,7,360,11,4,5,2,Dko,2,B,14,2,1,62,0
2023-08-25T17:30:00,2023-08-25T00:00:00,1730,72269,HOL,spt,2,3415,-11,39,35,S11E39,S11E35,80,3,290,6,4,2,2,Dso,2,B,17,2,1,63,0
2023-08-25T17:30:00,2023-08-25T00:00:00,1730,72269,HOL,spt,2,3416,-19,72,68,S19E72,S19E68,47,2,60,1,7,2,1,Hsx,1,A,18,2,1,64,0
2023-08-25T10:59:00,2023-08-25T00:00:00,1059,16320,SVI,spt,3,3405,8,-68,-76,N08W68,N08W76,191,4,90,1,7,3,1,Hax,1,A,292,2,1,65,0
2023-08-25T10:59:00,2023-08-25T00:00:00,1059,16320,SVI,spt,3,3411,14,-48,-56,N14W48,N14W56,171,3,10,2,3,2,2,Cso,2,B,298,2,1,66,0
2023-08-25T10:59:00,2023-08-25T00:00:00,1059,16320,SVI,spt,3,3412,32,-12,-19,N32W12,N32W19,135,2,20,2,7,2,1,Hsx,1,A,299,2,1,67,0
2023-08-25T10:59:00,2023-08-25T00:00:00,1059,16320,SVI,spt,3,3413,13,24,16,N13E24,N13E16,99,9,140,8,4,5,2,Dko,2,B,301,2,1,68,0
2023-08-25T10:59:00,2023-08-25T00:00:00,1059,16320,SVI,spt,3,3415,-9,44,36,S09E44,S09E36,79,5,110,4,3,5,2,Cko,2,B,303,2,1,69,0
2023-08-25T10:59:00,2023-08-25T00:00:00,1059,16320,SVI,spt,3,3414,-10,-15,-23,S10W15,S10W23,138,0,0,1,1,0,1,Axx,1,A,304,2,1,70,0
2023-08-25T10:59:00,2023-08-25T00:00:00,1059,16320,SVI,spt,3,3416,-19,79,71,S19E79,S19E71,44,2,30,1,7,2,1,Hsx,1,A,305,2,1,71,0
2023-08-25T03:15:00,2023-08-25T00:00:00,0315,94302,LEA,spt,3,3405,9,-65,-78,N09W65,N09W78,192,2,120,1,7,2,1,Hsx,1,A,267,2,1,72,0
2023-08-25T03:15:00,2023-08-25T00:00:00,0315,94302,LEA,spt,3,3411,14,-46,-58,N14W46,N14W58,173,1,50,1,7,2,1,Hsx,1,A,272,2,1,73,0
2023-08-25T03:15:00,2023-08-25T00:00:00,0315,94302,LEA,spt,3,3412,31,-8,-20,N31W08,N31W20,135,1,60,1,7,2,1,Hsx,1,A,273,2,1,74,0
2023-08-25T03:15:00,2023-08-25T00:00:00,0315,94302,LEA,spt,3,3413,13,27,15,N13E27,N13E15,100,7,500,8,4,5,3,Dki,2,B,275,2,1,75,0
2023-08-25T03:15:00,2023-08-25T00:00:00,0315,94302,LEA,spt,3,3415,-9,48,35,S09E48,S09E35,79,4,270,4,4,5,2,Dko,2,B,276,2,1,76,0
2023-08-24T15:34:00,2023-08-24T00:00:00,1534,72269,HOL,spt,2,3405,11,-54,-59,N11W54,N11W59,187,2,210,2,3,3,2,Cao,2,B,5,2,1,77,0
2023-08-24T15:34:00,2023-08-24T00:00:00,1534,72269,HOL,spt,2,3411,12,-38,-43,N12W38,N12W43,171,2,50,2,7,3,1,Hax,1,A,10,2,1,78,0
2023-08-24T15:34:00,2023-08-24T00:00:00,1534,72269,HOL,spt,2,3412,31,4,-1,N31E04,N31W01,129,2,70,2,7,2,1,Hsx,1,A,11,2,1,79,0
2023-08-24T15:34:00,2023-08-24T00:00:00,1534,72269,HOL,spt,2,3413,9,38,33,N09E38,N09E33,95,8,400,21,4,5,3,Dki,2,B,14,2,1,80,0
2023-08-24T15:34:00,2023-08-24T00:00:00,1534,72269,HOL,spt,2,3404,-9,-66,-71,S09W66,S09W71,199,2,40,3,3,2,2,Cso,2,B,3,2,1,81,0
2023-08-24T15:34:00,2023-08-24T00:00:00,1534,72269,HOL,spt,2,3414,-7,-2,-7,S07W02,S07W07,135,3,10,3,1,0,1,Axx,1,A,13,2,1,82,0
2023-08-24T15:34:00,2023-08-24T00:00:00,1534,72269,HOL,spt,2,3415,-9,53,48,S09E53,S09E48,80,4,300,5,3,5,4,Ckc,2,B,17,2,0,83,0
2023-08-24T08:24:00,2023-08-24T00:00:00,0824,16320,SVI,spt,3,3405,10,-53,-62,N10W53,N10W62,190,4,80,3,3,3,2,Cao,2,B,292,2,1,84,0
2023-08-24T08:24:00,2023-08-24T00:00:00,0824,16320,SVI,spt,3,3411,14,-34,-43,N14W34,N14W43,171,2,20,1,7,2,1,Hsx,1,A,298,2,1,85,0
2023-08-24T08:24:00,2023-08-24T00:00:00,0824,16320,SVI,spt,3,3412,31,2,-7,N31E02,N31W07,135,2,20,1,7,2,1,Hsx,1,A,299,2,1,86,0
2023-08-24T08:24:00,2023-08-24T00:00:00,0824,16320,SVI,spt,3,3413,11,42,33,N11E42,N11E33,95,15,210,13,5,5,2,Eko,2,B,301,2,1,87,0
2023-08-24T08:24:00,2023-08-24T00:00:00,0824,16320,SVI,spt,3,3415,-10,58,49,S10E58,S10E49,79,6,150,3,3,5,2,Cko,2,B,303,2,1,88,0
2023-08-24T00:32:00,2023-08-24T00:00:00,0032,94302,LEA,spt,3,3405,8,-48,-62,N08W48,N08W62,190,2,140,3,7,2,1,Hsx,1,A,267,2,1,89,0
2023-08-24T00:32:00,2023-08-24T00:00:00,0032,94302,LEA,spt,3,3411,13,-30,-44,N13W30,N13W44,172,1,70,1,7,2,1,Hsx,1,A,272,2,1,90,0
2023-08-24T00:32:00,2023-08-24T00:00:00,0032,94302,LEA,spt,3,3412,-32,-6,-19,S32W06,S32W19,148,2,80,1,7,2,1,Hsx,1,A,273,2,1,91,0
2023-08-24T00:32:00,2023-08-24T00:00:00,0032,94302,LEA,spt,3,3413,-14,-44,-58,S14W44,S14W58,186,10,390,11,3,4,2,Cho,2,B,275,2,1,92,0
2023-08-24T00:32:00,2023-08-24T00:00:00,0032,94302,LEA,spt,3,3415,-9,64,50,S09E64,S09E50,78,5,600,4,3,4,2,Cho,2,B,276,2,1,93,0
2023-08-23T07:52:00,2023-08-23T00:00:00,0752,16320,SVI,spt,2,3404,-12,-52,-62,S12W52,S12W62,203,0,0,1,1,0,1,Axx,1,A,291,2,1,94,0
2023-08-23T07:52:00,2023-08-23T00:00:00,0752,16320,SVI,spt,2,3405,9,-38,-48,N09W38,N09W48,189,3,70,1,7,3,1,Hax,1,A,292,2,1,95,0
2023-08-23T07:52:00,2023-08-23T00:00:00,0752,16320,SVI,spt,2,3407,-19,-75,-85,S19W75,S19W85,226,2,20,1,7,2,1,Hsx,1,A,294,2,1,96,0
2023-08-23T07:52:00,2023-08-23T00:00:00,0752,16320,SVI,spt,2,3411,14,-19,-29,N14W19,N14W29,170,4,20,2,3,2,2,Cso,2,B,298,2,1,97,0
2023-08-23T07:52:00,2023-08-23T00:00:00,0752,16320,SVI,spt,2,3412,31,16,7,N31E16,N31E07,135,2,20,1,7,2,1,Hsx,1,A,299,2,1,98,0
2023-08-23T07:52:00,2023-08-23T00:00:00,0752,16320,SVI,spt,2,3413,13,57,47,N13E57,N13E47,94,17,200,6,3,5,2,Cko,2,B,301,2,1,99,0
2023-08-23T07:52:00,2023-08-23T00:00:00,0752,16320,SVI,spt,2,3415,-9,72,62,S09E72,S09E62,79,10,240,3,4,4,2,Dho,2,B,303,2,1,100,0
2023-08-23T01:40:00,2023-08-23T00:00:00,0140,94302,LEA,spt,3,3407,-15,-69,-82,S15W69,S15W82,223,2,40,1,7,3,1,Hax,1,A,269,2,1,101,0
2023-08-23T01:40:00,2023-08-23T00:00:00,0140,94302,LEA,spt,3,3404,-10,-50,-63,S10W50,S10W63,204,3,30,2,3,1,2,Cro,2,B,266,2,1,102,0
2023-08-23T01:40:00,2023-08-23T00:00:00,0140,94302,LEA,spt,3,3405,12,-35,-48,N12W35,N12W48,189,4,180,7,3,2,2,Cso,2,B,267,2,1,103,0
2023-08-23T01:40:00,2023-08-23T00:00:00,0140,94302,LEA,spt,3,3411,15,-15,-28,N15W15,N15W28,169,2,60,1,7,2,1,Hsx,1,A,272,2,1,104,0
2023-08-23T01:40:00,2023-08-23T00:00:00,0140,94302,LEA,spt,3,3412,29,22,9,N29E22,N29E09,132,3,70,1,7,2,1,Hsx,1,A,273,2,1,105,0
2023-08-23T01:40:00,2023-08-23T00:00:00,0140,94302,LEA,spt,3,3414,-11,18,5,S11E18,S11E05,136,2,30,2,7,1,1,Hrx,1,A,274,2,1,106,0
2023-08-23T01:40:00,2023-08-23T00:00:00,0140,94302,LEA,spt,3,3413,8,58,45,N08E58,N08E45,96,17,360,6,6,5,2,Fko,2,B,275,2,1,107,0
2023-08-23T01:40:00,2023-08-23T00:00:00,0140,94302,LEA,spt,3,3415,-14,75,62,S14E75,S14E62,79,15,450,4,5,5,2,Eko,2,B,276,2,1,108,0
2023-08-22T15:42:00,2023-08-22T00:00:00,1542,72269,HOL,spt,3,3403,26,-83,-88,N26W83,N26W88,243,3,150,1,7,4,1,Hhx,1,A,327,2,1,109,0
2023-08-22T15:42:00,2023-08-22T00:00:00,1542,72269,HOL,spt,3,3405,11,-27,-32,N11W27,N11W32,187,3,170,4,3,5,2,Cko,2,B,5,2,1,110,0
2023-08-22T15:42:00,2023-08-22T00:00:00,1542,72269,HOL,spt,3,3411,12,-11,-16,N12W11,N12W16,171,2,60,1,7,2,1,Hsx,1,A,10,2,1,111,0
2023-08-22T15:42:00,2023-08-22T00:00:00,1542,72269,HOL,spt,3,3412,31,29,24,N31E29,N31E24,131,2,100,1,7,3,1,Hax,1,A,11,2,1,112,0
2023-08-22T15:42:00,2023-08-22T00:00:00,1542,72269,HOL,spt,3,3413,9,64,59,N09E64,N09E59,96,5,420,2,7,5,1,Hkx,1,A,14,2,1,113,0
2023-08-22T15:42:00,2023-08-22T00:00:00,1542,72269,HOL,spt,3,3407,-21,-65,-70,S21W65,S21W70,225,1,40,1,7,2,1,Hsx,1,A,6,2,1,114,0
2023-08-22T15:42:00,2023-08-22T00:00:00,1542,72269,HOL,spt,3,3404,-9,-39,-44,S09W39,S09W44,199,1,10,1,7,1,1,Hrx,1,A,3,2,1,115,0
2023-08-22T15:42:00,2023-08-22T00:00:00,1542,72269,HOL,spt,3,,-24,-50,-55,S24W50,S24W55,210,3,10,2,2,0,2,Bxo,2,B,16,2,1,116,0
2023-08-22T15:42:00,2023-08-22T00:00:00,1542,72269,HOL,spt,3,3414,-7,24,19,S07E24,S07E19,136,3,20,6,7,1,1,Hrx,1,A,13,2,1,117,0
2023-08-22T15:42:00,2023-08-22T00:00:00,1542,72269,HOL,spt,3,3415,-9,79,74,S09E79,S09E74,81,5,480,1,7,5,1,Hkx,1,A,17,3,1,118,0
2023-08-22T06:05:00,2023-08-22T00:00:00,0605,16320,SVI,spt,2,3403,24,-80,-91,N24W80,N24W91,245,3,30,1,7,3,1,Hax,1,A,290,2,1,119,0
2023-08-22T06:05:00,2023-08-22T00:00:00,0605,16320,SVI,spt,2,3404,-15,-37,-48,S15W37,S15W48,202,4,10,3,3,2,2,Cso,2,B,291,2,1,120,0
2023-08-22T06:05:00,2023-08-22T00:00:00,0605,16320,SVI,spt,2,3405,8,-24,-35,N08W24,N08W35,189,5,40,3,3,2,2,Cso,2,B,292,2,1,121,0
2023-08-22T06:05:00,2023-08-22T00:00:00,0605,16320,SVI,spt,2,3407,-18,-59,-70,S18W59,S18W70,224,3,10,2,3,2,2,Cso,2,B,294,2,1,122,0
2023-08-22T06:05:00,2023-08-22T00:00:00,0605,16320,SVI,spt,2,3411,13,-6,-17,N13W06,N13W17,171,2,20,1,7,2,1,Hsx,1,A,298,2,1,123,0
2023-08-22T06:05:00,2023-08-22T00:00:00,0605,16320,SVI,spt,2,3412,32,32,22,N32E32,N32E22,133,3,20,1,7,3,1,Hax,1,A,299,2,1,124,0
2023-08-22T06:05:00,2023-08-22T00:00:00,0605,16320,SVI,spt,2,3414,-9,31,20,S09E31,S09E20,134,0,0,3,1,0,1,Axx,1,A,300,2,1,125,0
2023-08-22T06:05:00,2023-08-22T00:00:00,0605,16320,SVI,spt,2,3413,10,68,57,N10E68,N10E57,97,7,100,4,3,5,2,Cko,2,B,301,2,1,126,0
2023-08-22T06:05:00,2023-08-22T00:00:00,0605,16320,SVI,spt,2,,-24,-46,-57,S24W46,S24W57,211,0,0,1,1,0,1,Axx,1,A,302,2,1,127,0
2023-08-21T15:06:00,2023-08-21T00:00:00,1506,72269,HOL,spt,3,3403,26,-69,-74,N26W69,N26W74,242,3,100,3,3,2,2,Cso,2,B,327,2,1,128,0
2023-08-21T15:06:00,2023-08-21T00:00:00,1506,72269,HOL,spt,3,3405,11,-13,-18,N11W13,N11W18,186,3,150,2,7,5,1,Hkx,1,A,5,2,1,129,0
2023-08-21T15:06:00,2023-08-21T00:00:00,1506,72269,HOL,spt,3,3411,12,1,-4,N12E01,N12W04,172,2,80,1,7,2,1,Hsx,1,A,10,2,1,130,0
2023-08-21T15:06:00,2023-08-21T00:00:00,1506,72269,HOL,spt,3,3412,31,42,37,N31E42,N31E37,131,2,80,1,7,3,1,Hax,1,A,11,2,1,131,0
2023-08-21T15:06:00,2023-08-21T00:00:00,1506,72269,HOL,spt,3,3413,9,78,73,N09E78,N09E73,95,3,240,1,7,4,1,Hhx,1,A,14,2,1,132,0
2023-08-21T15:06:00,2023-08-21T00:00:00,1506,72269,HOL,spt,3,,17,20,15,N17E20,N17E15,153,1,10,3,1,0,1,Axx,1,A,15,2,1,133,0
2023-08-21T15:06:00,2023-08-21T00:00:00,1506,72269,HOL,spt,3,3407,-21,-52,-57,S21W52,S21W57,225,3,170,7,4,3,3,Dai,3,BG,6,2,1,134,0
2023-08-21T15:06:00,2023-08-21T00:00:00,1506,72269,HOL,spt,3,3404,-9,-26,-31,S09W26,S09W31,199,3,40,3,4,3,2,Dao,2,B,3,2,1,135,0
2023-08-21T15:06:00,2023-08-21T00:00:00,1506,72269,HOL,spt,3,3414,-11,37,32,S11E37,S11E32,136,2,30,7,3,1,2,Cro,3,BG,13,2,1,136,0
2023-08-21T06:05:00,2023-08-21T00:00:00,0605,16320,SVI,spt,2,3403,24,-67,-78,N24W67,N24W78,245,5,40,2,3,3,2,Cao,2,B,290,2,1,137,0
2023-08-21T06:05:00,2023-08-21T00:00:00,0605,16320,SVI,spt,2,3404,-13,-25,-36,S13W25,S13W36,203,0,0,1,1,0,1,Axx,1,A,291,2,1,138,0
2023-08-21T06:05:00,2023-08-21T00:00:00,0605,16320,SVI,spt,2,3405,10,-10,-21,N10W10,N10W21,188,5,40,2,3,3,2,Cao,2,B,292,2,1,139,0
2023-08-21T06:05:00,2023-08-21T00:00:00,0605,16320,SVI,spt,2,3407,-18,-47,-58,S18W47,S18W58,225,5,50,8,3,3,2,Cao,2,B,294,2,1,140,0
2023-08-21T06:05:00,2023-08-21T00:00:00,0605,16320,SVI,spt,2,3411,14,7,-4,N14E07,N14W04,171,2,20,1,7,2,1,Hsx,1,A,298,2,1,141,0
2023-08-21T06:05:00,2023-08-21T00:00:00,0605,16320,SVI,spt,2,3412,32,42,32,N32E42,N32E32,136,2,30,1,7,2,1,Hsx,1,A,299,2,1,142,0
2023-08-21T06:05:00,2023-08-21T00:00:00,0605,16320,SVI,spt,2,3414,-8,43,32,S08E43,S08E32,135,2,0,3,1,0,1,Axx,1,A,300,2,1,143,0
2023-08-21T06:05:00,2023-08-21T00:00:00,0605,16320,SVI,spt,2,3413,11,85,74,N11E85,N11E74,93,3,60,1,7,2,1,Hsx,1,A,301,2,1,144,0
2023-08-21T00:34:00,2023-08-21T00:00:00,0034,94302,LEA,spt,3,3407,-18,-45,-59,S18W45,S18W59,226,4,130,9,4,3,3,Dai,2,B,269,2,1,145,0
2023-08-21T00:34:00,2023-08-21T00:00:00,0034,94302,LEA,spt,3,3403,28,-61,-75,N28W61,N28W75,242,4,200,4,3,2,2,Cso,2,B,263,2,1,146,0
2023-08-21T00:34:00,2023-08-21T00:00:00,0034,94302,LEA,spt,3,3405,10,-7,-21,N10W07,N10W21,188,2,150,1,7,2,1,Hsx,1,A,267,2,1,147,0
2023-08-21T00:34:00,2023-08-21T00:00:00,0034,94302,LEA,spt,3,3411,13,12,-2,N13E12,N13W02,169,2,80,1,7,2,1,Hsx,1,A,272,2,1,148,0
2023-08-21T00:34:00,2023-08-21T00:00:00,0034,94302,LEA,spt,3,3412,28,47,33,N28E47,N28E33,134,2,90,1,7,2,1,Hsx,1,A,273,2,1,149,0
2023-08-21T00:34:00,2023-08-21T00:00:00,0034,94302,LEA,spt,3,,89,7,-4,N89E07,N89W04,174,3,180,1,7,3,1,Hax,1,A,275,2,1,150,0
2023-08-21T00:34:00,2023-08-21T00:00:00,0034,94302,LEA,spt,3,,-46,12,-1,S46E12,S46W01,169,2,30,4,1,0,1,Axx,1,A,274,2,1,151,0
2023-08-20T15:50:00,2023-08-20T00:00:00,1550,72269,HOL,spt,4,3403,25,-58,-63,N25W58,N25W63,244,9,100,7,3,2,2,Cso,2,B,327,2,1,152,0
2023-08-20T15:50:00,2023-08-20T00:00:00,1550,72269,HOL,spt,4,3404,-13,-15,-20,S13W15,S13W20,201,5,10,2,2,0,2,Bxo,2,B,3,2,1,153,0
2023-08-20T15:50:00,2023-08-20T00:00:00,1550,72269,HOL,spt,4,3405,10,-4,-9,N10W04,N10W09,190,3,150,2,7,4,1,Hhx,1,A,5,2,1,154,0
2023-08-20T15:50:00,2023-08-20T00:00:00,1550,72269,HOL,spt,4,3407,-20,-38,-43,S20W38,S20W43,224,6,170,6,4,5,4,Dkc,2,B,6,2,1,155,0
2023-08-20T15:50:00,2023-08-20T00:00:00,1550,72269,HOL,spt,4,3409,21,-65,-70,N21W65,N21W70,251,0,0,1,1,0,1,Axx,1,A,8,2,1,156,0
2023-08-20T15:50:00,2023-08-20T00:00:00,1550,72269,HOL,spt,4,3411,14,15,10,N14E15,N14E10,171,2,60,1,7,2,1,Hsx,1,A,10,2,1,157,0
2023-08-20T15:50:00,2023-08-20T00:00:00,1550,72269,HOL,spt,4,3412,32,50,45,N32E50,N32E45,136,2,60,1,7,2,1,Hsx,1,A,11,2,1,158,0
2023-08-20T15:50:00,2023-08-20T00:00:00,1550,72269,HOL,spt,4,,-9,51,46,S09E51,S09E46,135,2,10,2,1,0,1,Axx,1,A,13,2,1,159,0
2023-08-20T05:59:00,2023-08-20T00:00:00,0559,16320,SVI,spt,2,3403,27,-51,-61,N27W51,N27W61,243,11,80,7,3,2,2,Cso,2,B,290,2,1,160,0
2023-08-20T05:59:00,2023-08-20T00:00:00,0559,16320,SVI,spt,2,3404,-9,-9,-20,S09W09,S09W20,201,0,0,1,1,0,1,Axx,1,A,291,2,1,161,0
2023-08-20T05:59:00,2023-08-20T00:00:00,0559,16320,SVI,spt,2,3405,10,5,-6,N10E05,N10W06,187,8,70,3,3,3,2,Cao,2,B,292,2,1,162,0
2023-08-20T05:59:00,2023-08-20T00:00:00,0559,16320,SVI,spt,2,3407,-18,-34,-45,S18W34,S18W45,226,6,90,6,4,3,2,Dao,2,B,294,2,1,163,0
2023-08-20T05:59:00,2023-08-20T00:00:00,0559,16320,SVI,spt,2,3411,13,21,10,N13E21,N13E10,171,2,30,1,7,2,1,Hsx,1,A,298,2,1,164,0
2023-08-20T05:59:00,2023-08-20T00:00:00,0559,16320,SVI,spt,2,3412,31,55,45,N31E55,N31E45,137,2,30,1,7,2,1,Hsx,1,A,299,2,1,165,0
2023-08-20T05:59:00,2023-08-20T00:00:00,0559,16320,SVI,spt,2,,-10,57,46,S10E57,S10E46,135,1,10,2,7,1,1,Hrx,1,A,300,2,1,166,0
2023-08-20T05:30:00,2023-08-20T00:00:00,0530,94302,LEA,spt,3,3403,28,-48,-59,N28W48,N28W59,240,9,150,7,3,3,2,Cao,2,B,263,2,1,167,0
2023-08-20T05:30:00,2023-08-20T00:00:00,0530,94302,LEA,spt,3,3407,-18,-34,-45,S18W34,S18W45,226,6,260,11,4,5,3,Dki,2,B,269,2,1,168,0
2023-08-20T05:30:00,2023-08-20T00:00:00,0530,94302,LEA,spt,3,3404,-9,-9,-20,S09W09,S09W20,201,0,0,1,1,0,1,Axx,1,A,266,2,1,169,0
2023-08-20T05:30:00,2023-08-20T00:00:00,0530,94302,LEA,spt,3,3405,9,3,-8,N09E03,N09W08,189,4,110,2,3,2,2,Cso,2,B,267,2,1,170,0
2023-08-20T05:30:00,2023-08-20T00:00:00,0530,94302,LEA,spt,3,3411,12,21,10,N12E21,N12E10,171,2,70,1,7,2,1,Hsx,1,A,272,2,1,171,0
2023-08-20T05:30:00,2023-08-20T00:00:00,0530,94302,LEA,spt,3,3412,29,55,44,N29E55,N29E44,137,2,40,1,7,3,1,Hax,1,A,273,2,1,172,0
2023-08-20T05:30:00,2023-08-20T00:00:00,0530,94302,LEA,spt,3,,-11,56,45,S11E56,S11E45,136,3,40,2,7,1,1,Hrx,1,A,274,2,1,173,0
2023-08-19T15:40:00,2023-08-19T00:00:00,1540,72269,HOL,spt,5,3403,26,-43,-48,N26W43,N26W48,243,1,190,9,5,4,3,Ehi,2,B,327,2,1,174,0
2023-08-19T15:40:00,2023-08-19T00:00:00,1540,72269,HOL,spt,5,3404,-8,1,-4,S08E01,S08W04,199,3,10,2,3,1,2,Cro,2,B,3,2,1,175,0
2023-08-19T15:40:00,2023-08-19T00:00:00,1540,72269,HOL,spt,5,3405,10,11,6,N10E11,N10E06,189,3,130,9,5,4,2,Eho,2,B,5,2,1,176,0
2023-08-19T15:40:00,2023-08-19T00:00:00,1540,72269,HOL,spt,5,3406,-18,-69,-74,S18W69,S18W74,269,10,30,5,2,0,2,Bxo,2,B,1,2,1,177,0
2023-08-19T15:40:00,2023-08-19T00:00:00,1540,72269,HOL,spt,5,3407,-19,-25,-30,S19W25,S19W30,225,6,190,6,4,5,4,Dkc,2,B,6,2,1,178,0
2023-08-19T15:40:00,2023-08-19T00:00:00,1540,72269,HOL,spt,5,3409,19,-51,-56,N19W51,N19W56,251,3,20,3,3,1,2,Cro,2,B,8,2,1,179,0
2023-08-19T15:40:00,2023-08-19T00:00:00,1540,72269,HOL,spt,5,3411,14,26,21,N14E26,N14E21,174,6,50,3,7,2,1,Hsx,1,A,10,2,1,180,0
2023-08-19T15:40:00,2023-08-19T00:00:00,1540,72269,HOL,spt,5,3412,32,62,57,N32E62,N32E57,138,1,80,1,7,2,1,Hsx,1,A,11,2,1,181,0
2023-08-19T15:40:00,2023-08-19T00:00:00,1540,72269,HOL,spt,5,,-10,65,60,S10E65,S10E60,135,2,20,4,1,0,1,Axx,1,A,13,2,1,182,0
2023-08-19T05:46:00,2023-08-19T00:00:00,0546,16320,SVI,spt,3,3403,27,-38,-49,N27W38,N27W49,243,11,70,9,5,3,2,Eao,2,B,290,2,1,183,0
2023-08-19T05:46:00,2023-08-19T00:00:00,0546,16320,SVI,spt,3,3404,-11,4,-7,S11E04,S11W07,201,3,10,2,3,2,2,Cso,2,B,291,2,1,184,0
2023-08-19T05:46:00,2023-08-19T00:00:00,0546,16320,SVI,spt,3,3405,10,21,10,N10E21,N10E10,184,12,60,3,3,2,2,Cso,2,B,292,2,1,185,0
2023-08-19T05:46:00,2023-08-19T00:00:00,0546,16320,SVI,spt,3,3406,-16,-68,-79,S16W68,S16W79,273,0,0,1,1,0,1,Axx,1,A,293,2,1,186,0
2023-08-19T05:46:00,2023-08-19T00:00:00,0546,16320,SVI,spt,3,3407,-19,-21,-32,S19W21,S19W32,226,6,80,4,4,2,2,Dso,2,B,294,2,1,187,0
2023-08-19T05:46:00,2023-08-19T00:00:00,0546,16320,SVI,spt,3,3409,21,-45,-56,N21W45,N21W56,250,5,20,5,3,2,2,Cso,2,B,296,2,1,188,0
2023-08-19T05:46:00,2023-08-19T00:00:00,0546,16320,SVI,spt,3,3411,14,33,22,N14E33,N14E22,172,4,40,2,3,2,2,Cso,2,B,298,2,1,189,0
2023-08-19T05:46:00,2023-08-19T00:00:00,0546,16320,SVI,spt,3,3412,31,69,59,N31E69,N31E59,136,1,30,1,7,2,1,Hsx,1,A,299,2,1,190,0
2023-08-19T05:46:00,2023-08-19T00:00:00,0546,16320,SVI,spt,3,,-11,70,59,S11E70,S11E59,135,1,10,1,7,2,1,Hsx,1,A,300,2,1,191,0
2023-08-19T05:25:00,2023-08-19T00:00:00,0525,94302,LEA,spt,2,3403,27,-36,-47,N27W36,N27W47,241,9,160,8,4,2,2,Dso,2,B,263,2,1,192,0
2023-08-19T05:25:00,2023-08-19T00:00:00,0525,94302,LEA,spt,2,3409,23,-45,-56,N23W45,N23W56,250,5,40,5,3,1,2,Cro,2,B,264,2,1,193,0
2023-08-19T05:25:00,2023-08-19T00:00:00,0525,94302,LEA,spt,2,3410,-14,-96,-107,S14W96,S14W0*,301,0,0,1,1,0,1,Axx,1,A,271,2,1,194,0
2023-08-19T05:25:00,2023-08-19T00:00:00,0525,94302,LEA,spt,2,3407,-18,-22,-33,S18W22,S18W33,227,6,140,4,4,2,2,Dso,2,B,269,2,1,195,0
2023-08-19T05:25:00,2023-08-19T00:00:00,0525,94302,LEA,spt,2,3404,-9,4,-7,S09E04,S09W07,201,0,0,1,1,0,1,Axx,1,A,266,2,1,196,0
2023-08-19T05:25:00,2023-08-19T00:00:00,0525,94302,LEA,spt,2,3405,9,23,12,N09E23,N09E12,182,12,140,2,3,1,2,Cro,2,B,267,2,1,197,0
2023-08-19T05:25:00,2023-08-19T00:00:00,0525,94302,LEA,spt,2,3411,13,34,23,N13E34,N13E23,171,4,60,2,3,1,2,Cro,2,B,272,2,1,198,0
2023-08-19T05:25:00,2023-08-19T00:00:00,0525,94302,LEA,spt,2,3412,29,68,57,N29E68,N29E57,137,2,50,1,7,3,1,Hax,1,A,273,2,1,199,0
2023-08-18T17:30:00,2023-08-18T00:00:00,1730,72269,HOL,spt,4,3403,26,-30,-34,N26W30,N26W34,242,11,140,14,5,4,3,Ehi,2,B,327,2,1,200,0
2023-08-18T17:30:00,2023-08-18T00:00:00,1730,72269,HOL,spt,4,3404,-13,11,7,S13E11,S13E07,201,7,20,8,3,1,2,Cro,2,B,3,2,1,201,0
2023-08-18T17:30:00,2023-08-18T00:00:00,1730,72269,HOL,spt,4,3405,10,28,24,N10E28,N10E24,184,13,110,7,3,4,2,Cho,2,B,5,2,1,202,0
2023-08-18T17:30:00,2023-08-18T00:00:00,1730,72269,HOL,spt,4,3406,-16,-59,-63,S16W59,S16W63,271,3,10,2,3,1,2,Cro,2,B,1,2,1,203,0
2023-08-18T17:30:00,2023-08-18T00:00:00,1730,72269,HOL,spt,4,3407,-19,-23,-27,S19W23,S19W27,235,7,120,5,4,4,4,Dhc,2,B,6,2,1,204,0
2023-08-18T17:30:00,2023-08-18T00:00:00,1730,72269,HOL,spt,4,3409,21,-39,-43,N21W39,N21W43,251,5,40,10,4,1,3,Dri,4,G,8,2,1,205,0
2023-08-18T17:30:00,2023-08-18T00:00:00,1730,72269,HOL,spt,4,3411,14,38,34,N14E38,N14E34,174,5,60,3,7,2,1,Hsx,1,A,10,2,1,206,0
2023-08-18T17:30:00,2023-08-18T00:00:00,1730,72269,HOL,spt,4,3412,32,76,72,N32E76,N32E72,136,2,60,1,7,2,1,Hsx,1,A,11,2,1,207,0
2023-08-18T17:30:00,2023-08-18T00:00:00,1730,72269,HOL,spt,4,,28,25,21,N28E25,N28E21,187,0,0,1,1,0,1,Axx,1,A,12,2,1,208,0
2023-08-18T17:30:00,2023-08-18T00:00:00,1730,72269,HOL,spt,4,,-12,79,75,S12E79,S12E75,133,1,10,2,7,1,1,Hrx,1,A,13,2,1,209,0
2023-08-18T05:20:00,2023-08-18T00:00:00,0520,16320,SVI,spt,2,3403,26,-25,-36,N26W25,N26W36,243,10,80,11,4,3,2,Dao,2,B,290,2,1,210,0
2023-08-18T05:20:00,2023-08-18T00:00:00,0520,16320,SVI,spt,2,3404,-8,18,7,S08E18,S08E07,200,2,10,1,7,3,1,Hax,1,A,291,2,1,211,0
2023-08-18T05:20:00,2023-08-18T00:00:00,0520,16320,SVI,spt,2,3405,11,35,24,N11E35,N11E24,183,14,60,3,5,3,2,Eao,2,B,292,2,1,212,0
2023-08-18T05:20:00,2023-08-18T00:00:00,0520,16320,SVI,spt,2,3406,-17,-51,-62,S17W51,S17W62,269,0,0,1,1,0,1,Axx,1,A,293,2,1,213,0
2023-08-18T05:20:00,2023-08-18T00:00:00,0520,16320,SVI,spt,2,3407,-18,-7,-18,S18W07,S18W18,225,6,40,6,4,3,2,Dao,2,B,294,2,1,214,0
2023-08-18T05:20:00,2023-08-18T00:00:00,0520,16320,SVI,spt,2,3409,20,-31,-42,N20W31,N20W42,249,5,0,4,2,0,2,Bxo,2,B,296,2,1,215,0
2023-08-18T05:20:00,2023-08-18T00:00:00,0520,16320,SVI,spt,2,3411,15,47,36,N15E47,N15E36,171,2,30,1,7,2,1,Hsx,1,A,298,2,1,216,0
2023-08-18T05:20:00,2023-08-18T00:00:00,0520,16320,SVI,spt,2,,31,88,77,N31E88,N31E77,130,2,30,1,7,2,1,Hsx,1,A,299,2,1,217,0
2023-08-18T03:15:00,2023-08-18T00:00:00,0315,94302,LEA,spt,1,3409,20,-29,-41,N20W29,N20W41,249,4,40,7,2,0,2,Bxo,2,B,264,2,1,218,0
2023-08-18T03:15:00,2023-08-18T00:00:00,0315,94302,LEA,spt,1,3403,26,-22,-34,N26W22,N26W34,242,9,250,11,3,3,2,Cao,2,B,263,2,1,219,0
2023-08-18T03:15:00,2023-08-18T00:00:00,0315,94302,LEA,spt,1,3405,10,40,27,N10E40,N10E27,180,14,210,3,5,4,2,Eho,3,BG,267,2,1,220,0
2023-08-18T03:15:00,2023-08-18T00:00:00,0315,94302,LEA,spt,1,3404,-10,20,7,S10E20,S10E07,200,1,10,1,1,0,1,Axx,1,A,266,2,1,221,0
2023-08-18T03:15:00,2023-08-18T00:00:00,0315,94302,LEA,spt,1,3407,-19,7,-5,S19E07,S19W05,213,6,240,5,4,2,2,Dso,2,B,269,2,1,222,0
2023-08-17T16:20:00,2023-08-17T00:00:00,1620,72269,HOL,spt,2,3397,17,-79,-84,N17W79,N17W84,305,8,20,3,3,1,2,Cro,2,B,316,2,1,223,0
2023-08-17T16:20:00,2023-08-17T00:00:00,1620,72269,HOL,spt,2,3403,26,-16,-20,N26W16,N26W20,242,11,300,18,5,5,3,Eki,2,B,327,2,1,224,0
2023-08-17T16:20:00,2023-08-17T00:00:00,1620,72269,HOL,spt,2,3404,-9,26,21,S09E26,S09E21,200,5,30,4,3,1,2,Cro,2,B,3,2,1,225,0
2023-08-17T16:20:00,2023-08-17T00:00:00,1620,72269,HOL,spt,2,3405,11,43,38,N11E43,N11E38,183,13,160,4,5,5,2,Eko,2,B,5,2,1,226,0
2023-08-17T16:20:00,2023-08-17T00:00:00,1620,72269,HOL,spt,2,3406,-17,-44,-49,S17W44,S17W49,270,0,0,1,1,0,1,Axx,1,A,1,2,1,227,0
2023-08-17T16:20:00,2023-08-17T00:00:00,1620,72269,HOL,spt,2,3407,-18,1,-4,S18E01,S18W04,225,6,260,9,4,4,4,Dhc,2,B,6,2,1,228,0
2023-08-17T16:20:00,2023-08-17T00:00:00,1620,72269,HOL,spt,2,3408,-19,-14,-19,S19W14,S19W19,240,1,10,2,2,0,2,Bxo,2,B,7,2,1,229,0
2023-08-17T16:20:00,2023-08-17T00:00:00,1620,72269,HOL,spt,2,3409,21,-25,-30,N21W25,N21W30,251,0,30,8,7,2,1,Hsx,1,A,8,2,1,230,0
2023-08-17T16:20:00,2023-08-17T00:00:00,1620,72269,HOL,spt,2,3411,14,54,49,N14E54,N14E49,172,1,70,1,7,1,1,Hrx,1,A,10,2,1,231,0
2023-08-17T05:37:00,2023-08-17T00:00:00,0537,16320,SVI,spt,3,3397,17,-72,-83,N17W72,N17W83,303,8,30,2,3,3,2,Cao,2,B,283,2,1,232,0
2023-08-17T05:37:00,2023-08-17T00:00:00,0537,16320,SVI,spt,3,3403,26,-11,-22,N26W11,N26W22,242,12,100,18,5,3,2,Eao,2,B,290,2,1,233,0
2023-08-17T05:37:00,2023-08-17T00:00:00,0537,16320,SVI,spt,3,3404,-8,32,21,S08E32,S08E21,199,3,10,3,3,3,2,Cao,2,B,291,2,1,234,0
2023-08-17T05:37:00,2023-08-17T00:00:00,0537,16320,SVI,spt,3,3405,13,43,32,N13E43,N13E32,188,19,100,6,6,3,2,Fao,2,B,292,2,1,235,0
2023-08-17T05:37:00,2023-08-17T00:00:00,0537,16320,SVI,spt,3,3406,-18,-34,-45,S18W34,S18W45,265,4,20,6,2,0,2,Bxo,2,B,293,2,1,236,0
2023-08-17T05:37:00,2023-08-17T00:00:00,0537,16320,SVI,spt,3,3407,-17,6,-5,S17E06,S17W05,225,7,150,10,4,3,2,Dao,2,B,294,2,1,237,0
2023-08-17T05:37:00,2023-08-17T00:00:00,0537,16320,SVI,spt,3,3408,-18,-6,-17,S18W06,S18W17,237,4,0,3,2,0,2,Bxo,2,B,295,3,1,238,0
2023-08-17T05:37:00,2023-08-17T00:00:00,0537,16320,SVI,spt,3,3409,20,-18,-29,N20W18,N20W29,249,6,20,7,3,2,2,Cso,2,B,296,2,1,239,0
2023-08-17T05:37:00,2023-08-17T00:00:00,0537,16320,SVI,spt,3,,9,24,13,N09E24,N09E13,207,0,0,1,1,0,1,Axx,1,A,297,2,1,240,0
2023-08-17T04:00:00,2023-08-17T00:00:00,0400,94302,LEA,spt,1,3409,21,-19,-31,N21W19,N21W31,251,4,20,3,2,0,2,Bxo,2,B,246,2,1,241,0
2023-08-17T04:00:00,2023-08-17T00:00:00,0400,94302,LEA,spt,1,3403,25,-11,-23,N25W11,N25W23,243,8,150,9,3,1,2,Cro,2,B,236,2,1,242,0
2023-08-17T04:00:00,2023-08-17T00:00:00,0400,94302,LEA,spt,1,3405,4,51,39,N04E51,N04E39,181,10,210,4,4,2,2,Dso,2,B,267,2,1,243,0
2023-08-17T04:00:00,2023-08-17T00:00:00,0400,94302,LEA,spt,1,3404,-10,31,19,S10E31,S10E19,201,1,40,1,7,3,1,Hax,1,A,266,2,1,244,0
2023-08-17T04:00:00,2023-08-17T00:00:00,0400,94302,LEA,spt,1,3407,-20,9,-3,S20E09,S20W03,223,7,340,8,4,2,2,Dso,2,B,269,2,1,245,0
2023-08-16T15:10:00,2023-08-16T00:00:00,1510,72269,HOL,spt,4,3397,17,-66,-71,N17W66,N17W71,305,4,40,2,4,2,2,Dso,2,B,316,2,1,246,0
2023-08-16T15:10:00,2023-08-16T00:00:00,1510,72269,HOL,spt,4,3403,27,-4,-9,N27W04,N27W09,243,9,300,17,4,5,2,Dko,2,B,327,2,1,247,0
2023-08-16T15:10:00,2023-08-16T00:00:00,1510,72269,HOL,spt,4,3404,-8,41,36,S08E41,S08E36,198,3,30,4,7,2,1,Hsx,1,A,3,2,1,248,0
2023-08-16T15:10:00,2023-08-16T00:00:00,1510,72269,HOL,spt,4,3405,11,60,55,N11E60,N11E55,179,10,160,7,4,2,3,Dsi,3,BG,5,2,1,249,0
2023-08-16T15:10:00,2023-08-16T00:00:00,1510,72269,HOL,spt,4,3406,-18,-27,-32,S18W27,S18W32,266,4,120,4,2,0,2,Bxo,2,B,1,2,1,250,0
2023-08-16T15:10:00,2023-08-16T00:00:00,1510,72269,HOL,spt,4,3407,-18,14,9,S18E14,S18E09,225,6,230,9,4,2,3,Dsi,2,B,6,2,1,251,0
2023-08-16T15:10:00,2023-08-16T00:00:00,1510,72269,HOL,spt,4,3408,-18,3,-2,S18E03,S18W02,236,3,10,5,2,0,2,Bxo,2,B,7,2,1,252,0
2023-08-16T15:10:00,2023-08-16T00:00:00,1510,72269,HOL,spt,4,3409,22,-12,-17,N22W12,N22W17,251,5,40,12,3,1,2,Cro,2,B,8,2,1,253,0
2023-08-16T15:10:00,2023-08-16T00:00:00,1510,72269,HOL,spt,4,,10,30,25,N10E30,N10E25,209,3,10,4,2,0,2,Bxo,2,B,9,2,1,254,0
2023-08-16T06:20:00,2023-08-16T00:00:00,0620,16320,SVI,spt,3,3397,19,-61,-71,N19W61,N19W71,305,9,40,2,4,2,2,Dso,2,B,283,2,1,255,0
2023-08-16T06:20:00,2023-08-16T00:00:00,0620,16320,SVI,spt,3,3403,27,1,-9,N27E01,N27W09,243,9,140,12,4,3,2,Dao,2,B,290,2,1,256,0
2023-08-16T06:20:00,2023-08-16T00:00:00,0620,16320,SVI,spt,3,3404,-9,44,33,S09E44,S09E33,200,1,20,1,7,2,1,Hsx,1,A,291,2,1,257,0
2023-08-16T06:20:00,2023-08-16T00:00:00,0620,16320,SVI,spt,3,3405,12,61,50,N12E61,N12E50,183,16,100,5,6,2,2,Fso,2,B,292,2,1,258,0
2023-08-16T06:20:00,2023-08-16T00:00:00,0620,16320,SVI,spt,3,3406,-18,-22,-33,S18W22,S18W33,266,5,20,4,4,2,2,Dso,2,B,293,2,1,259,0
2023-08-16T06:20:00,2023-08-16T00:00:00,0620,16320,SVI,spt,3,3407,-18,18,7,S18E18,S18E07,226,7,110,7,4,2,2,Dso,2,B,294,2,1,260,0
2023-08-16T06:20:00,2023-08-16T00:00:00,0620,16320,SVI,spt,3,3408,-19,6,-4,S19E06,S19W04,238,3,10,5,3,1,2,Cro,2,B,295,2,1,261,0
2023-08-16T06:20:00,2023-08-16T00:00:00,0620,16320,SVI,spt,3,3409,21,-8,-18,N21W08,N21W18,252,4,20,7,3,2,2,Cso,2,B,296,2,1,262,0
2023-08-16T04:08:00,2023-08-16T00:00:00,0408,94302,LEA,spt,1,3397,13,-57,-69,N13W57,N13W69,303,4,190,2,3,2,2,Cso,2,B,258,2,1,263,0
2023-08-16T04:08:00,2023-08-16T00:00:00,0408,94302,LEA,spt,1,,9,-5,-17,N09W05,N09W17,251,3,40,3,2,0,2,Bxo,2,B,264,2,1,264,0
2023-08-16T04:08:00,2023-08-16T00:00:00,0408,94302,LEA,spt,1,3403,12,3,-9,N12E03,N12W09,243,8,340,7,4,3,2,Dao,2,B,263,2,1,265,0
2023-08-16T04:08:00,2023-08-16T00:00:00,0408,94302,LEA,spt,1,3405,8,62,50,N08E62,N08E50,184,6,290,4,4,2,2,Dso,2,B,267,2,1,266,0
2023-08-16T04:08:00,2023-08-16T00:00:00,0408,94302,LEA,spt,1,3404,-18,47,35,S18E47,S18E35,199,1,90,1,7,3,1,Hax,1,A,266,2,1,267,0
2023-08-16T04:08:00,2023-08-16T00:00:00,0408,94302,LEA,spt,1,3407,-31,22,11,S31E22,S31E11,224,6,240,5,4,2,2,Dso,2,B,269,2,1,268,0
2023-08-16T04:08:00,2023-08-16T00:00:00,0408,94302,LEA,spt,1,,-33,8,-3,S33E08,S33W03,238,1,10,1,1,0,1,Axx,1,A,270,2,1,269,0
2023-08-16T04:08:00,2023-08-16T00:00:00,0408,94302,LEA,spt,1,3410,-30,-23,-34,S30W23,S30W34,269,4,30,4,2,0,2,Bxo,2,B,265,2,1,270,0
2023-08-15T16:20:00,2023-08-15T00:00:00,1620,72269,HOL,spt,3,3397,17,-54,-59,N17W54,N17W59,306,5,100,3,4,3,2,Dao,2,B,316,2,1,271,0
2023-08-15T16:20:00,2023-08-15T00:00:00,1620,72269,HOL,spt,3,3403,27,10,6,N27E10,N27E06,242,8,290,24,4,5,3,Dki,2,B,327,2,1,272,0
2023-08-15T16:20:00,2023-08-15T00:00:00,1620,72269,HOL,spt,3,3404,-7,48,43,S07E48,S07E43,204,5,40,6,7,2,1,Hsx,1,A,3,2,1,273,0
2023-08-15T16:20:00,2023-08-15T00:00:00,1620,72269,HOL,spt,3,3405,11,72,67,N11E72,N11E67,180,8,240,4,4,2,3,Dsi,2,B,5,2,1,274,0
2023-08-15T16:20:00,2023-08-15T00:00:00,1620,72269,HOL,spt,3,3406,-17,-13,-18,S17W13,S17W18,265,4,10,3,2,0,2,Bxo,2,B,1,2,1,275,0
2023-08-15T16:20:00,2023-08-15T00:00:00,1620,72269,HOL,spt,3,3407,-17,27,22,S17E27,S17E22,225,4,80,8,4,3,2,Dao,2,B,6,2,1,276,0
2023-08-15T16:20:00,2023-08-15T00:00:00,1620,72269,HOL,spt,3,,-18,13,8,S18E13,S18E08,239,2,10,3,1,0,1,Axx,1,A,7,2,1,277,0
2023-08-15T05:42:00,2023-08-15T00:00:00,0542,16320,SVI,spt,3,3395,12,-76,-87,N12W76,N12W87,334,9,20,2,3,1,2,Cro,2,B,279,2,1,278,0
2023-08-15T05:42:00,2023-08-15T00:00:00,0542,16320,SVI,spt,3,3397,19,-48,-59,N19W48,N19W59,306,7,30,2,4,2,2,Dso,2,B,283,2,1,279,0
2023-08-15T05:42:00,2023-08-15T00:00:00,0542,16320,SVI,spt,3,3403,27,15,4,N27E15,N27E04,243,8,130,11,4,3,3,Dai,2,B,290,2,1,280,0
2023-08-15T05:42:00,2023-08-15T00:00:00,0542,16320,SVI,spt,3,3404,-6,55,44,S06E55,S06E44,203,7,30,4,3,3,2,Cao,2,B,291,2,1,281,0
2023-08-15T05:42:00,2023-08-15T00:00:00,0542,16320,SVI,spt,3,3405,11,74,63,N11E74,N11E63,184,11,100,2,5,2,2,Eso,2,B,292,2,1,282,0
2023-08-15T05:42:00,2023-08-15T00:00:00,0542,16320,SVI,spt,3,3406,-18,-7,-18,S18W07,S18W18,265,2,0,3,1,0,1,Axx,1,A,293,2,1,283,0
2023-08-15T05:42:00,2023-08-15T00:00:00,0542,16320,SVI,spt,3,3407,-18,34,23,S18E34,S18E23,224,5,20,6,3,1,2,Cro,2,B,294,2,1,284,0
2023-08-15T02:00:00,2023-08-15T00:00:00,0200,94302,LEA,spt,3,3395,13,-75,-88,N13W75,N13W88,335,7,40,3,1,0,1,Axx,1,A,255,2,1,285,0
2023-08-15T02:00:00,2023-08-15T00:00:00,0200,94302,LEA,spt,3,3397,20,-45,-58,N20W45,N20W58,305,9,60,2,4,2,2,Dso,2,B,258,2,1,286,0
2023-08-15T02:00:00,2023-08-15T00:00:00,0200,94302,LEA,spt,3,3403,25,18,5,N25E18,N25E05,242,7,180,20,4,3,2,Dao,2,B,263,2,1,287,0
2023-08-15T02:00:00,2023-08-15T00:00:00,0200,94302,LEA,spt,3,3405,10,80,67,N10E80,N10E67,180,9,150,3,3,3,2,Cao,2,B,267,2,1,288,0
2023-08-15T02:00:00,2023-08-15T00:00:00,0200,94302,LEA,spt,3,3406,-18,-5,-18,S18W05,S18W18,265,1,20,3,2,0,2,Bxo,2,B,268,2,1,289,0
2023-08-15T02:00:00,2023-08-15T00:00:00,0200,94302,LEA,spt,3,3407,-20,35,22,S20E35,S20E22,225,5,30,4,2,0,2,Bxo,2,B,269,2,1,290,0
2023-08-15T02:00:00,2023-08-15T00:00:00,0200,94302,LEA,spt,3,3404,-8,60,47,S08E60,S08E47,200,7,80,5,3,3,2,Cao,2,B,266,2,1,291,0
2023-08-14T17:10:00,2023-08-14T00:00:00,1710,72269,HOL,spt,2,3394,-24,-78,-82,S24W78,S24W82,343,3,180,1,7,4,1,Hhx,1,A,312,2,1,292,0
2023-08-14T17:10:00,2023-08-14T00:00:00,1710,72269,HOL,spt,2,3395,12,-67,-71,N12W67,N12W71,332,3,80,7,4,3,2,Dao,2,B,313,2,1,293,0
2023-08-14T17:10:00,2023-08-14T00:00:00,1710,72269,HOL,spt,2,3397,17,-41,-45,N17W41,N17W45,306,6,110,5,4,2,2,Dso,2,B,316,2,1,294,0
2023-08-14T17:10:00,2023-08-14T00:00:00,1710,72269,HOL,spt,2,3403,26,23,19,N26E23,N26E19,242,6,210,9,4,3,2,Dao,2,B,327,2,1,295,0
2023-08-14T17:10:00,2023-08-14T00:00:00,1710,72269,HOL,spt,2,3404,-8,66,62,S08E66,S08E62,199,2,70,2,7,1,1,Hrx,1,A,3,2,1,296,0
2023-08-14T17:10:00,2023-08-14T00:00:00,1710,72269,HOL,spt,2,,22,15,11,N22E15,N22E11,250,0,0,1,1,0,1,Axx,1,A,328,2,1,297,0
2023-08-14T17:10:00,2023-08-14T00:00:00,1710,72269,HOL,spt,2,,-17,-1,-5,S17W01,S17W05,266,2,0,3,2,0,2,Bxo,2,B,1,2,1,298,0
2023-08-14T17:10:00,2023-08-14T00:00:00,1710,72269,HOL,spt,2,3405,11,79,75,N11E79,N11E75,186,2,120,1,7,2,1,Hsx,1,A,5,2,1,299,0
2023-08-14T17:10:00,2023-08-14T00:00:00,1710,72269,HOL,spt,2,,-17,41,37,S17E41,S17E37,224,2,10,4,2,0,2,Bxo,2,B,6,2,1,300,0
2023-08-14T06:10:00,2023-08-14T00:00:00,0610,16320,SVI,spt,2,3394,-24,-71,-81,S24W71,S24W81,342,3,60,1,7,4,1,Hhx,1,A,277,2,1,301,0
2023-08-14T06:10:00,2023-08-14T00:00:00,0610,16320,SVI,spt,2,3395,11,-61,-72,N11W61,N11W72,332,8,60,5,4,3,2,Dao,2,B,279,2,1,302,0
2023-08-14T06:10:00,2023-08-14T00:00:00,0610,16320,SVI,spt,2,3397,18,-34,-45,N18W34,N18W45,305,6,40,6,4,3,2,Dao,2,B,283,2,1,303,0
2023-08-14T06:10:00,2023-08-14T00:00:00,0610,16320,SVI,spt,2,,21,21,10,N21E21,N21E10,250,0,0,1,1,0,1,Axx,1,A,289,2,1,304,0
2023-08-14T06:10:00,2023-08-14T00:00:00,0610,16320,SVI,spt,2,3403,26,28,18,N26E28,N26E18,243,7,60,11,4,3,2,Dao,2,B,290,2,1,305,0
2023-08-14T06:10:00,2023-08-14T00:00:00,0610,16320,SVI,spt,2,3404,-8,71,60,S08E71,S08E60,200,3,60,2,4,3,2,Dao,2,B,291,2,1,306,0
2023-08-14T00:56:00,2023-08-14T00:00:00,0056,94302,LEA,spt,3,3394,-24,-67,-81,S24W67,S24W81,341,3,220,1,7,4,1,Hhx,1,A,253,2,1,307,0
2023-08-14T00:56:00,2023-08-14T00:00:00,0056,94302,LEA,spt,3,3395,12,-55,-69,N12W55,N12W69,329,7,160,5,4,2,2,Dso,5,BD,255,2,1,308,0
2023-08-14T00:56:00,2023-08-14T00:00:00,0056,94302,LEA,spt,3,3397,17,-29,-43,N17W29,N17W43,303,8,130,7,4,3,2,Dao,2,B,258,2,1,309,0
2023-08-14T00:56:00,2023-08-14T00:00:00,0056,94302,LEA,spt,3,3402,-18,-47,-61,S18W47,S18W61,321,1,10,1,1,0,1,Axx,1,A,262,2,1,310,0
2023-08-14T00:56:00,2023-08-14T00:00:00,0056,94302,LEA,spt,3,3403,26,31,18,N26E31,N26E18,243,7,110,11,4,3,2,Dao,3,BG,263,2,1,311,0
2023-08-14T00:56:00,2023-08-14T00:00:00,0056,94302,LEA,spt,3,,21,21,7,N21E21,N21E07,253,2,30,2,3,2,2,Cso,2,B,264,2,1,312,0
2023-08-14T00:56:00,2023-08-14T00:00:00,0056,94302,LEA,spt,3,,25,48,35,N25E48,N25E35,226,1,10,1,1,0,1,Axx,1,A,265,2,1,313,0
2023-08-14T00:56:00,2023-08-14T00:00:00,0056,94302,LEA,spt,3,3404,-6,70,56,S06E70,S06E56,204,2,60,2,3,2,2,Cso,2,B,266,2,1,314,0
2023-08-13T20:25:00,2023-08-13T00:00:00,2025,72269,HOL,spt,3,3394,-24,-66,-68,S24W66,S24W68,342,3,220,1,7,5,1,Hkx,1,A,312,2,1,315,0
2023-08-13T20:25:00,2023-08-13T00:00:00,2025,72269,HOL,spt,3,3395,12,-56,-58,N12W56,N12W58,332,6,100,5,4,1,2,Dro,2,B,313,2,1,316,0
2023-08-13T20:25:00,2023-08-13T00:00:00,2025,72269,HOL,spt,3,3397,18,-29,-31,N18W29,N18W31,305,8,130,11,4,3,2,Dao,2,B,316,2,1,317,0
2023-08-13T20:25:00,2023-08-13T00:00:00,2025,72269,HOL,spt,3,3402,-21,-47,-49,S21W47,S21W49,323,0,10,1,1,0,1,Axx,1,A,326,2,1,318,0
2023-08-13T20:25:00,2023-08-13T00:00:00,2025,72269,HOL,spt,3,3403,28,34,32,N28E34,N28E32,242,6,80,12,4,1,2,Dro,2,B,327,2,1,319,0
2023-08-13T20:25:00,2023-08-13T00:00:00,2025,72269,HOL,spt,3,,21,25,23,N21E25,N21E23,251,2,10,2,2,0,2,Bxo,2,B,328,2,1,320,0
2023-08-13T20:25:00,2023-08-13T00:00:00,2025,72269,HOL,spt,3,,-16,10,8,S16E10,S16E08,266,2,10,2,2,0,2,Bxo,2,B,1,2,1,321,0
2023-08-13T20:25:00,2023-08-13T00:00:00,2025,72269,HOL,spt,3,,25,51,49,N25E51,N25E49,225,1,10,1,1,0,1,Axx,1,A,2,2,1,322,0
2023-08-13T20:25:00,2023-08-13T00:00:00,2025,72269,HOL,spt,3,3404,-9,76,74,S09E76,S09E74,200,2,60,1,7,3,1,Hax,1,A,3,2,1,323,0
2023-08-13T05:20:00,2023-08-13T00:00:00,0520,16320,SVI,spt,3,3394,-24,-57,-68,S24W57,S24W68,341,4,80,1,7,4,1,Hhx,1,A,277,2,1,324,0
2023-08-13T05:20:00,2023-08-13T00:00:00,0520,16320,SVI,spt,3,3395,13,-45,-56,N13W45,N13W56,329,6,40,7,4,3,2,Dao,2,B,279,2,1,325,0
2023-08-13T05:20:00,2023-08-13T00:00:00,0520,16320,SVI,spt,3,3397,20,-20,-31,N20W20,N20W31,304,8,40,5,4,3,2,Dao,2,B,283,2,1,326,0
2023-08-13T05:20:00,2023-08-13T00:00:00,0520,16320,SVI,spt,3,3401,25,-62,-73,N25W62,N25W73,346,0,0,1,1,0,1,Axx,1,A,286,2,1,327,0
2023-08-13T05:20:00,2023-08-13T00:00:00,0520,16320,SVI,spt,3,3402,-18,-36,-47,S18W36,S18W47,320,3,10,3,3,2,2,Cso,2,B,288,2,1,328,0
2023-08-13T00:28:00,2023-08-13T00:00:00,0028,94302,LEA,spt,3,3395,14,-44,-58,N14W44,N14W58,331,5,150,12,4,2,3,Dsi,3,BG,255,2,1,329,0
2023-08-13T00:28:00,2023-08-13T00:00:00,0028,94302,LEA,spt,3,3397,18,-17,-31,N18W17,N18W31,304,6,90,5,4,3,2,Dao,3,BG,258,2,1,330,0
2023-08-13T00:28:00,2023-08-13T00:00:00,0028,94302,LEA,spt,3,3394,-23,-53,-67,S23W53,S23W67,340,2,160,2,3,2,2,Cso,2,B,253,2,1,331,0
2023-08-13T00:28:00,2023-08-13T00:00:00,0028,94302,LEA,spt,3,3402,-19,-34,-48,S19W34,S19W48,321,2,20,3,2,0,2,Bxo,2,B,262,2,1,332,0
2023-08-12T20:40:00,2023-08-12T00:00:00,2040,72269,HOL,spt,2,3394,-24,-52,-54,S24W52,S24W54,341,5,210,2,3,5,2,Cko,2,B,312,2,1,333,0
2023-08-12T20:40:00,2023-08-12T00:00:00,2040,72269,HOL,spt,2,3395,14,-43,-45,N14W43,N14W45,332,7,150,17,4,2,3,Dsi,4,G,313,2,1,334,0
2023-08-12T20:40:00,2023-08-12T00:00:00,2040,72269,HOL,spt,2,3397,-19,-15,-17,S19W15,S19W17,304,6,50,11,4,2,3,Dsi,2,B,316,2,1,335,0
2023-08-12T20:40:00,2023-08-12T00:00:00,2040,72269,HOL,spt,2,3401,25,-59,-61,N25W59,N25W61,348,0,10,1,1,0,1,Axx,1,A,325,2,1,336,0
2023-08-12T20:40:00,2023-08-12T00:00:00,2040,72269,HOL,spt,2,,-19,-32,-34,S19W32,S19W34,321,2,20,2,2,0,2,Bxo,2,B,326,2,1,337,0
2023-08-12T05:50:00,2023-08-12T00:00:00,0550,16320,SVI,spt,2,3394,-23,-44,-55,S23W44,S23W55,341,5,120,2,3,4,2,Cho,2,B,277,2,1,338,0
2023-08-12T05:50:00,2023-08-12T00:00:00,0550,16320,SVI,spt,2,3395,14,-34,-45,N14W34,N14W45,331,7,100,10,4,3,4,Dac,2,B,279,2,1,339,0
2023-08-12T05:50:00,2023-08-12T00:00:00,0550,16320,SVI,spt,2,3397,19,-8,-19,N19W08,N19W19,305,4,20,8,3,2,2,Cso,2,B,283,2,1,340,0
2023-08-12T05:50:00,2023-08-12T00:00:00,0550,16320,SVI,spt,2,3401,25,-50,-61,N25W50,N25W61,347,0,0,1,1,0,1,Axx,1,A,286,2,1,341,0
2023-08-12T00:30:00,2023-08-12T00:00:00,0030,94302,LEA,spt,3,3401,25,-48,-62,N25W48,N25W62,348,1,10,1,1,0,1,Axx,1,A,261,2,1,342,0
2023-08-12T00:30:00,2023-08-12T00:00:00,0030,94302,LEA,spt,3,3395,13,-30,-44,N13W30,N13W44,330,5,260,11,4,2,3,Dsi,3,BG,255,2,1,343,0
2023-08-12T00:30:00,2023-08-12T00:00:00,0030,94302,LEA,spt,3,3397,18,-4,-18,N18W04,N18W18,304,5,50,9,4,2,2,Dso,2,B,258,2,1,344,0
2023-08-12T00:30:00,2023-08-12T00:00:00,0030,94302,LEA,spt,3,3394,-22,-41,-55,S22W41,S22W55,341,3,330,2,3,2,2,Cso,2,B,253,2,1,345,0
2023-08-12T00:30:00,2023-08-12T00:00:00,0030,94302,LEA,spt,3,3400,-14,-6,-20,S14W06,S14W20,306,1,10,1,1,0,1,Axx,1,A,260,2,1,346,0
2023-08-11T17:35:00,2023-08-11T00:00:00,1735,72269,HOL,spt,3,3401,25,-39,-43,N25W39,N25W43,343,4,30,6,3,2,2,Cso,2,B,325,2,1,347,0
2023-08-11T17:35:00,2023-08-11T00:00:00,1735,72269,HOL,spt,3,3395,15,-28,-32,N15W28,N15W32,332,6,290,16,4,3,4,Dac,2,B,313,2,1,348,0
2023-08-11T17:35:00,2023-08-11T00:00:00,1735,72269,HOL,spt,3,3394,-20,-41,-45,S20W41,S20W45,345,4,320,3,3,4,2,Cho,2,B,312,2,1,349,0
2023-08-11T17:35:00,2023-08-11T00:00:00,1735,72269,HOL,spt,3,3400,-14,0,-4,S14E00,S14W04,304,1,10,1,1,0,1,Axx,1,A,324,2,1,350,0
2023-08-11T17:35:00,2023-08-11T00:00:00,1735,72269,HOL,spt,3,3397,19,3,-1,N19E03,N19W01,301,6,60,12,4,2,3,Dsi,2,B,316,2,1,351,0
2023-08-11T05:45:00,2023-08-11T00:00:00,0545,16320,SVI,spt,2,3391,21,-79,-90,N21W79,N21W90,30,2,30,1,7,2,1,Hsx,1,A,271,2,1,352,0
2023-08-11T05:45:00,2023-08-11T00:00:00,0545,16320,SVI,spt,2,3394,-23,-33,-44,S23W33,S23W44,344,6,100,5,3,2,2,Cso,2,B,277,2,1,353,0
2023-08-11T05:45:00,2023-08-11T00:00:00,0545,16320,SVI,spt,2,3395,14,-19,-30,N14W19,N14W30,330,11,70,17,5,3,4,Eac,2,B,279,2,1,354,0
2023-08-11T05:45:00,2023-08-11T00:00:00,0545,16320,SVI,spt,2,3397,19,7,-4,N19E07,N19W04,304,5,10,4,3,2,2,Cso,2,B,283,2,1,355,0
2023-08-11T05:45:00,2023-08-11T00:00:00,0545,16320,SVI,spt,2,3399,-15,19,8,S15E19,S15E08,292,0,0,1,1,0,1,Axx,1,A,285,2,1,356,0
2023-08-11T05:45:00,2023-08-11T00:00:00,0545,16320,SVI,spt,2,3401,24,-34,-45,N24W34,N24W45,345,4,10,4,3,2,2,Cso,2,B,286,2,1,357,0
2023-08-11T05:45:00,2023-08-11T00:00:00,0545,16320,SVI,spt,2,3400,-14,6,-5,S14E06,S14W05,305,1,0,2,1,0,1,Axx,1,A,287,2,1,358,0
2023-08-11T01:44:00,2023-08-11T00:00:00,0144,94302,LEA,spt,3,3391,22,-75,-88,N22W75,N22W88,28,1,30,1,7,2,1,Hsx,1,A,248,2,1,359,0
2023-08-11T01:44:00,2023-08-11T00:00:00,0144,94302,LEA,spt,3,3401,26,-31,-44,N26W31,N26W44,344,3,10,2,2,0,2,Bxo,2,B,261,2,1,360,0
2023-08-11T01:44:00,2023-08-11T00:00:00,0144,94302,LEA,spt,3,3395,13,-18,-31,N13W18,N13W31,331,6,130,19,4,2,3,Dsi,3,BG,255,2,1,361,0
2023-08-11T01:44:00,2023-08-11T00:00:00,0144,94302,LEA,spt,3,3397,19,7,-6,N19E07,N19W06,306,4,10,3,2,0,2,Bxo,2,B,258,2,1,362,0
2023-08-11T01:44:00,2023-08-11T00:00:00,0144,94302,LEA,spt,3,3399,-16,21,8,S16E21,S16E08,292,1,10,2,2,0,2,Bxo,2,B,259,2,1,363,0
2023-08-11T01:44:00,2023-08-11T00:00:00,0144,94302,LEA,spt,3,3400,-14,8,-5,S14E08,S14W05,305,1,10,1,1,0,1,Axx,1,A,260,2,1,364,0
2023-08-11T01:44:00,2023-08-11T00:00:00,0144,94302,LEA,spt,3,3394,-23,-30,-43,S23W30,S23W43,343,4,240,5,3,2,2,Cso,2,B,253,2,1,365,0
2023-08-10T16:19:00,2023-08-10T00:00:00,1619,72269,HOL,spt,3,3391,24,-80,-85,N24W80,N24W85,38,2,60,1,7,3,1,Hax,1,A,307,2,1,366,0
2023-08-10T16:19:00,2023-08-10T00:00:00,1619,72269,HOL,spt,3,,25,-25,-29,N25W25,N25W29,343,3,20,3,4,2,2,Dso,2,B,325,2,1,367,0
2023-08-10T16:19:00,2023-08-10T00:00:00,1619,72269,HOL,spt,3,3395,15,-14,-19,N15W14,N15W19,332,7,200,27,4,5,4,Dkc,7,GD,313,2,1,368,0
2023-08-10T16:19:00,2023-08-10T00:00:00,1619,72269,HOL,spt,3,3397,19,16,11,N19E16,N19E11,302,6,20,3,3,2,2,Cso,2,B,316,2,1,369,0
2023-08-10T16:19:00,2023-08-10T00:00:00,1619,72269,HOL,spt,3,3394,-20,-27,-32,S20W27,S20W32,345,5,300,17,3,5,3,Cki,4,G,312,2,1,370,0
2023-08-10T16:19:00,2023-08-10T00:00:00,1619,72269,HOL,spt,3,,-14,14,9,S14E14,S14E09,304,3,10,4,3,1,2,Cro,2,B,324,2,1,371,0
2023-08-10T16:19:00,2023-08-10T00:00:00,1619,72269,HOL,spt,3,3399,-16,30,25,S16E30,S16E25,288,7,20,3,4,1,2,Dro,2,B,320,2,1,372,0
2023-08-10T16:19:00,2023-08-10T00:00:00,1619,72269,HOL,spt,3,,-28,42,38,S28E42,S28E38,276,1,10,1,1,0,1,Axx,1,A,323,2,1,373,0
2023-08-10T06:25:00,2023-08-10T00:00:00,0625,16320,SVI,spt,2,3391,21,-68,-78,N21W68,N21W78,32,2,20,1,7,2,1,Hsx,1,A,271,2,1,374,0
2023-08-10T06:25:00,2023-08-10T00:00:00,0625,16320,SVI,spt,2,3392,8,-79,-90,N08W79,N08W90,43,2,30,1,7,2,1,Hsx,1,A,274,2,1,375,0
2023-08-10T06:25:00,2023-08-10T00:00:00,0625,16320,SVI,spt,2,3394,-24,-18,-28,S24W18,S24W28,342,6,110,7,4,2,2,Dso,2,B,277,2,1,376,0
2023-08-10T06:25:00,2023-08-10T00:00:00,0625,16320,SVI,spt,2,3395,13,-7,-18,N13W07,N13W18,331,7,40,11,4,2,2,Dso,2,B,279,2,1,377,0
2023-08-10T06:25:00,2023-08-10T00:00:00,0625,16320,SVI,spt,2,3397,21,16,6,N21E16,N21E06,308,0,0,1,1,0,1,Axx,1,A,283,2,1,378,0
2023-08-10T06:25:00,2023-08-10T00:00:00,0625,16320,SVI,spt,2,3399,-15,34,23,S15E34,S15E23,290,0,0,1,1,0,1,Axx,1,A,285,2,1,379,0
2023-08-10T05:05:00,2023-08-10T00:00:00,0505,94302,LEA,spt,3,3391,22,-67,-78,N22W67,N22W78,31,1,50,1,7,2,1,Hsx,1,A,248,2,1,380,0
2023-08-10T05:05:00,2023-08-10T00:00:00,0505,94302,LEA,spt,3,3395,13,-7,-18,N13W07,N13W18,331,5,90,8,4,2,3,Dsi,3,BG,255,2,1,381,0
2023-08-10T05:05:00,2023-08-10T00:00:00,0505,94302,LEA,spt,3,3397,20,17,6,N20E17,N20E06,307,1,10,1,1,0,1,Axx,1,A,258,2,1,382,0
2023-08-10T05:05:00,2023-08-10T00:00:00,0505,94302,LEA,spt,3,3399,-14,35,24,S14E35,S14E24,289,2,10,2,2,0,2,Bxo,2,B,259,2,1,383,0
2023-08-10T05:05:00,2023-08-10T00:00:00,0505,94302,LEA,spt,3,3394,-24,-16,-27,S24W16,S24W27,340,5,280,6,4,2,2,Dso,3,BG,253,2,1,384,0
2023-08-09T15:32:00,2023-08-09T00:00:00,1532,72269,HOL,spt,3,,24,-12,-17,N24W12,N24W17,344,1,10,1,1,0,1,Axx,1,A,321,2,1,385,0
2023-08-09T15:32:00,2023-08-09T00:00:00,1532,72269,HOL,spt,3,,-2,-49,-54,S02W49,S02W54,21,1,10,1,1,0,1,Axx,1,A,322,2,1,386,0
2023-08-09T15:32:00,2023-08-09T00:00:00,1532,72269,HOL,spt,3,,-55,28,24,S55E28,S55E24,304,1,10,2,1,0,1,Axx,1,A,323,2,1,387,0
2023-08-09T15:32:00,2023-08-09T00:00:00,1532,72269,HOL,spt,3,3391,24,-66,-71,N24W66,N24W71,38,2,70,1,7,3,1,Hax,1,A,307,2,1,388,0
2023-08-09T15:32:00,2023-08-09T00:00:00,1532,72269,HOL,spt,3,3392,10,-62,-67,N10W62,N10W67,34,1,30,1,7,1,1,Hrx,1,A,309,2,1,389,0
2023-08-09T15:32:00,2023-08-09T00:00:00,1532,72269,HOL,spt,3,3398,-20,-65,-70,S20W65,S20W70,37,1,10,1,1,0,1,Axx,1,A,314,2,1,390,0
2023-08-09T15:32:00,2023-08-09T00:00:00,1532,72269,HOL,spt,3,3394,-20,-13,-18,S20W13,S20W18,345,5,340,12,3,5,3,Cki,3,BG,312,2,1,391,0
2023-08-09T15:32:00,2023-08-09T00:00:00,1532,72269,HOL,spt,3,3395,15,0,-5,N15E00,N15W05,332,6,120,21,4,3,3,Dai,6,BGD,313,2,1,392,0
2023-08-09T15:32:00,2023-08-09T00:00:00,1532,72269,HOL,spt,3,3397,19,31,26,N19E31,N19E26,301,1,10,1,1,0,1,Axx,1,A,316,2,1,393,0
2023-08-09T15:32:00,2023-08-09T00:00:00,1532,72269,HOL,spt,3,3399,-16,44,39,S16E44,S16E39,288,3,20,4,7,1,1,Hrx,1,A,320,2,1,394,0
2023-08-09T06:45:00,2023-08-09T00:00:00,0645,16320,SVI,spt,2,3391,22,-56,-66,N22W56,N22W66,33,2,30,1,7,2,1,Hsx,1,A,271,2,1,395,0
2023-08-09T06:45:00,2023-08-09T00:00:00,0645,16320,SVI,spt,2,3392,9,-67,-77,N09W67,N09W77,44,2,20,1,7,2,1,Hsx,1,A,274,2,1,396,0
2023-08-09T06:45:00,2023-08-09T00:00:00,0645,16320,SVI,spt,2,3394,-23,-1,-11,S23W01,S23W11,338,12,130,10,5,2,2,Eso,2,B,277,2,1,397,0
2023-08-09T06:45:00,2023-08-09T00:00:00,0645,16320,SVI,spt,2,3395,13,8,-2,N13E08,N13W02,329,9,90,14,4,2,2,Dso,2,B,279,2,1,398,0
2023-08-09T06:45:00,2023-08-09T00:00:00,0645,16320,SVI,spt,2,3397,20,30,20,N20E30,N20E20,307,1,10,1,7,2,1,Hsx,1,A,283,2,1,399,0
2023-08-09T06:45:00,2023-08-09T00:00:00,0645,16320,SVI,spt,2,3398,-22,-61,-71,S22W61,S22W71,38,4,0,3,2,0,2,Bxo,2,B,284,2,1,400,0
2023-08-09T06:45:00,2023-08-09T00:00:00,0645,16320,SVI,spt,2,3399,-15,48,38,S15E48,S15E38,289,1,20,1,7,2,1,Hsx,1,A,285,2,1,401,0
2023-08-09T03:02:00,2023-08-09T00:00:00,0302,94302,LEA,spt,3,3391,23,-55,-67,N23W55,N23W67,34,1,100,1,4,2,1,Dsx,1,A,248,2,0,402,0
2023-08-09T03:02:00,2023-08-09T00:00:00,0302,94302,LEA,spt,3,3392,10,-66,-79,N10W66,N10W79,45,1,90,1,4,2,1,Dsx,1,A,251,2,0,403,0
2023-08-09T03:02:00,2023-08-09T00:00:00,0302,94302,LEA,spt,3,3398,-21,-60,-72,S21W60,S21W72,39,2,30,3,2,0,2,Bxo,2,B,256,2,1,404,0
2023-08-09T03:02:00,2023-08-09T00:00:00,0302,94302,LEA,spt,3,3394,-24,-4,-16,S24W04,S24W16,343,6,330,11,3,2,2,Cso,2,B,253,2,1,405,0
2023-08-09T03:02:00,2023-08-09T00:00:00,0302,94302,LEA,spt,3,3399,-16,49,36,S16E49,S16E36,290,1,20,1,1,0,1,Axx,1,A,259,2,1,406,0
2023-08-09T03:02:00,2023-08-09T00:00:00,0302,94302,LEA,spt,3,3397,19,33,21,N19E33,N19E21,306,1,10,1,1,0,1,Axx,1,A,258,2,1,407,0
2023-08-09T03:02:00,2023-08-09T00:00:00,0302,94302,LEA,spt,3,3395,13,10,-3,N13E10,N13W03,329,10,130,12,3,2,2,Cso,2,B,255,2,1,408,0
2023-08-08T21:00:00,2023-08-08T00:00:00,2100,72269,HOL,spt,3,3390,-16,-72,-74,S16W72,S16W74,54,0,10,1,1,0,1,Axx,1,A,319,2,1,409,0
2023-08-08T21:00:00,2023-08-08T00:00:00,2100,72269,HOL,spt,3,3391,22,-50,-52,N22W50,N22W52,32,2,60,1,7,2,1,Hsx,1,A,307,2,1,410,0
2023-08-08T21:00:00,2023-08-08T00:00:00,2100,72269,HOL,spt,3,3392,9,-60,-62,N09W60,N09W62,42,1,40,1,7,1,1,Hrx,1,A,309,2,1,411,0
2023-08-08T21:00:00,2023-08-08T00:00:00,2100,72269,HOL,spt,3,3394,-23,2,0,S23E02,S23W00,340,5,250,9,3,5,2,Cko,2,B,312,2,1,412,0
2023-08-08T21:00:00,2023-08-08T00:00:00,2100,72269,HOL,spt,3,3395,13,13,11,N13E13,N13E11,329,9,60,14,3,3,2,Cao,2,B,313,2,1,413,0
2023-08-08T21:00:00,2023-08-08T00:00:00,2100,72269,HOL,spt,3,3397,20,36,34,N20E36,N20E34,306,1,10,1,1,0,1,Axx,1,A,316,2,1,414,0
2023-08-08T21:00:00,2023-08-08T00:00:00,2100,72269,HOL,spt,3,3398,-22,-55,-57,S22W55,S22W57,37,3,20,3,2,0,2,Bxo,2,B,314,2,1,415,0
2023-08-08T21:00:00,2023-08-08T00:00:00,2100,72269,HOL,spt,3,,-16,52,50,S16E52,S16E50,290,1,20,3,1,0,1,Axx,1,A,320,2,1,416,0
2023-08-08T05:30:00,2023-08-08T00:00:00,0530,16320,SVI,spt,2,3387,18,-78,-89,N18W78,N18W89,69,6,90,4,4,2,2,Dso,2,B,266,2,1,417,0
2023-08-08T05:30:00,2023-08-08T00:00:00,0530,16320,SVI,spt,2,3391,23,-43,-54,N23W43,N23W54,34,3,40,1,7,3,1,Hax,1,A,271,2,1,418,0
2023-08-08T05:30:00,2023-08-08T00:00:00,0530,16320,SVI,spt,2,3392,8,-52,-63,N08W52,N08W63,43,2,20,1,7,2,1,Hsx,1,A,274,2,1,419,0
2023-08-08T05:30:00,2023-08-08T00:00:00,0530,16320,SVI,spt,2,3394,-23,7,-4,S23E07,S23W04,344,4,90,3,3,5,2,Cko,2,B,277,2,1,420,0
2023-08-08T05:30:00,2023-08-08T00:00:00,0530,16320,SVI,spt,2,3395,14,21,10,N14E21,N14E10,330,9,30,6,3,3,2,Cao,2,B,279,2,1,421,0
2023-08-08T05:30:00,2023-08-08T00:00:00,0530,16320,SVI,spt,2,3389,-16,-63,-74,S16W63,S16W74,54,0,0,1,1,0,1,Axx,1,A,280,2,1,422,0
2023-08-08T05:30:00,2023-08-08T00:00:00,0530,16320,SVI,spt,2,3396,19,3,-8,N19E03,N19W08,348,0,0,4,2,0,2,Bxo,2,B,282,2,1,423,0
2023-08-08T05:30:00,2023-08-08T00:00:00,0530,16320,SVI,spt,2,3397,19,44,33,N19E44,N19E33,307,1,10,1,7,2,1,Hsx,1,A,283,2,1,424,0
2023-08-08T05:30:00,2023-08-08T00:00:00,0530,16320,SVI,spt,2,3398,-23,-45,-56,S23W45,S23W56,36,4,20,4,3,3,2,Cao,2,B,284,2,1,425,0
2023-08-08T05:30:00,2023-08-08T00:00:00,0530,16320,SVI,spt,2,,-16,62,51,S16E62,S16E51,289,0,0,1,1,0,1,Axx,1,A,285,2,1,426,0
2023-08-07T20:10:00,2023-08-07T00:00:00,2010,72269,HOL,spt,2,3387,23,-30,-32,N23W30,N23W32,26,6,120,5,4,3,3,Dai,2,B,301,2,1,427,0
2023-08-07T20:10:00,2023-08-07T00:00:00,2010,72269,HOL,spt,2,3389,-23,-40,-42,S23W40,S23W42,36,4,10,2,2,0,2,Bxo,2,B,318,2,1,428,0
2023-08-07T20:10:00,2023-08-07T00:00:00,2010,72269,HOL,spt,2,3391,23,-38,-40,N23W38,N23W40,34,2,80,1,7,2,1,Hsx,1,A,307,2,1,429,0
2023-08-07T20:10:00,2023-08-07T00:00:00,2010,72269,HOL,spt,2,3392,9,-47,-49,N09W47,N09W49,43,3,70,5,3,3,2,Cao,2,B,309,2,1,430,0
2023-08-07T20:10:00,2023-08-07T00:00:00,2010,72269,HOL,spt,2,3394,-23,20,18,S23E20,S23E18,336,11,280,14,3,5,2,Cko,2,B,312,2,1,431,0
2023-08-07T20:10:00,2023-08-07T00:00:00,2010,72269,HOL,spt,2,3395,13,28,26,N13E28,N13E26,328,4,70,4,3,2,2,Cso,2,B,313,2,1,432,0
2023-08-07T20:10:00,2023-08-07T00:00:00,2010,72269,HOL,spt,2,3396,19,8,6,N19E08,N19E06,348,3,10,3,2,0,2,Bxo,2,B,315,2,1,433,0
2023-08-07T20:10:00,2023-08-07T00:00:00,2010,72269,HOL,spt,2,3397,18,53,51,N18E53,N18E51,303,3,20,2,2,0,2,Bxo,2,B,316,2,1,434,0
2023-08-07T20:10:00,2023-08-07T00:00:00,2010,72269,HOL,spt,2,3398,-22,-41,-43,S22W41,S22W43,37,3,30,5,3,1,2,Cro,2,B,314,2,1,435,0
2023-08-07T05:05:00,2023-08-07T00:00:00,0505,16320,SVI,spt,3,3387,18,-62,-73,N18W62,N18W73,66,7,80,4,4,3,2,Dao,2,B,266,2,1,436,0
2023-08-07T05:05:00,2023-08-07T00:00:00,0505,16320,SVI,spt,3,3391,23,-28,-39,N23W28,N23W39,32,2,20,1,7,2,1,Hsx,1,A,271,2,1,437,0
2023-08-07T05:05:00,2023-08-07T00:00:00,0505,16320,SVI,spt,3,3392,8,-36,-47,N08W36,N08W47,40,4,20,4,3,3,2,Cao,2,B,274,2,1,438,0
2023-08-07T05:05:00,2023-08-07T00:00:00,0505,16320,SVI,spt,3,3394,-23,23,12,S23E23,S23E12,341,6,70,3,3,5,2,Cko,2,B,277,2,1,439,0
2023-08-07T05:05:00,2023-08-07T00:00:00,0505,16320,SVI,spt,3,3395,15,36,25,N15E36,N15E25,328,7,20,4,3,3,2,Cao,2,B,279,2,1,440,0
2023-08-07T05:05:00,2023-08-07T00:00:00,0505,16320,SVI,spt,3,3389,-16,-50,-61,S16W50,S16W61,54,0,0,2,2,0,2,Bxo,2,B,280,2,1,441,0
2023-08-07T05:05:00,2023-08-07T00:00:00,0505,16320,SVI,spt,3,,17,-8,-19,N17W08,N17W19,12,3,20,3,3,3,2,Cao,2,B,281,2,1,442,0
2023-08-07T05:05:00,2023-08-07T00:00:00,0505,16320,SVI,spt,3,,19,17,6,N19E17,N19E06,347,0,0,2,2,0,2,Bxo,2,B,282,2,1,443,0
2023-08-07T05:05:00,2023-08-07T00:00:00,0505,16320,SVI,spt,3,,18,61,50,N18E61,N18E50,303,0,0,1,1,0,1,Axx,1,A,283,2,1,444,0
2023-08-07T04:55:00,2023-08-07T00:00:00,0455,94302,LEA,spt,3,3387,19,-62,-73,N19W62,N19W73,66,5,80,2,4,3,2,Dao,2,B,244,2,1,445,0
2023-08-07T04:55:00,2023-08-07T00:00:00,0455,94302,LEA,spt,3,3392,9,-36,-48,N09W36,N09W48,40,3,70,4,7,2,1,Hsx,1,A,251,2,1,446,0
2023-08-07T04:55:00,2023-08-07T00:00:00,0455,94302,LEA,spt,3,3391,23,-28,-39,N23W28,N23W39,32,2,70,1,7,2,1,Hsx,1,A,248,2,1,447,0
2023-08-07T04:55:00,2023-08-07T00:00:00,0455,94302,LEA,spt,3,,19,-8,-19,N19W08,N19W19,12,1,10,1,1,0,1,Axx,1,A,252,2,1,448,0
2023-08-07T04:55:00,2023-08-07T00:00:00,0455,94302,LEA,spt,3,3396,19,17,6,N19E17,N19E06,347,3,20,2,2,0,2,Bxo,2,B,257,2,1,449,0
2023-08-07T04:55:00,2023-08-07T00:00:00,0455,94302,LEA,spt,3,3395,14,36,25,N14E36,N14E25,328,4,70,2,3,2,2,Cso,2,B,255,2,1,450,0
2023-08-07T04:55:00,2023-08-07T00:00:00,0455,94302,LEA,spt,3,3397,18,58,47,N18E58,N18E47,306,1,20,1,1,0,1,Axx,1,A,250,2,1,451,0
2023-08-07T04:55:00,2023-08-07T00:00:00,0455,94302,LEA,spt,3,3394,-23,22,11,S23E22,S23E11,342,5,200,3,3,2,2,Cso,2,B,254,2,1,452,0
2023-08-06T15:44:00,2023-08-06T00:00:00,1544,72269,HOL,spt,3,3386,11,-81,-86,N11W81,N11W86,92,3,180,3,4,3,2,Dao,2,B,300,2,1,453,0
2023-08-06T15:44:00,2023-08-06T00:00:00,1544,72269,HOL,spt,3,3387,24,-59,-64,N24W59,N24W64,70,5,130,12,4,3,2,Dao,2,B,301,2,1,454,0
2023-08-06T15:44:00,2023-08-06T00:00:00,1544,72269,HOL,spt,3,3388,-24,-66,-71,S24W66,S24W71,77,2,80,3,2,0,2,Bxo,2,B,311,2,1,455,0
2023-08-06T15:44:00,2023-08-06T00:00:00,1544,72269,HOL,spt,3,3391,24,-30,-35,N24W30,N24W35,41,2,100,5,7,3,1,Hax,1,A,307,2,1,456,0
2023-08-06T15:44:00,2023-08-06T00:00:00,1544,72269,HOL,spt,3,3392,10,-22,-27,N10W22,N10W27,33,4,180,16,7,3,1,Hax,1,A,309,2,1,457,0
2023-08-06T15:44:00,2023-08-06T00:00:00,1544,72269,HOL,spt,3,3394,-20,24,19,S20E24,S20E19,347,10,340,17,3,5,2,Cko,2,B,312,2,1,458,0
2023-08-06T15:44:00,2023-08-06T00:00:00,1544,72269,HOL,spt,3,3395,15,39,34,N15E39,N15E34,332,5,150,7,3,3,2,Cao,2,B,313,2,1,459,0
2023-08-06T15:44:00,2023-08-06T00:00:00,1544,72269,HOL,spt,3,,17,-7,-12,N17W07,N17W12,18,2,10,2,1,0,1,Axx,1,A,310,2,1,460,0
2023-08-06T15:44:00,2023-08-06T00:00:00,1544,72269,HOL,spt,3,,-9,-28,-33,S09W28,S09W33,39,1,10,2,1,0,1,Axx,1,A,317,2,1,461,0
2023-08-06T15:44:00,2023-08-06T00:00:00,1544,72269,HOL,spt,3,,-20,-28,-33,S20W28,S20W33,39,1,10,1,1,0,1,Axx,1,A,314,2,1,462,0
2023-08-06T15:44:00,2023-08-06T00:00:00,1544,72269,HOL,spt,3,,19,69,64,N19E69,N19E64,302,1,20,1,1,0,1,Axx,1,A,316,2,1,463,0
2023-08-06T05:25:00,2023-08-06T00:00:00,0525,16320,SVI,spt,2,3386,9,-76,-87,N09W76,N09W87,93,5,120,3,3,3,2,Cao,2,B,265,2,1,464,0
2023-08-06T05:25:00,2023-08-06T00:00:00,0525,16320,SVI,spt,2,3387,21,-52,-63,N21W52,N21W63,69,4,30,5,4,2,2,Dso,2,B,266,2,1,465,0
2023-08-06T05:25:00,2023-08-06T00:00:00,0525,16320,SVI,spt,2,3388,-24,-59,-70,S24W59,S24W70,76,0,0,1,1,0,1,Axx,1,A,267,2,1,466,0
2023-08-06T05:25:00,2023-08-06T00:00:00,0525,16320,SVI,spt,2,3391,24,-17,-28,N24W17,N24W28,34,2,40,1,7,2,1,Hsx,1,A,271,2,1,467,0
2023-08-06T05:25:00,2023-08-06T00:00:00,0525,16320,SVI,spt,2,3392,9,-24,-35,N09W24,N09W35,41,5,50,6,3,3,2,Cao,2,B,274,2,1,468,0
2023-08-06T05:25:00,2023-08-06T00:00:00,0525,16320,SVI,spt,2,3394,-22,34,23,S22E34,S22E23,343,4,50,2,3,3,2,Cao,2,B,277,2,1,469,0
2023-08-06T05:25:00,2023-08-06T00:00:00,0525,16320,SVI,spt,2,3395,15,48,37,N15E48,N15E37,329,8,40,5,3,2,2,Cso,2,B,279,2,1,470,0
2023-08-05T15:32:00,2023-08-05T00:00:00,1532,72269,HOL,spt,3,3386,11,-66,-71,N11W66,N11W71,91,4,440,12,4,5,3,Dki,5,BD,300,2,1,471,0
2023-08-05T15:32:00,2023-08-05T00:00:00,1532,72269,HOL,spt,3,3387,24,-46,-51,N24W46,N24W51,71,3,180,10,4,3,3,Dai,2,B,301,2,1,472,0
2023-08-05T15:32:00,2023-08-05T00:00:00,1532,72269,HOL,spt,3,3388,-24,-52,-57,S24W52,S24W57,77,1,20,1,1,0,1,Axx,1,A,311,2,1,473,0
2023-08-05T15:32:00,2023-08-05T00:00:00,1532,72269,HOL,spt,3,3391,24,-16,-21,N24W16,N24W21,41,11,140,8,3,3,2,Cao,2,B,307,2,1,474,0
2023-08-05T15:32:00,2023-08-05T00:00:00,1532,72269,HOL,spt,3,3392,10,-8,-13,N10W08,N10W13,33,10,260,31,3,5,3,Cki,2,B,309,2,1,475,0
2023-08-05T15:32:00,2023-08-05T00:00:00,1532,72269,HOL,spt,3,3394,-20,38,33,S20E38,S20E33,347,11,530,10,3,5,2,Cko,2,B,312,2,1,476,0
2023-08-05T15:32:00,2023-08-05T00:00:00,1532,72269,HOL,spt,3,3395,15,53,48,N15E53,N15E48,332,6,280,11,4,3,2,Dao,2,B,313,2,1,477,0
2023-08-05T15:32:00,2023-08-05T00:00:00,1532,72269,HOL,spt,3,,-20,-14,-19,S20W14,S20W19,39,3,20,4,2,0,2,Bxo,2,B,314,2,1,478,0
2023-08-05T15:32:00,2023-08-05T00:00:00,1532,72269,HOL,spt,3,,24,30,25,N24E30,N24E25,355,2,40,4,2,0,2,Bxo,2,B,315,2,1,479,0
2023-08-05T11:00:00,2023-08-05T00:00:00,1100,16320,SVI,spt,2,3386,10,-68,-76,N10W68,N10W76,95,4,170,4,4,5,2,Dko,2,B,265,2,1,480,0
2023-08-05T11:00:00,2023-08-05T00:00:00,1100,16320,SVI,spt,2,3387,21,-41,-49,N21W41,N21W49,68,3,30,3,3,2,2,Cso,2,B,266,2,1,481,0
2023-08-05T11:00:00,2023-08-05T00:00:00,1100,16320,SVI,spt,2,3388,-23,-49,-57,S23W49,S23W57,76,1,20,1,7,2,1,Hsx,1,A,267,2,1,482,0
2023-08-05T11:00:00,2023-08-05T00:00:00,1100,16320,SVI,spt,2,3391,23,-7,-15,N23W07,N23W15,34,2,40,2,3,2,2,Cso,2,B,271,2,1,483,0
2023-08-05T11:00:00,2023-08-05T00:00:00,1100,16320,SVI,spt,2,3392,10,-12,-20,N10W12,N10W20,39,7,100,8,4,3,2,Dao,2,B,274,2,1,484,0
2023-08-05T11:00:00,2023-08-05T00:00:00,1100,16320,SVI,spt,2,3394,-22,43,35,S22E43,S22E35,344,4,60,2,3,2,2,Cso,2,B,277,2,1,485,0
2023-08-05T11:00:00,2023-08-05T00:00:00,1100,16320,SVI,spt,2,3395,15,61,53,N15E61,N15E53,326,8,50,3,4,2,2,Dso,2,B,279,2,1,486,0
2023-08-04T15:25:00,2023-08-04T00:00:00,1525,72269,HOL,spt,3,3386,12,-58,-63,N12W58,N12W63,96,6,560,8,4,4,3,Dhi,2,B,300,2,1,487,0
2023-08-04T15:25:00,2023-08-04T00:00:00,1525,72269,HOL,spt,3,3387,23,-30,-35,N23W30,N23W35,68,6,80,3,4,2,2,Dso,2,B,301,2,1,488,0
2023-08-04T15:25:00,2023-08-04T00:00:00,1525,72269,HOL,spt,3,3388,-23,-40,-45,S23W40,S23W45,78,2,10,3,1,0,1,Axx,1,A,311,2,1,489,0
2023-08-04T15:25:00,2023-08-04T00:00:00,1525,72269,HOL,spt,3,3391,23,3,-2,N23E03,N23W02,35,3,160,4,7,2,1,Hsx,1,A,307,2,1,490,0
2023-08-04T15:25:00,2023-08-04T00:00:00,1525,72269,HOL,spt,3,3392,10,0,-5,N10W00,N10W05,38,8,200,15,4,5,3,Dki,3,BG,309,2,1,491,0
2023-08-04T15:25:00,2023-08-04T00:00:00,1525,72269,HOL,spt,3,3393,17,-26,-31,N17W26,N17W31,64,0,0,1,1,0,1,Axx,1,A,308,2,1,492,0
2023-08-04T15:25:00,2023-08-04T00:00:00,1525,72269,HOL,spt,3,3394,-23,51,46,S23E51,S23E46,347,4,190,2,7,4,1,Hhx,1,A,312,2,1,493,0
2023-08-04T15:25:00,2023-08-04T00:00:00,1525,72269,HOL,spt,3,3395,14,70,65,N14E70,N14E65,328,5,170,2,4,2,2,Dso,2,B,313,2,1,494,0
2023-08-04T15:25:00,2023-08-04T00:00:00,1525,72269,HOL,spt,3,,-20,-1,-6,S20W01,S20W06,39,0,0,1,1,0,1,Axx,1,A,314,2,1,495,0
2023-08-04T05:10:00,2023-08-04T00:00:00,0510,16320,SVI,spt,3,3380,-11,-79,-90,S11W79,S11W90,123,4,30,2,3,2,2,Cso,2,B,259,2,1,496,0
2023-08-04T05:10:00,2023-08-04T00:00:00,0510,16320,SVI,spt,3,3386,11,-48,-59,N11W48,N11W59,92,9,170,7,3,5,2,Cko,2,B,265,2,1,497,0
2023-08-04T05:10:00,2023-08-04T00:00:00,0510,16320,SVI,spt,3,3387,23,-24,-35,N23W24,N23W35,68,5,40,6,3,3,2,Cao,2,B,266,2,1,498,0
2023-08-04T05:10:00,2023-08-04T00:00:00,0510,16320,SVI,spt,3,3388,-24,-33,-44,S24W33,S24W44,77,2,10,2,3,2,2,Cso,2,B,267,2,1,499,0
2023-08-04T05:10:00,2023-08-04T00:00:00,0510,16320,SVI,spt,3,3391,24,9,-2,N24E09,N24W02,35,2,60,1,7,3,1,Hax,1,A,271,2,1,500,0
2023-08-04T05:10:00,2023-08-04T00:00:00,0510,16320,SVI,spt,3,3392,11,4,-7,N11E04,N11W07,40,8,120,5,4,3,2,Dao,2,B,274,2,1,501,0
2023-08-04T05:10:00,2023-08-04T00:00:00,0510,16320,SVI,spt,3,3394,-22,59,48,S22E59,S22E48,345,5,80,3,3,2,2,Cso,2,B,277,2,1,502,0
2023-08-04T05:10:00,2023-08-04T00:00:00,0510,16320,SVI,spt,3,3395,14,77,66,N14E77,N14E66,327,8,60,2,3,2,2,Cso,2,B,279,2,1,503,0
2023-08-04T02:05:00,2023-08-04T00:00:00,0205,94302,LEA,spt,2,3386,11,-49,-62,N11W49,N11W62,94,3,260,3,3,4,2,Cho,2,B,243,2,1,504,0
2023-08-04T02:05:00,2023-08-04T00:00:00,0205,94302,LEA,spt,2,3387,22,-23,-36,N22W23,N22W36,68,3,50,3,3,2,2,Cso,2,B,244,2,1,505,0
2023-08-04T02:05:00,2023-08-04T00:00:00,0205,94302,LEA,spt,2,3392,10,7,-6,N10E07,N10W06,38,7,180,8,4,4,2,Dho,3,BG,251,2,1,506,0
2023-08-04T02:05:00,2023-08-04T00:00:00,0205,94302,LEA,spt,2,3391,24,11,-2,N24E11,N24W02,34,2,100,1,7,2,1,Hsx,1,A,248,2,1,507,0
2023-08-04T02:05:00,2023-08-04T00:00:00,0205,94302,LEA,spt,2,3395,15,75,62,N15E75,N15E62,330,5,80,3,3,3,2,Cao,2,B,255,2,1,508,0
2023-08-04T02:05:00,2023-08-04T00:00:00,0205,94302,LEA,spt,2,3394,-23,59,46,S23E59,S23E46,346,4,220,2,3,3,2,Cao,2,B,253,2,1,509,0
2023-08-04T02:05:00,2023-08-04T00:00:00,0205,94302,LEA,spt,2,3388,-22,-32,-45,S22W32,S22W45,77,2,10,2,2,0,2,Bxo,2,B,245,2,1,510,0
2023-08-04T02:05:00,2023-08-04T00:00:00,0205,94302,LEA,spt,2,3380,-9,-72,-85,S09W72,S09W85,117,2,120,3,3,3,2,Cao,2,B,237,2,1,511,0
2023-08-03T15:25:00,2023-08-03T00:00:00,1525,72269,HOL,spt,3,3380,-12,-78,-83,S12W78,S12W83,129,4,330,10,4,5,3,Dki,2,B,295,2,1,512,0
2023-08-03T15:25:00,2023-08-03T00:00:00,1525,72269,HOL,spt,3,3386,13,-41,-46,N13W41,N13W46,92,9,270,10,4,5,4,Dkc,2,B,300,2,1,513,0
2023-08-03T15:25:00,2023-08-03T00:00:00,1525,72269,HOL,spt,3,3387,21,-18,-23,N21W18,N21W23,69,3,40,3,7,2,1,Hsx,1,A,301,2,1,514,0
2023-08-03T15:25:00,2023-08-03T00:00:00,1525,72269,HOL,spt,3,3388,-23,-27,-32,S23W27,S23W32,78,0,10,1,1,0,1,Axx,1,A,311,2,1,515,0
2023-08-03T15:25:00,2023-08-03T00:00:00,1525,72269,HOL,spt,3,3391,23,17,12,N23E17,N23E12,34,3,160,1,7,4,1,Hhx,1,A,307,2,1,516,0
2023-08-03T15:25:00,2023-08-03T00:00:00,1525,72269,HOL,spt,3,3392,10,12,7,N10E12,N10E07,39,11,240,9,5,4,3,Ehi,2,B,309,2,1,517,0
2023-08-03T15:25:00,2023-08-03T00:00:00,1525,72269,HOL,spt,3,3393,17,-12,-17,N17W12,N17W17,63,0,0,1,1,0,1,Axx,1,A,308,2,1,518,0
2023-08-03T15:25:00,2023-08-03T00:00:00,1525,72269,HOL,spt,3,3394,-23,66,61,S23E66,S23E61,345,4,230,2,7,4,1,Hhx,1,A,312,2,1,519,0
2023-08-03T15:25:00,2023-08-03T00:00:00,1525,72269,HOL,spt,3,3395,15,80,75,N15E80,N15E75,331,2,120,1,7,2,1,Hsx,1,A,313,2,1,520,0
2023-08-03T05:20:00,2023-08-03T00:00:00,0520,16320,SVI,spt,3,3380,-12,-67,-78,S12W67,S12W78,124,12,220,7,5,3,4,Eac,2,B,259,2,1,521,0
2023-08-03T05:20:00,2023-08-03T00:00:00,0520,16320,SVI,spt,3,3386,13,-34,-45,N13W34,N13W45,91,8,70,4,3,5,2,Cko,2,B,265,2,1,522,0
2023-08-03T05:20:00,2023-08-03T00:00:00,0520,16320,SVI,spt,3,3387,24,-10,-21,N24W10,N24W21,67,6,50,7,3,3,2,Cao,2,B,266,2,1,523,0
2023-08-03T05:20:00,2023-08-03T00:00:00,0520,16320,SVI,spt,3,3388,-23,-17,-28,S23W17,S23W28,74,5,10,2,3,2,2,Cso,2,B,267,2,1,524,0
2023-08-03T05:20:00,2023-08-03T00:00:00,0520,16320,SVI,spt,3,3389,-11,-7,-18,S11W07,S11W18,64,0,0,1,1,0,1,Axx,1,A,268,2,1,525,0
2023-08-03T05:20:00,2023-08-03T00:00:00,0520,16320,SVI,spt,3,3390,-22,6,-5,S22E06,S22W05,51,0,0,1,1,0,1,Axx,1,A,270,2,1,526,0
2023-08-03T05:20:00,2023-08-03T00:00:00,0520,16320,SVI,spt,3,3391,24,23,12,N24E23,N24E12,34,3,40,1,7,2,1,Hsx,1,A,271,2,1,527,0
2023-08-03T05:20:00,2023-08-03T00:00:00,0520,16320,SVI,spt,3,3392,10,22,11,N10E22,N10E11,35,10,110,10,4,5,2,Dko,2,B,274,2,1,528,0
2023-08-03T05:20:00,2023-08-03T00:00:00,0520,16320,SVI,spt,3,,-8,17,6,S08E17,S08E06,40,2,0,2,2,0,2,Bxo,2,B,276,2,1,529,0
2023-08-03T05:20:00,2023-08-03T00:00:00,0520,16320,SVI,spt,3,3394,-22,74,63,S22E74,S22E63,343,4,60,1,7,3,1,Hax,1,A,277,2,1,530,0
2023-08-03T05:20:00,2023-08-03T00:00:00,0520,16320,SVI,spt,3,3393,17,-3,-14,N17W03,N17W14,60,5,0,2,2,0,2,Bxo,2,B,278,2,1,531,0
2023-08-03T03:55:00,2023-08-03T00:00:00,0355,94302,LEA,spt,1,3386,12,-32,-44,N12W32,N12W44,90,8,190,2,4,4,2,Dho,2,B,243,2,1,532,0
2023-08-03T03:55:00,2023-08-03T00:00:00,0355,94302,LEA,spt,1,3387,21,-10,-22,N21W10,N21W22,68,4,60,3,3,2,2,Cso,2,B,244,2,1,533,0
2023-08-03T03:55:00,2023-08-03T00:00:00,0355,94302,LEA,spt,1,3393,16,-4,-16,N16W04,N16W16,62,1,10,1,1,0,1,Axx,1,A,250,2,1,534,0
2023-08-03T03:55:00,2023-08-03T00:00:00,0355,94302,LEA,spt,1,3391,22,23,11,N22E23,N22E11,35,2,110,1,1,0,1,Axx,1,A,248,2,1,535,0
2023-08-03T03:55:00,2023-08-03T00:00:00,0355,94302,LEA,spt,1,3392,8,22,10,N08E22,N08E10,36,7,250,8,4,4,2,Dho,2,B,251,2,1,536,0
2023-08-03T03:55:00,2023-08-03T00:00:00,0355,94302,LEA,spt,1,3394,-20,69,57,S20E69,S20E57,349,3,110,1,7,3,1,Hax,1,A,253,2,1,537,0
2023-08-03T03:55:00,2023-08-03T00:00:00,0355,94302,LEA,spt,1,,-9,18,6,S09E18,S09E06,40,1,20,1,1,0,1,Axx,1,A,254,2,1,538,0
2023-08-03T03:55:00,2023-08-03T00:00:00,0355,94302,LEA,spt,1,3388,-23,-17,-29,S23W17,S23W29,75,1,10,1,1,0,1,Axx,1,A,245,2,1,539,0
2023-08-03T03:55:00,2023-08-03T00:00:00,0355,94302,LEA,spt,1,3380,-11,-59,-71,S11W59,S11W71,117,4,240,5,4,4,2,Dho,3,BG,237,2,1,540,0
2023-08-02T15:25:00,2023-08-02T00:00:00,1525,72269,HOL,spt,2,3380,-11,-61,-66,S11W61,S11W66,125,5,680,7,4,5,4,Dkc,2,B,295,2,1,541,0
2023-08-02T15:25:00,2023-08-02T00:00:00,1525,72269,HOL,spt,2,3386,13,-28,-33,N13W28,N13W33,92,10,300,7,4,4,3,Dhi,2,B,300,2,1,542,0
2023-08-02T15:25:00,2023-08-02T00:00:00,1525,72269,HOL,spt,2,3387,22,-4,-9,N22W04,N22W09,68,3,110,4,3,2,2,Cso,2,B,301,2,1,543,0
2023-08-02T15:25:00,2023-08-02T00:00:00,1525,72269,HOL,spt,2,3388,-23,-13,-18,S23W13,S23W18,77,3,10,4,1,0,1,Axx,1,A,311,2,1,544,0
2023-08-02T15:25:00,2023-08-02T00:00:00,1525,72269,HOL,spt,2,3390,-18,12,7,S18E12,S18E07,52,4,0,2,2,0,2,Bxo,2,B,305,2,1,545,0
2023-08-02T15:25:00,2023-08-02T00:00:00,1525,72269,HOL,spt,2,3391,23,31,26,N23E31,N23E26,33,3,120,2,7,2,1,Hsx,1,A,307,2,1,546,0
2023-08-02T15:25:00,2023-08-02T00:00:00,1525,72269,HOL,spt,2,3392,10,28,23,N10E28,N10E23,36,9,220,18,4,3,3,Dai,2,B,309,2,1,547,0
2023-08-02T15:25:00,2023-08-02T00:00:00,1525,72269,HOL,spt,2,3393,17,3,-2,N17E03,N17W02,61,0,0,1,1,0,1,Axx,1,A,308,2,1,548,0
2023-08-02T06:01:00,2023-08-02T00:00:00,0601,16320,SVI,spt,2,3380,-11,-55,-66,S11W55,S11W66,125,13,200,12,5,5,4,Ekc,2,B,259,2,1,549,0
2023-08-02T06:01:00,2023-08-02T00:00:00,0601,16320,SVI,spt,2,3386,11,-23,-34,N11W23,N11W34,93,11,80,8,5,4,2,Eho,2,B,265,2,1,550,0
2023-08-02T06:01:00,2023-08-02T00:00:00,0601,16320,SVI,spt,2,3387,21,1,-10,N21E01,N21W10,69,6,30,4,3,2,2,Cso,2,B,266,2,1,551,0
2023-08-02T06:01:00,2023-08-02T00:00:00,0601,16320,SVI,spt,2,3388,-24,-6,-17,S24W06,S24W17,76,1,10,1,1,0,1,Axx,1,A,267,2,1,552,0
2023-08-02T06:01:00,2023-08-02T00:00:00,0601,16320,SVI,spt,2,3389,-8,7,-4,S08E07,S08W04,63,5,10,5,2,0,2,Bxo,2,B,268,2,1,553,0
2023-08-02T06:01:00,2023-08-02T00:00:00,0601,16320,SVI,spt,2,3390,-19,18,7,S19E18,S19E07,52,4,0,2,2,0,2,Bxo,2,B,270,2,1,554,0
2023-08-02T06:01:00,2023-08-02T00:00:00,0601,16320,SVI,spt,2,3391,25,36,25,N25E36,N25E25,34,4,40,2,3,2,2,Cso,2,B,271,2,1,555,0
2023-08-02T06:01:00,2023-08-02T00:00:00,0601,16320,SVI,spt,2,3384,-17,-39,-50,S17W39,S17W50,109,1,0,2,1,0,1,Axx,1,A,272,2,1,556,0
2023-08-02T06:01:00,2023-08-02T00:00:00,0601,16320,SVI,spt,2,3392,10,34,23,N10E34,N10E23,36,11,60,14,3,3,2,Cao,2,B,274,2,1,557,0
2023-08-02T02:55:00,2023-08-02T00:00:00,0255,94302,LEA,spt,2,3386,13,-20,-33,N13W20,N13W33,91,10,240,4,4,4,2,Dho,2,B,243,2,1,558,0
2023-08-02T02:55:00,2023-08-02T00:00:00,0255,94302,LEA,spt,2,3387,20,2,-10,N20E02,N20W10,69,6,80,5,3,2,2,Cso,2,B,244,2,1,559,0
2023-08-02T02:55:00,2023-08-02T00:00:00,0255,94302,LEA,spt,2,3393,16,10,-3,N16E10,N16W03,61,1,10,1,1,0,1,Axx,1,A,250,2,1,560,0
2023-08-02T02:55:00,2023-08-02T00:00:00,0255,94302,LEA,spt,2,3391,22,38,26,N22E38,N22E26,33,3,120,2,3,2,2,Cso,2,B,248,2,1,561,0
2023-08-02T02:55:00,2023-08-02T00:00:00,0255,94302,LEA,spt,2,3392,8,36,23,N08E36,N08E23,35,9,170,13,3,2,2,Cso,2,B,251,2,1,562,0
2023-08-02T02:55:00,2023-08-02T00:00:00,0255,94302,LEA,spt,2,3390,-21,18,6,S21E18,S21E06,53,3,20,2,2,0,2,Bxo,2,B,249,2,1,563,0
2023-08-02T02:55:00,2023-08-02T00:00:00,0255,94302,LEA,spt,2,3389,-11,7,-6,S11E07,S11W06,64,3,30,7,1,0,1,Axx,1,A,246,2,1,564,0
2023-08-02T02:55:00,2023-08-02T00:00:00,0255,94302,LEA,spt,2,3388,-24,-7,-19,S24W07,S24W19,78,1,10,1,1,0,1,Axx,1,A,245,2,1,565,0
2023-08-02T02:55:00,2023-08-02T00:00:00,0255,94302,LEA,spt,2,3380,-9,-54,-67,S09W54,S09W67,125,6,650,9,4,5,2,Dko,3,BG,237,2,1,566,0
2023-08-01T16:20:00,2023-08-01T00:00:00,1620,72269,HOL,spt,3,3380,-11,-48,-53,S11W48,S11W53,125,5,420,18,4,3,4,Dac,2,B,295,2,1,567,0
2023-08-01T16:20:00,2023-08-01T00:00:00,1620,72269,HOL,spt,3,3384,-17,-34,-39,S17W34,S17W39,111,2,30,5,7,1,1,Hrx,1,A,298,2,1,568,0
2023-08-01T16:20:00,2023-08-01T00:00:00,1620,72269,HOL,spt,3,3386,13,-13,-18,N13W13,N13W18,90,12,280,20,5,4,3,Ehi,2,B,300,2,1,569,0
2023-08-01T16:20:00,2023-08-01T00:00:00,1620,72269,HOL,spt,3,3387,23,8,3,N23E08,N23E03,69,6,110,6,3,2,2,Cso,2,B,301,2,1,570,0
2023-08-01T16:20:00,2023-08-01T00:00:00,1620,72269,HOL,spt,3,3389,-9,12,7,S09E12,S09E07,65,2,20,4,1,0,1,Axx,1,A,303,2,1,571,0
2023-08-01T16:20:00,2023-08-01T00:00:00,1620,72269,HOL,spt,3,3390,-22,25,20,S22E25,S22E20,52,5,10,3,2,0,2,Bxo,2,B,305,2,1,572,0
2023-08-01T16:20:00,2023-08-01T00:00:00,1620,72269,HOL,spt,3,3391,23,43,38,N23E43,N23E38,34,4,150,4,7,2,1,Hsx,1,A,307,2,1,573,0
2023-08-01T16:20:00,2023-08-01T00:00:00,1620,72269,HOL,spt,3,3392,8,41,36,N08E41,N08E36,36,8,160,14,3,2,2,Cso,2,B,309,2,1,574,0
2023-08-01T16:20:00,2023-08-01T00:00:00,1620,72269,HOL,spt,3,3393,17,17,12,N17E17,N17E12,60,4,10,3,2,0,2,Bxo,2,B,308,2,1,575,0
2023-08-01T16:20:00,2023-08-01T00:00:00,1620,72269,HOL,spt,3,,17,64,59,N17E64,N17E59,13,1,20,2,1,0,1,Axx,1,A,310,2,1,576,0
2023-08-01T05:45:00,2023-08-01T00:00:00,0545,16320,SVI,spt,3,3380,-10,-44,-55,S10W44,S10W55,127,10,190,21,4,5,4,Dkc,2,B,259,2,1,577,0
2023-08-01T05:45:00,2023-08-01T00:00:00,0545,16320,SVI,spt,3,3386,14,-9,-20,N14W09,N14W20,92,11,150,16,5,5,2,Eko,2,B,265,2,1,578,0
2023-08-01T05:45:00,2023-08-01T00:00:00,0545,16320,SVI,spt,3,3387,22,14,3,N22E14,N22E03,69,3,50,6,4,2,2,Dso,2,B,266,2,1,579,0
2023-08-01T05:45:00,2023-08-01T00:00:00,0545,16320,SVI,spt,3,3388,-23,5,-6,S23E05,S23W06,78,2,10,1,7,3,1,Hax,1,A,267,2,1,580,0
2023-08-01T05:45:00,2023-08-01T00:00:00,0545,16320,SVI,spt,3,3389,-8,18,7,S08E18,S08E07,65,3,20,2,7,3,1,Hax,1,A,268,2,1,581,0
2023-08-01T05:45:00,2023-08-01T00:00:00,0545,16320,SVI,spt,3,3390,-18,30,19,S18E30,S18E19,53,4,20,2,4,2,2,Dso,2,B,270,2,1,582,0
2023-08-01T05:45:00,2023-08-01T00:00:00,0545,16320,SVI,spt,3,3391,25,48,37,N25E48,N25E37,35,3,50,1,7,2,1,Hsx,1,A,271,2,1,583,0
2023-08-01T05:45:00,2023-08-01T00:00:00,0545,16320,SVI,spt,3,3384,-18,-28,-39,S18W28,S18W39,111,3,10,5,3,2,2,Cso,2,B,272,3,1,584,0
2023-08-01T05:45:00,2023-08-01T00:00:00,0545,16320,SVI,spt,3,3393,18,23,12,N18E23,N18E12,60,4,10,3,3,2,2,Cso,2,B,273,2,1,585,0
2023-08-01T05:45:00,2023-08-01T00:00:00,0545,16320,SVI,spt,3,3392,10,47,36,N10E47,N10E36,36,10,80,7,4,3,2,Dao,2,B,274,2,1,586,0
2023-08-01T05:45:00,2023-08-01T00:00:00,0545,16320,SVI,spt,3,,18,70,59,N18E70,N18E59,13,0,0,1,1,0,1,Axx,1,A,275,2,1,587,0
2023-07-31T15:23:00,2023-07-31T00:00:00,1523,72269,HOL,spt,2,3379,14,-83,-88,N14W83,N14W88,174,3,170,1,7,4,1,Hhx,1,A,292,2,1,588,0
2023-07-31T15:23:00,2023-07-31T00:00:00,1523,72269,HOL,spt,2,3380,-11,-32,-37,S11W32,S11W37,123,9,470,20,4,3,4,Dac,2,B,295,2,1,589,0
2023-07-31T15:23:00,2023-07-31T00:00:00,1523,72269,HOL,spt,2,3384,-16,-16,-21,S16W16,S16W21,107,3,20,12,2,0,2,Bxo,2,B,298,2,1,590,0
2023-07-31T15:23:00,2023-07-31T00:00:00,1523,72269,HOL,spt,2,3388,-21,12,7,S21E12,S21E07,79,2,20,1,7,3,1,Hax,1,A,302,2,1,591,0
2023-07-31T15:23:00,2023-07-31T00:00:00,1523,72269,HOL,spt,2,3390,-18,41,36,S18E41,S18E36,50,3,30,2,4,2,2,Dso,2,B,305,2,1,592,0
2023-07-31T15:23:00,2023-07-31T00:00:00,1523,72269,HOL,spt,2,3389,-8,33,28,S08E33,S08E28,58,2,50,2,7,3,1,Hax,1,A,303,2,1,593,0
2023-07-31T15:23:00,2023-07-31T00:00:00,1523,72269,HOL,spt,2,3386,11,0,-5,N11W00,N11W05,91,13,400,21,5,5,3,Eki,2,B,300,2,1,594,0
2023-07-31T15:23:00,2023-07-31T00:00:00,1523,72269,HOL,spt,2,3387,24,18,13,N24E18,N24E13,73,9,150,10,3,2,2,Cso,2,B,301,2,1,595,0
2023-07-31T15:23:00,2023-07-31T00:00:00,1523,72269,HOL,spt,2,3393,17,31,26,N17E31,N17E26,60,1,30,1,7,1,1,Hrx,1,A,308,2,1,596,0
2023-07-31T15:23:00,2023-07-31T00:00:00,1523,72269,HOL,spt,2,3392,10,52,47,N10E52,N10E47,39,5,110,14,4,3,3,Dai,2,B,309,2,1,597,0
2023-07-31T15:23:00,2023-07-31T00:00:00,1523,72269,HOL,spt,2,3391,24,44,39,N24E44,N24E39,47,2,140,1,7,3,1,Hax,1,A,307,2,1,598,0
2023-07-31T15:23:00,2023-07-31T00:00:00,1523,72269,HOL,spt,2,,17,79,74,N17E79,N17E74,12,1,10,1,1,0,1,Axx,1,A,310,2,1,599,0
2023-07-31T07:35:00,2023-07-31T00:00:00,0735,16320,SVI,spt,2,3379,13,-80,-90,N13W80,N13W90,175,4,30,2,3,3,2,Cao,2,B,258,2,1,600,0
2023-07-31T07:35:00,2023-07-31T00:00:00,0735,16320,SVI,spt,2,3380,-11,-30,-40,S11W30,S11W40,125,10,250,13,4,5,2,Dko,2,B,259,2,1,601,0
2023-07-31T07:35:00,2023-07-31T00:00:00,0735,16320,SVI,spt,2,3386,11,4,-6,N11E04,N11W06,91,13,140,15,5,5,2,Eko,2,B,265,2,1,602,0
2023-07-31T07:35:00,2023-07-31T00:00:00,0735,16320,SVI,spt,2,3387,23,27,17,N23E27,N23E17,68,7,60,8,3,3,2,Cao,2,B,266,2,1,603,0
2023-07-31T07:35:00,2023-07-31T00:00:00,0735,16320,SVI,spt,2,3388,-23,18,8,S23E18,S23E08,77,3,20,2,3,2,2,Cso,2,B,267,2,1,604,0
2023-07-31T07:35:00,2023-07-31T00:00:00,0735,16320,SVI,spt,2,3389,-9,32,22,S09E32,S09E22,63,3,20,3,7,3,1,Hax,1,A,268,2,1,605,0
2023-07-31T07:35:00,2023-07-31T00:00:00,0735,16320,SVI,spt,2,3390,-18,43,33,S18E43,S18E33,52,4,0,2,2,0,2,Bxo,2,B,270,2,1,606,0
2023-07-31T07:35:00,2023-07-31T00:00:00,0735,16320,SVI,spt,2,3391,24,62,52,N24E62,N24E52,33,4,40,2,3,2,2,Cso,2,B,271,2,1,607,0
2023-07-31T07:35:00,2023-07-31T00:00:00,0735,16320,SVI,spt,2,3384,-16,-15,-25,S16W15,S16W25,110,2,0,2,1,0,1,Axx,1,A,272,2,1,608,0
2023-07-31T07:35:00,2023-07-31T00:00:00,0735,16320,SVI,spt,2,,17,35,25,N17E35,N17E25,60,2,10,2,7,3,1,Hax,1,A,273,3,1,609,0
2023-07-31T07:35:00,2023-07-31T00:00:00,0735,16320,SVI,spt,2,3392,9,60,50,N09E60,N09E50,35,5,20,5,2,0,2,Bxo,2,B,274,2,1,610,0
2023-07-31T02:00:00,2023-07-31T00:00:00,0200,94302,LEA,spt,3,3382,18,-75,-88,N18W75,N18W88,173,6,180,1,7,4,1,Hhx,1,A,239,2,1,611,0
2023-07-31T02:00:00,2023-07-31T00:00:00,0200,94302,LEA,spt,3,3386,10,10,-3,N10E10,N10W03,88,13,400,36,5,4,3,Ehi,2,B,243,2,1,612,0
2023-07-31T02:00:00,2023-07-31T00:00:00,0200,94302,LEA,spt,3,3387,22,32,19,N22E32,N22E19,66,8,130,10,3,2,2,Cso,2,B,244,2,1,613,0
2023-07-31T02:00:00,2023-07-31T00:00:00,0200,94302,LEA,spt,3,3393,15,40,27,N15E40,N15E27,58,6,80,6,2,0,2,Bxo,2,B,250,2,1,614,0
2023-07-31T02:00:00,2023-07-31T00:00:00,0200,94302,LEA,spt,3,3391,22,65,52,N22E65,N22E52,33,6,200,3,3,4,2,Cho,2,B,248,2,1,615,0
2023-07-31T02:00:00,2023-07-31T00:00:00,0200,94302,LEA,spt,3,3380,-10,-28,-41,S10W28,S10W41,126,11,480,29,5,4,4,Ehc,2,B,237,2,1,616,0
2023-07-31T02:00:00,2023-07-31T00:00:00,0200,94302,LEA,spt,3,3384,18,12,-1,N18E12,N18W01,86,3,100,10,2,0,2,Bxo,2,B,241,2,1,617,0
2023-07-31T02:00:00,2023-07-31T00:00:00,0200,94302,LEA,spt,3,3389,-12,33,20,S12E33,S12E20,65,5,70,4,2,0,2,Bxo,2,B,246,2,1,618,0
2023-07-31T02:00:00,2023-07-31T00:00:00,0200,94302,LEA,spt,3,3390,-20,45,32,S20E45,S20E32,53,3,60,2,2,0,2,Bxo,2,B,249,2,1,619,0
2023-07-31T02:00:00,2023-07-31T00:00:00,0200,94302,LEA,spt,3,3388,-20,22,9,S20E22,S20E09,76,2,20,3,3,2,2,Cso,2,B,245,2,1,620,0
2023-07-31T02:00:00,2023-07-31T00:00:00,0200,94302,LEA,spt,3,3392,8,65,52,N08E65,N08E52,33,5,40,4,2,0,2,Bxo,2,B,251,2,1,621,0
2023-07-30T15:17:00,2023-07-30T00:00:00,1517,72269,HOL,spt,3,3379,14,-70,-75,N14W70,N14W75,174,3,180,1,7,4,1,Hhx,1,A,292,2,1,622,0
2023-07-30T15:17:00,2023-07-30T00:00:00,1517,72269,HOL,spt,3,3385,-17,-64,-69,S17W64,S17W69,168,1,10,1,1,0,1,Axx,1,A,299,2,1,623,0
2023-07-30T15:17:00,2023-07-30T00:00:00,1517,72269,HOL,spt,3,3380,-11,-19,-24,S11W19,S11W24,123,10,280,24,4,5,3,Dki,3,BG,295,2,1,624,0
2023-07-30T15:17:00,2023-07-30T00:00:00,1517,72269,HOL,spt,3,3384,-16,-3,-8,S16W03,S16W08,107,4,30,9,2,0,2,Bxo,2,B,298,2,1,625,0
2023-07-30T15:17:00,2023-07-30T00:00:00,1517,72269,HOL,spt,3,3388,-21,25,20,S21E25,S21E20,79,2,50,2,7,2,1,Hsx,1,A,302,2,1,626,0
2023-07-30T15:17:00,2023-07-30T00:00:00,1517,72269,HOL,spt,3,3390,-18,53,48,S18E53,S18E48,51,3,40,4,3,1,2,Cro,2,B,305,2,1,627,0
2023-07-30T15:17:00,2023-07-30T00:00:00,1517,72269,HOL,spt,3,3389,-8,46,41,S08E46,S08E41,58,4,70,7,3,3,2,Cao,2,B,303,2,1,628,0
2023-07-30T15:17:00,2023-07-30T00:00:00,1517,72269,HOL,spt,3,3386,11,12,7,N11E12,N11E07,92,10,410,21,4,5,3,Dki,3,BG,300,2,1,629,0
2023-07-30T15:17:00,2023-07-30T00:00:00,1517,72269,HOL,spt,3,,17,44,39,N17E44,N17E39,60,3,10,3,2,0,2,Bxo,2,B,308,2,1,630,0
2023-07-30T15:17:00,2023-07-30T00:00:00,1517,72269,HOL,spt,3,,10,66,61,N10E66,N10E61,38,2,20,1,7,2,1,Hsx,1,A,309,2,1,631,0
2023-07-30T15:17:00,2023-07-30T00:00:00,1517,72269,HOL,spt,3,3387,24,30,25,N24E30,N24E25,74,5,170,6,3,3,2,Cao,3,BG,301,2,1,632,0
2023-07-30T15:17:00,2023-07-30T00:00:00,1517,72269,HOL,spt,3,3391,24,57,52,N24E57,N24E52,47,2,140,1,7,2,1,Hsx,1,A,307,2,1,633,0
2023-07-30T05:20:00,2023-07-30T00:00:00,0520,16320,SVI,spt,3,3379,13,-65,-76,N13W65,N13W76,175,3,40,1,7,2,1,Hsx,1,A,258,2,1,634,0
2023-07-30T05:20:00,2023-07-30T00:00:00,0520,16320,SVI,spt,3,3380,-10,-15,-26,S10W15,S10W26,125,8,70,22,4,3,4,Dac,2,B,259,2,1,635,0
2023-07-30T05:20:00,2023-07-30T00:00:00,0520,16320,SVI,spt,3,3385,-17,-67,-78,S17W67,S17W78,177,0,0,1,1,0,1,Axx,1,A,264,2,1,636,0
2023-07-30T05:20:00,2023-07-30T00:00:00,0520,16320,SVI,spt,3,3386,13,17,6,N13E17,N13E06,93,10,140,15,4,5,4,Dkc,2,B,265,2,1,637,0
2023-07-30T05:20:00,2023-07-30T00:00:00,0520,16320,SVI,spt,3,3387,22,41,30,N22E41,N22E30,69,6,40,4,4,2,2,Dso,2,B,266,2,1,638,0
2023-07-30T05:20:00,2023-07-30T00:00:00,0520,16320,SVI,spt,3,3388,-23,34,23,S23E34,S23E23,76,7,30,3,3,2,2,Cso,2,B,267,2,1,639,0
2023-07-30T05:20:00,2023-07-30T00:00:00,0520,16320,SVI,spt,3,3389,-10,44,33,S10E44,S10E33,66,4,40,7,4,2,2,Dso,2,B,268,2,1,640,0
2023-07-30T05:20:00,2023-07-30T00:00:00,0520,16320,SVI,spt,3,3390,-19,58,47,S19E58,S19E47,52,5,0,3,2,0,2,Bxo,2,B,270,2,1,641,0
2023-07-30T05:20:00,2023-07-30T00:00:00,0520,16320,SVI,spt,3,3391,24,78,67,N24E78,N24E67,32,3,60,1,7,2,1,Hsx,1,A,271,2,1,642,0
2023-07-30T04:53:00,2023-07-30T00:00:00,0453,94302,LEA,spt,2,3379,15,-68,-79,N15W68,N15W79,178,2,420,1,7,2,1,Hsx,1,A,235,2,1,643,0
2023-07-30T04:53:00,2023-07-30T00:00:00,0453,94302,LEA,spt,2,3386,12,19,8,N12E19,N12E08,91,10,370,13,5,5,3,Eki,3,BG,243,2,1,644,0
2023-07-30T04:53:00,2023-07-30T00:00:00,0453,94302,LEA,spt,2,3387,19,39,28,N19E39,N19E28,71,2,120,4,3,1,2,Cro,2,B,244,2,1,645,0
2023-07-30T04:53:00,2023-07-30T00:00:00,0453,94302,LEA,spt,2,3391,23,72,61,N23E72,N23E61,38,2,150,1,7,2,1,Hsx,1,A,248,2,1,646,0
2023-07-30T04:53:00,2023-07-30T00:00:00,0453,94302,LEA,spt,2,3389,-13,43,32,S13E43,S13E32,67,5,90,5,3,1,2,Cro,2,B,246,2,1,647,0
2023-07-30T04:53:00,2023-07-30T00:00:00,0453,94302,LEA,spt,2,3390,-21,55,44,S21E55,S21E44,55,2,20,3,1,0,1,Axx,1,A,249,2,1,648,0
2023-07-30T04:53:00,2023-07-30T00:00:00,0453,94302,LEA,spt,2,3388,-23,29,18,S23E29,S23E18,81,2,70,2,3,1,2,Cro,2,B,245,2,1,649,0
2023-07-30T04:53:00,2023-07-30T00:00:00,0453,94302,LEA,spt,2,3380,-11,-18,-30,S11W18,S11W30,128,10,220,21,4,2,3,Dsi,2,B,237,2,1,650,0
