time-tag,ssn,record_Id,record_Id_0
,,0,
1749-01,96.7,1,0
1749-02,104.3,2,0
1749-03,116.7,3,0
1749-04,92.8,4,0
1749-05,141.7,5,0
1749-06,139.2,6,0
1749-07,158,7,0
1749-08,110.5,8,0
1749-09,126.5,9,0
1749-10,125.8,10,0
1749-11,264.3,11,0
1749-12,142,12,0
1750-01,122.2,13,0
1750-02,126.5,14,0
1750-03,148.7,15,0
1750-04,147.2,16,0
1750-05,150,17,0
1750-06,166.7,18,0
1750-07,142.3,19,0
1750-08,171.7,20,0
1750-09,152,21,0
1750-10,109.5,22,0
1750-11,105.5,23,0
1750-12,125.7,24,0
1751-01,116.7,25,0
1751-02,72.5,26,0
1751-03,75.5,27,0
1751-04,94,28,0
1751-05,101.2,29,0
1751-06,84.5,30,0
1751-07,110.5,31,0
1751-08,99.7,32,0
1751-09,39.2,33,0
1751-10,38.7,34,0
1751-11,47.5,35,0
1751-12,73.3,36,0
1752-01,58.3,37,0
1752-02,83.3,38,0
1752-03,118.3,39,0
1752-04,98.8,40,0
1752-05,99.5,41,0
1752-06,66,42,0
1752-07,130.7,43,0
1752-08,48.8,44,0
1752-09,45.2,45,0
1752-10,77.7,46,0
1752-11,62.7,47,0
1752-12,66.7,48,0
1753-01,73.3,49,0
1753-02,53.3,50,0
1753-03,76.2,51,0
1753-04,63.3,52,0
1753-05,60,53,0
1753-06,52.8,54,0
1753-07,36.7,55,0
1753-08,65,56,0
1753-09,46.7,57,0
1753-10,41.7,58,0
1753-11,33.3,59,0
1753-12,11.2,60,0
1754-01,0,61,0
1754-02,5,62,0
1754-03,2.8,63,0
1754-04,22.8,64,0
1754-05,34.5,65,0
1754-06,44.5,66,0
1754-07,31.3,67,0
1754-08,20.5,68,0
1754-09,13.7,69,0
1754-10,40.2,70,0
1754-11,22,71,0
1754-12,7,72,0
1755-01,17,73,0
1755-02,18.7,74,0
1755-03,11.3,75,0
1755-04,10.8,76,0
1755-05,0,77,0
1755-06,0,78,0
1755-07,14.3,79,0
1755-08,5.3,80,0
1755-09,29.7,81,0
1755-10,39.5,82,0
1755-11,11.3,83,0
1755-12,33.3,84,0
1756-01,20.8,85,0
1756-02,11.8,86,0
1756-03,9,87,0
1756-04,15.7,88,0
1756-05,20.8,89,0
1756-06,21.5,90,0
1756-07,6,91,0
1756-08,10.7,92,0
1756-09,19.7,93,0
1756-10,23.8,94,0
1756-11,28.3,95,0
1756-12,15.7,96,0
1757-01,23.5,97,0
1757-02,35.3,98,0
1757-03,43.7,99,0
1757-04,50,100,0
1757-05,63.5,101,0
1757-06,21.3,102,0
1757-07,41.7,103,0
1757-08,85.5,104,0
1757-09,66.2,105,0
1757-10,54.2,106,0
1757-11,107.8,107,0
1757-12,55.8,108,0
1758-01,62.7,109,0
1758-02,86.7,110,0
1758-03,81.7,111,0
1758-04,120.5,112,0
1758-05,77.3,113,0
1758-06,75,114,0
1758-07,73.3,115,0
1758-08,64.5,116,0
1758-09,104.2,117,0
1758-10,62.8,118,0
1758-11,71.7,119,0
1758-12,71.7,120,0
1759-01,80.5,121,0
1759-02,73.3,122,0
1759-03,78,123,0
1759-04,78.3,124,0
1759-05,81.7,125,0
1759-06,83.3,126,0
1759-07,85,127,0
1759-08,118.8,128,0
1759-09,128.7,129,0
1759-10,99.5,130,0
1759-11,77.2,131,0
1759-12,95,132,0
1760-01,112.2,133,0
1760-02,99.2,134,0
1760-03,124.5,135,0
1760-04,97.2,136,0
1760-05,120,137,0
1760-06,80.5,138,0
1760-07,110,139,0
1760-08,126,140,0
1760-09,102.2,141,0
1760-10,84.3,142,0
1760-11,99.5,143,0
1760-12,101.7,144,0
1761-01,116.7,145,0
1761-02,151.7,146,0
1761-03,134.5,147,0
1761-04,119.5,148,0
1761-05,178.7,149,0
1761-06,165.5,150,0
1761-07,156.8,151,0
1761-08,151.8,152,0
1761-09,167.8,153,0
1761-10,147.8,154,0
1761-11,149.5,155,0
1761-12,76.7,156,0
1762-01,73,157,0
1762-02,121.3,158,0
1762-03,76.2,159,0
1762-04,100.3,160,0
1762-05,66.5,161,0
1762-06,128.5,162,0
1762-07,56.3,163,0
1762-08,112.8,164,0
1762-09,114.2,165,0
1762-10,115.5,166,0
1762-11,129.7,167,0
1762-12,128.7,168,0
1763-01,94.2,169,0
1763-02,53.2,170,0
1763-03,57,171,0
1763-04,54.8,172,0
1763-05,54.5,173,0
1763-06,59.7,174,0
1763-07,90.3,175,0
1763-08,44.2,176,0
1763-09,113.5,177,0
1763-10,77.2,178,0
1763-11,101.5,179,0
1763-12,102.3,180,0
1764-01,99.5,181,0
1764-02,99.5,182,0
1764-03,67,183,0
1764-04,57.3,184,0
1764-05,73.8,185,0
1764-06,50,186,0
1764-07,50,187,0
1764-08,50,188,0
1764-09,47,189,0
1764-10,46.7,190,0
1764-11,43.3,191,0
1764-12,42.8,192,0
1765-01,40,193,0
1765-02,43.3,194,0
1765-03,41.7,195,0
1765-04,36.7,196,0
1765-05,33.7,197,0
1765-06,33.3,198,0
1765-07,45,199,0
1765-08,49.5,200,0
1765-09,26.7,201,0
1765-10,23.3,202,0
1765-11,23.3,203,0
1765-12,21.7,204,0
1766-01,20,205,0
1766-02,18.3,206,0
1766-03,61,207,0
1766-04,10,208,0
1766-05,44.7,209,0
1766-06,5,210,0
1766-07,5.5,211,0
1766-08,6.7,212,0
1766-09,7.2,213,0
1766-10,8.3,214,0
1766-11,9.5,215,0
1766-12,32,216,0
1767-01,45.7,217,0
1767-02,50,218,0
1767-03,71.7,219,0
1767-04,54.8,220,0
1767-05,49.7,221,0
1767-06,55.5,222,0
1767-07,36.5,223,0
1767-08,68,224,0
1767-09,71.2,225,0
1767-10,73.5,226,0
1767-11,91.2,227,0
1767-12,88.8,228,0
1768-01,89.2,229,0
1768-02,110.2,230,0
1768-03,77.2,231,0
1768-04,71.2,232,0
1768-05,129.5,233,0
1768-06,129,234,0
1768-07,87.7,235,0
1768-08,111.3,236,0
1768-09,124.7,237,0
1768-10,129.7,238,0
1768-11,151,239,0
1768-12,186.3,240,0
1769-01,123.2,241,0
1769-02,107,242,0
1769-03,107.2,243,0
1769-04,161.2,244,0
1769-05,122.7,245,0
1769-06,157.3,246,0
1769-07,197.7,247,0
1769-08,200.5,248,0
1769-09,248,249,0
1769-10,263.7,250,0
1769-11,246.8,251,0
1769-12,186.7,252,0
1770-01,173.3,253,0
1770-02,237.5,254,0
1770-03,133.5,255,0
1770-04,85,256,0
1770-05,116.8,257,0
1770-06,138.8,258,0
1770-07,183,259,0
1770-08,210.5,260,0
1770-09,174,261,0
1770-10,172.7,262,0
1770-11,220.3,263,0
1770-12,170.5,264,0
1771-01,60,265,0
1771-02,77,266,0
1771-03,77.8,267,0
1771-04,108.2,268,0
1771-05,254.5,269,0
1771-06,199.2,270,0
1771-07,112.8,271,0
1771-08,97.5,272,0
1771-09,169,273,0
1771-10,150,274,0
1771-11,166.2,275,0
1771-12,159.5,276,0
1772-01,168.2,277,0
1772-02,151.3,278,0
1772-03,51.8,279,0
1772-04,153.7,280,0
1772-05,63.3,281,0
1772-06,95,282,0
1772-07,128.8,283,0
1772-08,93.7,284,0
1772-09,84.2,285,0
1772-10,131,286,0
1772-11,102.2,287,0
1772-12,106.7,288,0
1773-01,91,289,0
1773-02,48.3,290,0
1773-03,85.3,291,0
1773-04,54.8,292,0
1773-05,68.5,293,0
1773-06,47.3,294,0
1773-07,46.2,295,0
1773-08,21.2,296,0
1773-09,48.8,297,0
1773-10,43.8,298,0
1773-11,68.2,299,0
1773-12,72,300,0
1774-01,78,301,0
1774-02,109,302,0
1774-03,92.8,303,0
1774-04,73,304,0
1774-05,85.5,305,0
1774-06,47.5,306,0
1774-07,29.2,307,0
1774-08,11,308,0
1774-09,13.2,309,0
1774-10,23.3,310,0
1774-11,29.5,311,0
1774-12,20.3,312,0
1775-01,7.3,313,0
1775-02,0,314,0
1775-03,19.3,315,0
1775-04,18.7,316,0
1775-05,6.5,317,0
1775-06,20.5,318,0
1775-07,1.7,319,0
1775-08,13.2,320,0
1775-09,5.3,321,0
1775-10,9.3,322,0
1775-11,25.2,323,0
1775-12,13.2,324,0
1776-01,36.2,325,0
1776-02,19.3,326,0
1776-03,10.5,327,0
1776-04,36.3,328,0
1776-05,18.7,329,0
1776-06,31.7,330,0
1776-07,1.7,331,0
1776-08,40.3,332,0
1776-09,26.7,333,0
1776-10,50,334,0
1776-11,58.3,335,0
1776-12,66.7,336,0
1777-01,75,337,0
1777-02,60.8,338,0
1777-03,65,339,0
1777-04,159.2,340,0
1777-05,133.8,341,0
1777-06,134.5,342,0
1777-07,158.3,343,0
1777-08,186.7,344,0
1777-09,193.7,345,0
1777-10,177.5,346,0
1777-11,243.3,347,0
1777-12,262.2,348,0
1778-01,295.5,349,0
1778-02,182.2,350,0
1778-03,223.3,351,0
1778-04,241.7,352,0
1778-05,398.2,353,0
1778-06,286,354,0
1778-07,255,355,0
1778-08,233.3,356,0
1778-09,286.2,357,0
1778-10,260.5,358,0
1778-11,250.5,359,0
1778-12,175,360,0
1779-01,191.2,361,0
1779-02,276.2,362,0
1779-03,196.7,363,0
1779-04,241.7,364,0
1779-05,233.3,365,0
1779-06,189.5,366,0
1779-07,238.3,367,0
1779-08,186.7,368,0
1779-09,185,369,0
1779-10,206.7,370,0
1779-11,190,371,0
1779-12,183.3,372,0
1780-01,116.7,373,0
1780-02,163.3,374,0
1780-03,163.3,375,0
1780-04,158.3,376,0
1780-05,178.7,377,0
1780-06,146.7,378,0
1780-07,143.3,379,0
1780-08,143.3,380,0
1780-09,156.2,381,0
1780-10,128.3,382,0
1780-11,100,383,0
1780-12,97.8,384,0
1781-01,164.5,385,0
1781-02,124.5,386,0
1781-03,88.3,387,0
1781-04,113.8,388,0
1781-05,174.5,389,0
1781-06,162.8,390,0
1781-07,122.5,391,0
1781-08,110,392,0
1781-09,85,393,0
1781-10,45.5,394,0
1781-11,111.7,395,0
1781-12,58.7,396,0
1782-01,90,397,0
1782-02,62.5,398,0
1782-03,61.7,399,0
1782-04,68.3,400,0
1782-05,90.5,401,0
1782-06,63.3,402,0
1782-07,61.7,403,0
1782-08,73.3,404,0
1782-09,56.7,405,0
1782-10,38.7,406,0
1782-11,52.5,407,0
1782-12,50,408,0
1783-01,46.7,409,0
1783-02,64.5,410,0
1783-03,44.5,411,0
1783-04,47.2,412,0
1783-05,38.3,413,0
1783-06,42,414,0
1783-07,53.7,415,0
1783-08,33.3,416,0
1783-09,30,417,0
1783-10,13.3,418,0
1783-11,25,419,0
1783-12,17.5,420,0
1784-01,21.7,421,0
1784-02,13.3,422,0
1784-03,18.3,423,0
1784-04,16.7,424,0
1784-05,10,425,0
1784-06,15,426,0
1784-07,10,427,0
1784-08,16.7,428,0
1784-09,16.7,429,0
1784-10,13.3,430,0
1784-11,28.3,431,0
1784-12,23.3,432,0
1785-01,10.8,433,0
1785-02,13.3,434,0
1785-03,15,435,0
1785-04,26.2,436,0
1785-05,34.5,437,0
1785-06,43.8,438,0
1785-07,60.5,439,0
1785-08,33.3,440,0
1785-09,53.3,441,0
1785-10,78.7,442,0
1785-11,67,443,0
1785-12,45.5,444,0
1786-01,62,445,0
1786-02,79.3,446,0
1786-03,79.5,447,0
1786-04,142.3,448,0
1786-05,153.8,449,0
1786-06,98.3,450,0
1786-07,138.3,451,0
1786-08,149.5,452,0
1786-09,185.8,453,0
1786-10,187.2,454,0
1786-11,193.3,455,0
1786-12,187.8,456,0
1787-01,224.5,457,0
1787-02,176.7,458,0
1787-03,145.7,459,0
1787-04,212,460,0
1787-05,224.7,461,0
1787-06,165.3,462,0
1787-07,213.3,463,0
1787-08,228.7,464,0
1787-09,262.2,465,0
1787-10,261.7,466,0
1787-11,235.8,467,0
1787-12,290,468,0
1788-01,230,469,0
1788-02,215.3,470,0
1788-03,238.8,471,0
1788-04,180.8,472,0
1788-05,188.3,473,0
1788-06,257,474,0
1788-07,235.8,475,0
1788-08,226.7,476,0
1788-09,235,477,0
1788-10,236.7,478,0
1788-11,157.8,479,0
1788-12,215.8,480,0
1789-01,190,481,0
1789-02,208.8,482,0
1789-03,200,483,0
1789-04,205.5,484,0
1789-05,205.8,485,0
1789-06,200,486,0
1789-07,195,487,0
1789-08,171.7,488,0
1789-09,186.7,489,0
1789-10,149.5,490,0
1789-11,223.3,491,0
1789-12,225.8,492,0
1790-01,171.7,493,0
1790-02,212.5,494,0
1790-03,160.5,495,0
1790-04,156.7,496,0
1790-05,155,497,0
1790-06,151.7,498,0
1790-07,115.5,499,0
1790-08,145,500,0
1790-09,128.8,501,0
1790-10,140.5,502,0
1790-11,136.7,503,0
1790-12,123.3,504,0
1791-01,121.2,505,0
1791-02,103.3,506,0
1791-03,123.3,507,0
1791-04,128.7,508,0
1791-05,122.8,509,0
1791-06,107,510,0
1791-07,118.3,511,0
1791-08,71.7,512,0
1791-09,110.8,513,0
1791-10,102.8,514,0
1791-11,111.7,515,0
1791-12,110,516,0
1792-01,96.7,517,0
1792-02,106.7,518,0
1792-03,105,519,0
1792-04,126.2,520,0
1792-05,103.3,521,0
1792-06,101.7,522,0
1792-07,76.3,523,0
1792-08,100,524,0
1792-09,98.3,525,0
1792-10,98.3,526,0
1792-11,95,527,0
1792-12,93.3,528,0
1793-01,93.3,529,0
1793-02,91.7,530,0
1793-03,92.5,531,0
1793-04,88.3,532,0
1793-05,87.2,533,0
1793-06,85,534,0
1793-07,83.3,535,0
1793-08,48.8,536,0
1793-09,40,537,0
1793-10,78.3,538,0
1793-11,73.3,539,0
1793-12,76.2,540,0
1794-01,75,541,0
1794-02,73.3,542,0
1794-03,63.3,543,0
1794-04,47.3,544,0
1794-05,92.8,545,0
1794-06,69.2,546,0
1794-07,68.3,547,0
1794-08,66.7,548,0
1794-09,18.5,549,0
1794-10,47.5,550,0
1794-11,112.3,551,0
1794-12,85.7,552,0
1795-01,35.7,553,0
1795-02,66.5,554,0
1795-03,21,555,0
1795-04,31,556,0
1795-05,51.7,557,0
1795-06,28.5,558,0
1795-07,21.5,559,0
1795-08,42.8,560,0
1795-09,22.5,561,0
1795-10,32.5,562,0
1795-11,41.7,563,0
1795-12,30,564,0
1796-01,36.7,565,0
1796-02,39.7,566,0
1796-03,26.2,567,0
1796-04,52.8,568,0
1796-05,35,569,0
1796-06,11.2,570,0
1796-07,44.8,571,0
1796-08,2.5,572,0
1796-09,30.7,573,0
1796-10,18.3,574,0
1796-11,14,575,0
1796-12,8.5,576,0
1797-01,24,577,0
1797-02,7,578,0
1797-03,6.7,579,0
1797-04,6.7,580,0
1797-05,12.2,581,0
1797-06,18.5,582,0
1797-07,7.2,583,0
1797-08,10,584,0
1797-09,9.5,585,0
1797-10,11.5,586,0
1797-11,9.7,587,0
1797-12,5,588,0
1798-01,3.3,589,0
1798-02,6.7,590,0
1798-03,20.7,591,0
1798-04,1.8,592,0
1798-05,0,593,0
1798-06,0,594,0
1798-07,0,595,0
1798-08,5,596,0
1798-09,4,597,0
1798-10,2.5,598,0
1798-11,20.8,599,0
1798-12,16.5,600,0
1799-01,2.7,601,0
1799-02,21,602,0
1799-03,36.2,603,0
1799-04,14,604,0
1799-05,13.7,605,0
1799-06,17.7,606,0
1799-07,3.5,607,0
1799-08,0,608,0
1799-09,0,609,0
1799-10,7.7,610,0
1799-11,4.5,611,0
1799-12,14.3,612,0
1800-01,11.5,613,0
1800-02,15.5,614,0
1800-03,23.2,615,0
1800-04,0,616,0
1800-05,8.3,617,0
1800-06,39.5,618,0
1800-07,35,619,0
1800-08,32.5,620,0
1800-09,19.2,621,0
1800-10,20.5,622,0
1800-11,17.5,623,0
1800-12,66.8,624,0
1801-01,45,625,0
1801-02,48.3,626,0
1801-03,50,627,0
1801-04,51.7,628,0
1801-05,53.3,629,0
1801-06,52,630,0
1801-07,58.3,631,0
1801-08,64.5,632,0
1801-09,55.8,633,0
1801-10,54.3,634,0
1801-11,66.3,635,0
1801-12,80.3,636,0
1802-01,79.7,637,0
1802-02,78.3,638,0
1802-03,68,639,0
1802-04,70,640,0
1802-05,73.3,641,0
1802-06,76.7,642,0
1802-07,80,643,0
1802-08,83.3,644,0
1802-09,86.3,645,0
1802-10,64.2,646,0
1802-11,57.5,647,0
1802-12,83.3,648,0
1803-01,83.3,649,0
1803-02,84.7,650,0
1803-03,49.2,651,0
1803-04,41.7,652,0
1803-05,73.8,653,0
1803-06,60,654,0
1803-07,80.5,655,0
1803-08,56.8,656,0
1803-09,75.5,657,0
1803-10,90.5,658,0
1803-11,85,659,0
1803-12,80,660,0
1804-01,75.5,661,0
1804-02,80.5,662,0
1804-03,80,663,0
1804-04,84.3,664,0
1804-05,55.7,665,0
1804-06,58,666,0
1804-07,49.7,667,0
1804-08,71.8,668,0
1804-09,88.3,669,0
1804-10,103.8,670,0
1804-11,101.7,671,0
1804-12,100,672,0
1805-01,101.7,673,0
1805-02,73.5,674,0
1805-03,85.7,675,0
1805-04,62.5,676,0
1805-05,65,677,0
1805-06,67.5,678,0
1805-07,62.7,679,0
1805-08,71.2,680,0
1805-09,74,681,0
1805-10,49,682,0
1805-11,68.3,683,0
1805-12,63.8,684,0
1806-01,65,685,0
1806-02,49.3,686,0
1806-03,54.5,687,0
1806-04,46.2,688,0
1806-05,44,689,0
1806-06,42.7,690,0
1806-07,50,691,0
1806-08,43.8,692,0
1806-09,40,693,0
1806-10,45,694,0
1806-11,41.7,695,0
1806-12,40,696,0
1807-01,20,697,0
1807-02,20.3,698,0
1807-03,16,699,0
1807-04,39.7,700,0
1807-05,16.7,701,0
1807-06,20,702,0
1807-07,21.2,703,0
1807-08,20,704,0
1807-09,9.5,705,0
1807-10,13.3,706,0
1807-11,4.3,707,0
1807-12,0,708,0
1808-01,0,709,0
1808-02,7.5,710,0
1808-03,0,711,0
1808-04,20.5,712,0
1808-05,22.5,713,0
1808-06,22.5,714,0
1808-07,11.2,715,0
1808-08,13.3,716,0
1808-09,19.5,717,0
1808-10,7.8,718,0
1808-11,17.5,719,0
1808-12,20.5,720,0
1809-01,12,721,0
1809-02,15.3,722,0
1809-03,1.5,723,0
1809-04,4.2,724,0
1809-05,3.3,725,0
1809-06,12.8,726,0
1809-07,0.5,727,0
1809-08,0.3,728,0
1809-09,0.7,729,0
1809-10,0,730,0
1809-11,0,731,0
1809-12,0,732,0
1810-01,0,733,0
1810-02,0,734,0
1810-03,0,735,0
1810-04,0,736,0
1810-05,0,737,0
1810-06,0,738,0
1810-07,0,739,0
1810-08,0,740,0
1810-09,0,741,0
1810-10,0,742,0
1810-11,0,743,0
1810-12,0,744,0
1811-01,0,745,0
1811-02,0,746,0
1811-03,0,747,0
1811-04,0,748,0
1811-05,0,749,0
1811-06,0,750,0
1811-07,11,751,0
1811-08,0,752,0
1811-09,4,753,0
1811-10,10.2,754,0
1811-11,1.3,755,0
1811-12,1.8,756,0
1812-01,18.8,757,0
1812-02,3.2,758,0
1812-03,1.2,759,0
1812-04,0,760,0
1812-05,1.7,761,0
1812-06,2.2,762,0
1812-07,0.8,763,0
1812-08,26,764,0
1812-09,8.7,765,0
1812-10,6.5,766,0
1812-11,13.2,767,0
1812-12,16.8,768,0
1813-01,0,769,0
1813-02,17.2,770,0
1813-03,3.2,771,0
1813-04,27.7,772,0
1813-05,9.2,773,0
1813-06,18.7,774,0
1813-07,30.5,775,0
1813-08,14,776,0
1813-09,25.5,777,0
1813-10,46.3,778,0
1813-11,27.8,779,0
1813-12,23.8,780,0
1814-01,37,781,0
1814-02,20,782,0
1814-03,9.5,783,0
1814-04,39.7,784,0
1814-05,9.7,785,0
1814-06,24.8,786,0
1814-07,30.8,787,0
1814-08,3.8,788,0
1814-09,13.5,789,0
1814-10,32.2,790,0
1814-11,24.2,791,0
1814-12,33.5,792,0
1815-01,32,793,0
1815-02,53.7,794,0
1815-03,43.7,795,0
1815-04,52.7,796,0
1815-05,16.3,797,0
1815-06,93.2,798,0
1815-07,59.2,799,0
1815-08,78.7,800,0
1815-09,52.5,801,0
1815-10,55.8,802,0
1815-11,62,803,0
1815-12,108.3,804,0
1816-01,43.8,805,0
1816-02,114.7,806,0
1816-03,122.8,807,0
1816-04,98,808,0
1816-05,73.8,809,0
1816-06,72.7,810,0
1816-07,64.7,811,0
1816-08,38.7,812,0
1816-09,79.7,813,0
1816-10,94,814,0
1816-11,63.5,815,0
1816-12,49.8,816,0
1817-01,60.7,817,0
1817-02,96.5,818,0
1817-03,160.3,819,0
1817-04,44,820,0
1817-05,35.3,821,0
1817-06,66.7,822,0
1817-07,83.3,823,0
1817-08,75,824,0
1817-09,61.2,825,0
1817-10,42.7,826,0
1817-11,48.2,827,0
1817-12,47.3,828,0
1818-01,58.1,829,0
1818-02,37.4,830,0
1818-03,42.4,831,0
1818-04,57.5,832,0
1818-05,88.5,833,0
1818-06,60.8,834,0
1818-07,46.8,835,0
1818-08,52.6,836,0
1818-09,43.4,837,0
1818-10,52.8,838,0
1818-11,18.3,839,0
1818-12,43,840,0
1819-01,54.7,841,0
1819-02,34.6,842,0
1819-03,6.3,843,0
1819-04,33.7,844,0
1819-05,32.6,845,0
1819-06,58.3,846,0
1819-07,52.5,847,0
1819-08,43.5,848,0
1819-09,24.8,849,0
1819-10,45.9,850,0
1819-11,41.8,851,0
1819-12,50.9,852,0
1820-01,32,853,0
1820-02,44.4,854,0
1820-03,7.5,855,0
1820-04,32.3,856,0
1820-05,48.9,857,0
1820-06,17.9,858,0
1820-07,34.1,859,0
1820-08,43.1,860,0
1820-09,8.6,861,0
1820-10,14.9,862,0
1820-11,13.2,863,0
1820-12,15.1,864,0
1821-01,36,865,0
1821-02,7,866,0
1821-03,9.5,867,0
1821-04,15.2,868,0
1821-05,2.8,869,0
1821-06,3,870,0
1821-07,4.3,871,0
1821-08,8,872,0
1821-09,7.3,873,0
1821-10,31.4,874,0
1821-11,7.3,875,0
1821-12,0.4,876,0
1822-01,0,877,0
1822-02,1.5,878,0
1822-03,26.9,879,0
1822-04,21.7,880,0
1822-05,2.4,881,0
1822-06,9.3,882,0
1822-07,13.2,883,0
1822-08,3.4,884,0
1822-09,0,885,0
1822-10,0.6,886,0
1822-11,0,887,0
1822-12,0,888,0
1823-01,0,889,0
1823-02,0,890,0
1823-03,1,891,0
1823-04,0,892,0
1823-05,0,893,0
1823-06,0,894,0
1823-07,0.8,895,0
1823-08,0,896,0
1823-09,0,897,0
1823-10,0,898,0
1823-11,0,899,0
1823-12,34,900,0
1824-01,36,901,0
1824-02,18,902,0
1824-03,0,903,0
1824-04,32.3,904,0
1824-05,4.6,905,0
1824-06,0,906,0
1824-07,0,907,0
1824-08,2.3,908,0
1824-09,34.3,909,0
1824-10,42,910,0
1824-11,0,911,0
1824-12,1.4,912,0
1825-01,8.4,913,0
1825-02,25.9,914,0
1825-03,37.4,915,0
1825-04,6.2,916,0
1825-05,25.8,917,0
1825-06,25.6,918,0
1825-07,51.5,919,0
1825-08,42.8,920,0
1825-09,26.2,921,0
1825-10,26,922,0
1825-11,19.6,923,0
1825-12,36.7,924,0
1826-01,29.4,925,0
1826-02,30.2,926,0
1826-03,61.3,927,0
1826-04,40,928,0
1826-05,53.9,929,0
1826-06,61.7,930,0
1826-07,87.5,931,0
1826-08,66,932,0
1826-09,31.6,933,0
1826-10,84.4,934,0
1826-11,65.8,935,0
1826-12,113.6,936,0
1827-01,57.7,937,0
1827-02,79,938,0
1827-03,96.3,939,0
1827-04,76.7,940,0
1827-05,93.8,941,0
1827-06,94.4,942,0
1827-07,70.4,943,0
1827-08,89.4,944,0
1827-09,82.6,945,0
1827-10,93.5,946,0
1827-11,80.4,947,0
1827-12,76.8,948,0
1828-01,88,949,0
1828-02,107.3,950,0
1828-03,108.5,951,0
1828-04,101.9,952,0
1828-05,148.6,953,0
1828-06,163.4,954,0
1828-07,90.4,955,0
1828-08,127.3,956,0
1828-09,83.9,957,0
1828-10,91.1,958,0
1828-11,95,959,0
1828-12,78.1,960,0
1829-01,71.6,961,0
1829-02,82.3,962,0
1829-03,120.6,963,0
1829-04,158.4,964,0
1829-05,112.3,965,0
1829-06,123.2,966,0
1829-07,151.5,967,0
1829-08,129.3,968,0
1829-09,88,969,0
1829-10,95.3,970,0
1829-11,112.7,971,0
1829-12,94.1,972,0
1830-01,87,973,0
1830-02,120.1,974,0
1830-03,141,975,0
1830-04,177.3,976,0
1830-05,110.5,977,0
1830-06,108.4,978,0
1830-07,73.2,979,0
1830-08,84.6,980,0
1830-09,103.4,981,0
1830-10,140.6,982,0
1830-11,135.4,983,0
1830-12,136.8,984,0
1831-01,79,985,0
1831-02,83.6,986,0
1831-03,155.8,987,0
1831-04,90.9,988,0
1831-05,63.4,989,0
1831-06,55.6,990,0
1831-07,75.4,991,0
1831-08,91.6,992,0
1831-09,63.2,993,0
1831-10,77.1,994,0
1831-11,72.5,995,0
1831-12,48.3,996,0
1832-01,51.5,997,0
1832-02,92.6,998,0
1832-03,91.9,999,0
1832-04,44.8,1000,0
1832-05,68.9,1001,0
1832-06,44.5,1002,0
1832-07,23.3,1003,0
1832-08,14.8,1004,0
1832-09,13.7,1005,0
1832-10,35.2,1006,0
1832-11,23.8,1007,0
1832-12,45.8,1008,0
1833-01,18.7,1009,0
1833-02,24.9,1010,0
1833-03,19.6,1011,0
1833-04,4.6,1012,0
1833-05,21.5,1013,0
1833-06,1.7,1014,0
1833-07,11.6,1015,0
1833-08,9.5,1016,0
1833-09,19.3,1017,0
1833-10,12.5,1018,0
1833-11,9.8,1019,0
1833-12,16.6,1020,0
1834-01,8.2,1021,0
1834-02,30.1,1022,0
1834-03,6.5,1023,0
1834-04,2.4,1024,0
1834-05,14.8,1025,0
1834-06,13.1,1026,0
1834-07,14.4,1027,0
1834-08,6.6,1028,0
1834-09,19.2,1029,0
1834-10,41.3,1030,0
1834-11,50.9,1031,0
1834-12,57.5,1032,0
1835-01,12.4,1033,0
1835-02,40.7,1034,0
1835-03,32.7,1035,0
1835-04,102.4,1036,0
1835-05,72.6,1037,0
1835-06,55.2,1038,0
1835-07,99.6,1039,0
1835-08,98.5,1040,0
1835-09,168,1041,0
1835-10,158.6,1042,0
1835-11,166.7,1043,0
1835-12,129.3,1044,0
1836-01,147.6,1045,0
1836-02,179.4,1046,0
1836-03,163.7,1047,0
1836-04,238,1048,0
1836-05,185.7,1049,0
1836-06,207.9,1050,0
1836-07,194.6,1051,0
1836-08,179.6,1052,0
1836-09,158.5,1053,0
1836-10,228.9,1054,0
1836-11,201.5,1055,0
1836-12,343.8,1056,0
1837-01,313.4,1057,0
1837-02,292.6,1058,0
1837-03,224.3,1059,0
1837-04,230.3,1060,0
1837-05,186.1,1061,0
1837-06,263.4,1062,0
1837-07,271.2,1063,0
1837-08,223.5,1064,0
1837-09,160.4,1065,0
1837-10,206.2,1066,0
1837-11,178.4,1067,0
1837-12,216.1,1068,0
1838-01,241.5,1069,0
1838-02,141.3,1070,0
1838-03,234.5,1071,0
1838-04,211.1,1072,0
1838-05,229.4,1073,0
1838-06,157.6,1074,0
1838-07,180.4,1075,0
1838-08,131.3,1076,0
1838-09,122.7,1077,0
1838-10,151.5,1078,0
1838-11,129.2,1079,0
1838-12,132.9,1080,0
1839-01,175.9,1081,0
1839-02,170.8,1082,0
1839-03,129.5,1083,0
1839-04,102.9,1084,0
1839-05,89.6,1085,0
1839-06,91.2,1086,0
1839-07,141.3,1087,0
1839-08,218.8,1088,0
1839-09,221.1,1089,0
1839-10,151.5,1090,0
1839-11,114.7,1091,0
1839-12,106.2,1092,0
1840-01,135.4,1093,0
1840-02,146.1,1094,0
1840-03,112.9,1095,0
1840-04,109.8,1096,0
1840-05,115.4,1097,0
1840-06,80.9,1098,0
1840-07,101,1099,0
1840-08,96.4,1100,0
1840-09,123.3,1101,0
1840-10,91.7,1102,0
1840-11,90.4,1103,0
1840-12,89.5,1104,0
1841-01,40.1,1105,0
1841-02,49.9,1106,0
1841-03,49.6,1107,0
1841-04,66.9,1108,0
1841-05,112.4,1109,0
1841-06,92.8,1110,0
1841-07,51.4,1111,0
1841-08,65.4,1112,0
1841-09,60.9,1113,0
1841-10,47.4,1114,0
1841-11,32.9,1115,0
1841-12,64.8,1116,0
1842-01,34,1117,0
1842-02,36.8,1118,0
1842-03,36.2,1119,0
1842-04,44.9,1120,0
1842-05,41.4,1121,0
1842-06,34.2,1122,0
1842-07,21,1123,0
1842-08,44.4,1124,0
1842-09,30.6,1125,0
1842-10,63.5,1126,0
1842-11,67.5,1127,0
1842-12,29.3,1128,0
1843-01,22.2,1129,0
1843-02,5.9,1130,0
1843-03,13.9,1131,0
1843-04,15.8,1132,0
1843-05,35.1,1133,0
1843-06,17.6,1134,0
1843-07,15.9,1135,0
1843-08,19.6,1136,0
1843-09,6.9,1137,0
1843-10,8.9,1138,0
1843-11,31.7,1139,0
1843-12,21.2,1140,0
1844-01,15.7,1141,0
1844-02,24.5,1142,0
1844-03,22.5,1143,0
1844-04,34.6,1144,0
1844-05,19.2,1145,0
1844-06,6.2,1146,0
1844-07,35.2,1147,0
1844-08,39.7,1148,0
1844-09,11.6,1149,0
1844-10,35.9,1150,0
1844-11,17.9,1151,0
1844-12,36,1152,0
1845-01,42.8,1153,0
1845-02,72.8,1154,0
1845-03,72.1,1155,0
1845-04,95,1156,0
1845-05,79.7,1157,0
1845-06,51.8,1158,0
1845-07,51,1159,0
1845-08,53.9,1160,0
1845-09,49.3,1161,0
1845-10,67.8,1162,0
1845-11,65.7,1163,0
1845-12,99.5,1164,0
1846-01,64.6,1165,0
1846-02,84.9,1166,0
1846-03,106.5,1167,0
1846-04,115.5,1168,0
1846-05,99.9,1169,0
1846-06,108.4,1170,0
1846-07,77.5,1171,0
1846-08,91.3,1172,0
1846-09,178.6,1173,0
1846-10,93.4,1174,0
1846-11,100.6,1175,0
1846-12,109.1,1176,0
1847-01,104.4,1177,0
1847-02,74.9,1178,0
1847-03,143,1179,0
1847-04,74.6,1180,0
1847-05,125.7,1181,0
1847-06,142.2,1182,0
1847-07,87.1,1183,0
1847-08,234.3,1184,0
1847-09,268.2,1185,0
1847-10,300.6,1186,0
1847-11,231.5,1187,0
1847-12,182.6,1188,0
1848-01,265.2,1189,0
1848-02,186.4,1190,0
1848-03,181.2,1191,0
1848-04,178.6,1192,0
1848-05,170.5,1193,0
1848-06,214.9,1194,0
1848-07,232,1195,0
1848-08,220.9,1196,0
1848-09,167.3,1197,0
1848-10,220.6,1198,0
1848-11,191,1199,0
1848-12,265.8,1200,0
1849-01,298.3,1201,0
1849-02,250.3,1202,0
1849-03,182.7,1203,0
1849-04,194.7,1204,0
1849-05,153.2,1205,0
1849-06,154.2,1206,0
1849-07,148.2,1207,0
1849-08,128.6,1208,0
1849-09,178,1209,0
1849-10,135.7,1210,0
1849-11,188.2,1211,0
1849-12,184.3,1212,0
1850-01,148.2,1213,0
1850-02,169.8,1214,0
1850-03,156.8,1215,0
1850-04,83.8,1216,0
1850-05,117,1217,0
1850-06,133,1218,0
1850-07,74.3,1219,0
1850-08,117,1220,0
1850-09,163.7,1221,0
1850-10,134.9,1222,0
1850-11,104.1,1223,0
1850-12,115.9,1224,0
1851-01,143.5,1225,0
1851-02,200.1,1226,0
1851-03,122.8,1227,0
1851-04,107.3,1228,0
1851-05,118.9,1229,0
1851-06,120,1230,0
1851-07,68.6,1231,0
1851-08,109,1232,0
1851-09,128.9,1233,0
1851-10,118.7,1234,0
1851-11,96.8,1235,0
1851-12,135.5,1236,0
1852-01,129.9,1237,0
1852-02,126.2,1238,0
1852-03,116.2,1239,0
1852-04,124.3,1240,0
1852-05,104.3,1241,0
1852-06,89,1242,0
1852-07,80,1243,0
1852-08,75.3,1244,0
1852-09,71.2,1245,0
1852-10,127.9,1246,0
1852-11,103.1,1247,0
1852-12,86.1,1248,0
1853-01,77.9,1249,0
1853-02,81.5,1250,0
1853-03,71.6,1251,0
1853-04,90.4,1252,0
1853-05,65.9,1253,0
1853-06,76,1254,0
1853-07,87.2,1255,0
1853-08,95.8,1256,0
1853-09,63.7,1257,0
1853-10,80.5,1258,0
1853-11,54.7,1259,0
1853-12,44.5,1260,0
1854-01,29.3,1261,0
1854-02,38,1262,0
1854-03,39.4,1263,0
1854-04,50.3,1264,0
1854-05,45.6,1265,0
1854-06,40.1,1266,0
1854-07,35.5,1267,0
1854-08,30.1,1268,0
1854-09,42.6,1269,0
1854-10,24.1,1270,0
1854-11,53.5,1271,0
1854-12,41.1,1272,0
1855-01,23.4,1273,0
1855-02,21.6,1274,0
1855-03,33,1275,0
1855-04,8.4,1276,0
1855-05,17.3,1277,0
1855-06,10,1278,0
1855-07,0.7,1279,0
1855-08,5.9,1280,0
1855-09,0,1281,0
1855-10,18.3,1282,0
1855-11,7.9,1283,0
1855-12,5.8,1284,0
1856-01,1,1285,0
1856-02,9.3,1286,0
1856-03,0.7,1287,0
1856-04,12.4,1288,0
1856-05,0,1289,0
1856-06,9.8,1290,0
1856-07,8.8,1291,0
1856-08,11.3,1292,0
1856-09,8.4,1293,0
1856-10,8.5,1294,0
1856-11,14.7,1295,0
1856-12,13.7,1296,0
1857-01,26,1297,0
1857-02,14.2,1298,0
1857-03,10,1299,0
1857-04,21.1,1300,0
1857-05,54.2,1301,0
1857-06,30.5,1302,0
1857-07,42.2,1303,0
1857-08,32,1304,0
1857-09,80.6,1305,0
1857-10,77.1,1306,0
1857-11,59.6,1307,0
1857-12,70.7,1308,0
1858-01,74.2,1309,0
1858-02,66.3,1310,0
1858-03,109.2,1311,0
1858-04,72.8,1312,0
1858-05,78.6,1313,0
1858-06,84.5,1314,0
1858-07,107.7,1315,0
1858-08,104.9,1316,0
1858-09,152.2,1317,0
1858-10,173.2,1318,0
1858-11,98.6,1319,0
1858-12,127,1320,0
1859-01,159,1321,0
1859-02,166.4,1322,0
1859-03,171.5,1323,0
1859-04,162.9,1324,0
1859-05,172.8,1325,0
1859-06,165.2,1326,0
1859-07,180.7,1327,0
1859-08,203,1328,0
1859-09,200.9,1329,0
1859-10,217.8,1330,0
1859-11,184.6,1331,0
1859-12,153.9,1332,0
1860-01,156.6,1333,0
1860-02,167.9,1334,0
1860-03,188,1335,0
1860-04,135.7,1336,0
1860-05,203.5,1337,0
1860-06,206.3,1338,0
1860-07,221.9,1339,0
1860-08,190.5,1340,0
1860-09,175.2,1341,0
1860-10,171.1,1342,0
1860-11,186,1343,0
1860-12,181.7,1344,0
1861-01,118.5,1345,0
1861-02,147.5,1346,0
1861-03,192,1347,0
1861-04,187.1,1348,0
1861-05,107.8,1349,0
1861-06,167.5,1350,0
1861-07,148.2,1351,0
1861-08,156.7,1352,0
1861-09,151.9,1353,0
1861-10,127.7,1354,0
1861-11,102,1355,0
1861-12,152.8,1356,0
1862-01,119.9,1357,0
1862-02,122.4,1358,0
1862-03,82.7,1359,0
1862-04,102.1,1360,0
1862-05,122.4,1361,0
1862-06,159.7,1362,0
1862-07,139.5,1363,0
1862-08,118.7,1364,0
1862-09,126.4,1365,0
1862-10,79.8,1366,0
1862-11,96,1367,0
1862-12,77.6,1368,0
1863-01,91.8,1369,0
1863-02,107.7,1370,0
1863-03,126,1371,0
1863-04,77.1,1372,0
1863-05,102.1,1373,0
1863-06,77.6,1374,0
1863-07,62,1375,0
1863-08,91.3,1376,0
1863-09,41.7,1377,0
1863-10,75.7,1378,0
1863-11,71.6,1379,0
1863-12,78.1,1380,0
1864-01,109.7,1381,0
1864-02,89.5,1382,0
1864-03,125.9,1383,0
1864-04,68.1,1384,0
1864-05,77.1,1385,0
1864-06,109.9,1386,0
1864-07,103.8,1387,0
1864-08,104.1,1388,0
1864-09,54.2,1389,0
1864-10,64.4,1390,0
1864-11,109.3,1391,0
1864-12,54.3,1392,0
1865-01,92.5,1393,0
1865-02,74.6,1394,0
1865-03,75,1395,0
1865-04,55.9,1396,0
1865-05,65.6,1397,0
1865-06,63.8,1398,0
1865-07,50.8,1399,0
1865-08,71.8,1400,0
1865-09,41,1401,0
1865-10,32.5,1402,0
1865-11,46.7,1403,0
1865-12,24.3,1404,0
1866-01,60,1405,0
1866-02,72.9,1406,0
1866-03,46.6,1407,0
1866-04,33.5,1408,0
1866-05,24.6,1409,0
1866-06,31.4,1410,0
1866-07,17.6,1411,0
1866-08,24.2,1412,0
1866-09,13.9,1413,0
1866-10,26.8,1414,0
1866-11,17.2,1415,0
1866-12,2.9,1416,0
1867-01,0,1417,0
1867-02,1.4,1418,0
1867-03,17.4,1419,0
1867-04,9.7,1420,0
1867-05,5.5,1421,0
1867-06,2.8,1422,0
1867-07,9.5,1423,0
1867-08,9.1,1424,0
1867-09,18.7,1425,0
1867-10,25.5,1426,0
1867-11,18.1,1427,0
1867-12,47.9,1428,0
1868-01,25.9,1429,0
1868-02,26.3,1430,0
1868-03,44,1431,0
1868-04,61.1,1432,0
1868-05,44.5,1433,0
1868-06,51.8,1434,0
1868-07,48.3,1435,0
1868-08,57.3,1436,0
1868-09,78.7,1437,0
1868-10,102.8,1438,0
1868-11,98.7,1439,0
1868-12,112.8,1440,0
1869-01,101.6,1441,0
1869-02,99.9,1442,0
1869-03,88,1443,0
1869-04,68.4,1444,0
1869-05,173.4,1445,0
1869-06,180.7,1446,0
1869-07,98.8,1447,0
1869-08,132.7,1448,0
1869-09,134.5,1449,0
1869-10,99,1450,0
1869-11,130.2,1451,0
1869-12,174.1,1452,0
1870-01,129,1453,0
1870-02,191.7,1454,0
1870-03,262.7,1455,0
1870-04,266.9,1456,0
1870-05,293.6,1457,0
1870-06,226.3,1458,0
1870-07,220.9,1459,0
1870-08,256.5,1460,0
1870-09,226.8,1461,0
1870-10,244.3,1462,0
1870-11,246,1463,0
1870-12,216.7,1464,0
1871-01,147.2,1465,0
1871-02,209,1466,0
1871-03,238.7,1467,0
1871-04,270.9,1468,0
1871-05,242.6,1469,0
1871-06,152.9,1470,0
1871-07,171.8,1471,0
1871-08,183.7,1472,0
1871-09,133.9,1473,0
1871-10,148.5,1474,0
1871-11,175.7,1475,0
1871-12,150.8,1476,0
1872-01,132.7,1477,0
1872-02,200.3,1478,0
1872-03,147.5,1479,0
1872-04,170.4,1480,0
1872-05,179.5,1481,0
1872-06,183.3,1482,0
1872-07,176,1483,0
1872-08,155,1484,0
1872-09,191.1,1485,0
1872-10,171.2,1486,0
1872-11,186.8,1487,0
1872-12,139.9,1488,0
1873-01,144.6,1489,0
1873-02,178.4,1490,0
1873-03,164,1491,0
1873-04,127.1,1492,0
1873-05,80,1493,0
1873-06,74.8,1494,0
1873-07,111.7,1495,0
1873-08,113.8,1496,0
1873-09,78.7,1497,0
1873-10,78.6,1498,0
1873-11,92.5,1499,0
1873-12,82,1500,0
1874-01,101.4,1501,0
1874-02,107.1,1502,0
1874-03,77.5,1503,0
1874-04,53.5,1504,0
1874-05,74.6,1505,0
1874-06,63.8,1506,0
1874-07,113.2,1507,0
1874-08,102.3,1508,0
1874-09,46.8,1509,0
1874-10,57.4,1510,0
1874-11,48.2,1511,0
1874-12,48.8,1512,0
1875-01,24.4,1513,0
1875-02,35.9,1514,0
1875-03,56.4,1515,0
1875-04,48.6,1516,0
1875-05,19.2,1517,0
1875-06,39.9,1518,0
1875-07,20.9,1519,0
1875-08,24.4,1520,0
1875-09,4,1521,0
1875-10,21.3,1522,0
1875-11,29.6,1523,0
1875-12,16.5,1524,0
1876-01,23.9,1525,0
1876-02,25.1,1526,0
1876-03,51.1,1527,0
1876-04,3.9,1528,0
1876-05,8.5,1529,0
1876-06,2.7,1530,0
1876-07,25.5,1531,0
1876-08,14.8,1532,0
1876-09,16.6,1533,0
1876-10,23.9,1534,0
1876-11,16.6,1535,0
1876-12,13.6,1536,0
1877-01,40.6,1537,0
1877-02,14.5,1538,0
1877-03,19.9,1539,0
1877-04,26.3,1540,0
1877-05,36.1,1541,0
1877-06,23.6,1542,0
1877-07,10,1543,0
1877-08,10.5,1544,0
1877-09,28.1,1545,0
1877-10,11.2,1546,0
1877-11,23.6,1547,0
1877-12,3.5,1548,0
1878-01,5.5,1549,0
1878-02,11,1550,0
1878-03,13.1,1551,0
1878-04,0.2,1552,0
1878-05,9.9,1553,0
1878-06,10.7,1554,0
1878-07,0.2,1555,0
1878-08,0,1556,0
1878-09,8.8,1557,0
1878-10,1.9,1558,0
1878-11,6.8,1559,0
1878-12,0.9,1560,0
1879-01,1.6,1561,0
1879-02,0.9,1562,0
1879-03,0,1563,0
1879-04,10.4,1564,0
1879-05,4,1565,0
1879-06,8,1566,0
1879-07,12.6,1567,0
1879-08,17.9,1568,0
1879-09,10.1,1569,0
1879-10,20.4,1570,0
1879-11,21.9,1571,0
1879-12,12.2,1572,0
1880-01,40.1,1573,0
1880-02,45.4,1574,0
1880-03,32.1,1575,0
1880-04,32.4,1576,0
1880-05,39.1,1577,0
1880-06,56.9,1578,0
1880-07,36.5,1579,0
1880-08,80.3,1580,0
1880-09,110.1,1581,0
1880-10,71.7,1582,0
1880-11,51.1,1583,0
1880-12,49.4,1584,0
1881-01,60.6,1585,0
1881-02,88.6,1586,0
1881-03,85.8,1587,0
1881-04,86.1,1588,0
1881-05,72.5,1589,0
1881-06,100.8,1590,0
1881-07,128.2,1591,0
1881-08,97.3,1592,0
1881-09,88.6,1593,0
1881-10,107.3,1594,0
1881-11,91.5,1595,0
1881-12,78.8,1596,0
1882-01,75,1597,0
1882-02,115.9,1598,0
1882-03,111.5,1599,0
1882-04,159.6,1600,0
1882-05,106.9,1601,0
1882-06,75.4,1602,0
1882-07,75.7,1603,0
1882-08,67.5,1604,0
1882-09,96.1,1605,0
1882-10,98.6,1606,0
1882-11,140.6,1607,0
1882-12,69.7,1608,0
1883-01,101,1609,0
1883-02,78.2,1610,0
1883-03,71.3,1611,0
1883-04,136.8,1612,0
1883-05,52.5,1613,0
1883-06,127.2,1614,0
1883-07,134.4,1615,0
1883-08,76.6,1616,0
1883-09,87.8,1617,0
1883-10,139.6,1618,0
1883-11,140.8,1619,0
1883-12,126.5,1620,0
1884-01,152.6,1621,0
1884-02,144.8,1622,0
1884-03,145.8,1623,0
1884-04,126.9,1624,0
1884-05,110.9,1625,0
1884-06,85.3,1626,0
1884-07,88.5,1627,0
1884-08,93.1,1628,0
1884-09,103.1,1629,0
1884-10,79.6,1630,0
1884-11,60.9,1631,0
1884-12,78.6,1632,0
1885-01,71.4,1633,0
1885-02,119.7,1634,0
1885-03,82.9,1635,0
1885-04,91.7,1636,0
1885-05,121.6,1637,0
1885-06,139.5,1638,0
1885-07,110.9,1639,0
1885-08,83.5,1640,0
1885-09,66,1641,0
1885-10,64.5,1642,0
1885-11,51.6,1643,0
1885-12,36.3,1644,0
1886-01,49.8,1645,0
1886-02,43.2,1646,0
1886-03,95.5,1647,0
1886-04,72.9,1648,0
1886-05,51.2,1649,0
1886-06,45.3,1650,0
1886-07,50.4,1651,0
1886-08,28.1,1652,0
1886-09,35.7,1653,0
1886-10,14.4,1654,0
1886-11,0.6,1655,0
1886-12,21.7,1656,0
1887-01,17,1657,0
1887-02,22,1658,0
1887-03,7.1,1659,0
1887-04,11.6,1660,0
1887-05,33.4,1661,0
1887-06,26.1,1662,0
1887-07,38.9,1663,0
1887-08,35.7,1664,0
1887-09,12.4,1665,0
1887-10,11,1666,0
1887-11,11.5,1667,0
1887-12,34.5,1668,0
1888-01,21.2,1669,0
1888-02,11.8,1670,0
1888-03,13.1,1671,0
1888-04,8.5,1672,0
1888-05,11.7,1673,0
1888-06,11.8,1674,0
1888-07,5,1675,0
1888-08,4.6,1676,0
1888-09,14.6,1677,0
1888-10,3.4,1678,0
1888-11,17.9,1679,0
1888-12,11.1,1680,0
1889-01,1.3,1681,0
1889-02,14.2,1682,0
1889-03,11.1,1683,0
1889-04,7.3,1684,0
1889-05,4,1685,0
1889-06,10.8,1686,0
1889-07,15.8,1687,0
1889-08,34.3,1688,0
1889-09,10.9,1689,0
1889-10,3.4,1690,0
1889-11,0.3,1691,0
1889-12,11.2,1692,0
1890-01,8.8,1693,0
1890-02,1.1,1694,0
1890-03,8.5,1695,0
1890-04,2.7,1696,0
1890-05,7.9,1697,0
1890-06,2.2,1698,0
1890-07,19.3,1699,0
1890-08,14.2,1700,0
1890-09,28.6,1701,0
1890-10,18.6,1702,0
1890-11,15.9,1703,0
1890-12,13.1,1704,0
1891-01,22.5,1705,0
1891-02,36.9,1706,0
1891-03,17.2,1707,0
1891-04,34.2,1708,0
1891-05,68.5,1709,0
1891-06,80.4,1710,0
1891-07,98,1711,0
1891-08,55.1,1712,0
1891-09,89.7,1713,0
1891-10,86,1714,0
1891-11,69.8,1715,0
1891-12,54.3,1716,0
1892-01,115.2,1717,0
1892-02,126.1,1718,0
1892-03,83.3,1719,0
1892-04,116,1720,0
1892-05,132.7,1721,0
1892-06,127.3,1722,0
1892-07,127.6,1723,0
1892-08,169,1724,0
1892-09,104.7,1725,0
1892-10,117.5,1726,0
1892-11,108.9,1727,0
1892-12,131,1728,0
1893-01,125,1729,0
1893-02,121.6,1730,0
1893-03,109.5,1731,0
1893-04,146.8,1732,0
1893-05,141.3,1733,0
1893-06,149.8,1734,0
1893-07,147.6,1735,0
1893-08,215.4,1736,0
1893-09,129.9,1737,0
1893-10,133.3,1738,0
1893-11,125.2,1739,0
1893-12,156.4,1740,0
1894-01,138.6,1741,0
1894-02,141,1742,0
1894-03,87.1,1743,0
1894-04,136,1744,0
1894-05,168.7,1745,0
1894-06,164.8,1746,0
1894-07,176.7,1747,0
1894-08,117.1,1748,0
1894-09,110,1749,0
1894-10,125.7,1750,0
1894-11,94.3,1751,0
1894-12,100.1,1752,0
1895-01,105.4,1753,0
1895-02,112,1754,0
1895-03,101.6,1755,0
1895-04,128.2,1756,0
1895-05,112.5,1757,0
1895-06,119.1,1758,0
1895-07,79.7,1759,0
1895-08,114.9,1760,0
1895-09,96.1,1761,0
1895-10,113.2,1762,0
1895-11,78.6,1763,0
1895-12,117.9,1764,0
1896-01,48.4,1765,0
1896-02,95.7,1766,0
1896-03,86.5,1767,0
1896-04,73,1768,0
1896-05,46.1,1769,0
1896-06,81.7,1770,0
1896-07,75.2,1771,0
1896-08,45.4,1772,0
1896-09,102.2,1773,0
1896-10,47.9,1774,0
1896-11,63.3,1775,0
1896-12,71,1776,0
1897-01,67.6,1777,0
1897-02,49,1778,0
1897-03,48.7,1779,0
1897-04,51.7,1780,0
1897-05,33.3,1781,0
1897-06,18.9,1782,0
1897-07,46.1,1783,0
1897-08,36.4,1784,0
1897-09,80.4,1785,0
1897-10,23.9,1786,0
1897-11,14,1787,0
1897-12,55.5,1788,0
1898-01,50.4,1789,0
1898-02,60.7,1790,0
1898-03,63.9,1791,0
1898-04,24.2,1792,0
1898-05,43,1793,0
1898-06,37.1,1794,0
1898-07,15,1795,0
1898-08,52.3,1796,0
1898-09,58.1,1797,0
1898-10,57.1,1798,0
1898-11,51.6,1799,0
1898-12,21.1,1800,0
1899-01,32.4,1801,0
1899-02,15.3,1802,0
1899-03,30.3,1803,0
1899-04,23.6,1804,0
1899-05,12.9,1805,0
1899-06,34.1,1806,0
1899-07,22.5,1807,0
1899-08,4.9,1808,0
1899-09,14,1809,0
1899-10,21.7,1810,0
1899-11,13,1811,0
1899-12,17.6,1812,0
1900-01,15.7,1813,0
1900-02,22.8,1814,0
1900-03,14.4,1815,0
1900-04,26.8,1816,0
1900-05,25.3,1817,0
1900-06,20.1,1818,0
1900-07,13.9,1819,0
1900-08,7.1,1820,0
1900-09,13.9,1821,0
1900-10,21.6,1822,0
1900-11,7.5,1823,0
1900-12,0.5,1824,0
1901-01,0.4,1825,0
1901-02,4,1826,0
1901-03,7.4,1827,0
1901-04,0,1828,0
1901-05,17,1829,0
1901-06,9.7,1830,0
1901-07,1.2,1831,0
1901-08,1.7,1832,0
1901-09,0.9,1833,0
1901-10,6.3,1834,0
1901-11,6.4,1835,0
1901-12,0,1836,0
1902-01,9.3,1837,0
1902-02,0,1838,0
1902-03,20.7,1839,0
1902-04,0,1840,0
1902-05,4.7,1841,0
1902-06,2.4,1842,0
1902-07,1.5,1843,0
1902-08,3.8,1844,0
1902-09,12.6,1845,0
1902-10,27.2,1846,0
1902-11,17.2,1847,0
1902-12,1.8,1848,0
1903-01,13.9,1849,0
1903-02,28.4,1850,0
1903-03,22.5,1851,0
1903-04,43.5,1852,0
1903-05,24.3,1853,0
1903-06,27.2,1854,0
1903-07,46.4,1855,0
1903-08,48,1856,0
1903-09,18.5,1857,0
1903-10,64.8,1858,0
1903-11,74.2,1859,0
1903-12,76.2,1860,0
1904-01,52.6,1861,0
1904-02,40.8,1862,0
1904-03,61.9,1863,0
1904-04,71.6,1864,0
1904-05,65.7,1865,0
1904-06,69.8,1866,0
1904-07,84.3,1867,0
1904-08,97.1,1868,0
1904-09,50.2,1869,0
1904-10,90.4,1870,0
1904-11,63.4,1871,0
1904-12,91.1,1872,0
1905-01,91.2,1873,0
1905-02,143,1874,0
1905-03,94.3,1875,0
1905-04,65.5,1876,0
1905-05,79.9,1877,0
1905-06,81.6,1878,0
1905-07,121.6,1879,0
1905-08,98.1,1880,0
1905-09,91.8,1881,0
1905-10,131.2,1882,0
1905-11,178.7,1883,0
1905-12,92.5,1884,0
1906-01,75.8,1885,0
1906-02,52.3,1886,0
1906-03,107.4,1887,0
1906-04,92.2,1888,0
1906-05,96.2,1889,0
1906-06,105.3,1890,0
1906-07,172.7,1891,0
1906-08,79.6,1892,0
1906-09,93.5,1893,0
1906-10,29.7,1894,0
1906-11,64.8,1895,0
1906-12,108,1896,0
1907-01,127.4,1897,0
1907-02,180.3,1898,0
1907-03,101.1,1899,0
1907-04,87.6,1900,0
1907-05,71.4,1901,0
1907-06,67.2,1902,0
1907-07,82.9,1903,0
1907-08,90.5,1904,0
1907-09,141.7,1905,0
1907-10,109.1,1906,0
1907-11,102.5,1907,0
1907-12,78.9,1908,0
1908-01,65.4,1909,0
1908-02,56.6,1910,0
1908-03,47.9,1911,0
1908-04,96.1,1912,0
1908-05,68,1913,0
1908-06,80.2,1914,0
1908-07,65.8,1915,0
1908-08,150.9,1916,0
1908-09,144.9,1917,0
1908-10,53.9,1918,0
1908-11,75.9,1919,0
1908-12,65.9,1920,0
1909-01,94.6,1921,0
1909-02,77.6,1922,0
1909-03,110.5,1923,0
1909-04,53.7,1924,0
1909-05,60,1925,0
1909-06,37.8,1926,0
1909-07,59.6,1927,0
1909-08,38.5,1928,0
1909-09,64.7,1929,0
1909-10,97.4,1930,0
1909-11,93,1931,0
1909-12,90.2,1932,0
1910-01,44,1933,0
1910-02,52.5,1934,0
1910-03,35.7,1935,0
1910-04,14.1,1936,0
1910-05,36.9,1937,0
1910-06,20.5,1938,0
1910-07,23.5,1939,0
1910-08,19.3,1940,0
1910-09,43.7,1941,0
1910-10,63.9,1942,0
1910-11,8.3,1943,0
1910-12,9.6,1944,0
1911-01,5.6,1945,0
1911-02,15,1946,0
1911-03,13,1947,0
1911-04,27.6,1948,0
1911-05,15.1,1949,0
1911-06,3.7,1950,0
1911-07,5.9,1951,0
1911-08,6.7,1952,0
1911-09,6.7,1953,0
1911-10,4.5,1954,0
1911-11,7,1955,0
1911-12,3.7,1956,0
1912-01,0.4,1957,0
1912-02,0,1958,0
1912-03,8.2,1959,0
1912-04,7.6,1960,0
1912-05,7.4,1961,0
1912-06,6.9,1962,0
1912-07,4.9,1963,0
1912-08,0.5,1964,0
1912-09,15.9,1965,0
1912-10,7.6,1966,0
1912-11,1.9,1967,0
1912-12,10.6,1968,0
1913-01,3.8,1969,0
1913-02,4.8,1970,0
1913-03,0.8,1971,0
1913-04,1.6,1972,0
1913-05,0,1973,0
1913-06,0,1974,0
1913-07,2.9,1975,0
1913-08,0.4,1976,0
1913-09,2,1977,0
1913-10,5.2,1978,0
1913-11,1.2,1979,0
1913-12,6.3,1980,0
1914-01,4.7,1981,0
1914-02,4.4,1982,0
1914-03,5.3,1983,0
1914-04,28.9,1984,0
1914-05,8.7,1985,0
1914-06,19.1,1986,0
1914-07,9.1,1987,0
1914-08,12.9,1988,0
1914-09,21.2,1989,0
1914-10,13.7,1990,0
1914-11,27.3,1991,0
1914-12,37.3,1992,0
1915-01,38.5,1993,0
1915-02,70.4,1994,0
1915-03,64.8,1995,0
1915-04,68.9,1996,0
1915-05,55.1,1997,0
1915-06,114.7,1998,0
1915-07,119.4,1999,0
1915-08,116,2000,0
1915-09,82.4,2001,0
1915-10,89.1,2002,0
1915-11,70.9,2003,0
1915-12,57.5,2004,0
1916-01,75.5,2005,0
1916-02,92.4,2006,0
1916-03,111.7,2007,0
1916-04,119.8,2008,0
1916-05,124,2009,0
1916-06,112.9,2010,0
1916-07,89.3,2011,0
1916-08,58.6,2012,0
1916-09,75.1,2013,0
1916-10,84.5,2014,0
1916-11,109.5,2015,0
1916-12,88.3,2016,0
1917-01,124.5,2017,0
1917-02,119.9,2018,0
1917-03,158,2019,0
1917-04,124.6,2020,0
1917-05,190.2,2021,0
1917-06,191.4,2022,0
1917-07,199.7,2023,0
1917-08,257.7,2024,0
1917-09,215.6,2025,0
1917-10,120.3,2026,0
1917-11,160.7,2027,0
1917-12,215.5,2028,0
1918-01,160,2029,0
1918-02,108.7,2030,0
1918-03,120.4,2031,0
1918-04,134.1,2032,0
1918-05,127.9,2033,0
1918-06,99,2034,0
1918-07,179.5,2035,0
1918-08,169.6,2036,0
1918-09,133.2,2037,0
1918-10,141.7,2038,0
1918-11,139,2039,0
1918-12,98.5,2040,0
1919-01,80.2,2041,0
1919-02,132.5,2042,0
1919-03,110.9,2043,0
1919-04,86.3,2044,0
1919-05,146.9,2045,0
1919-06,185.3,2046,0
1919-07,107.8,2047,0
1919-08,115.1,2048,0
1919-09,91.1,2049,0
1919-10,88,2050,0
1919-11,69.9,2051,0
1919-12,58,2052,0
1920-01,85.3,2053,0
1920-02,89.8,2054,0
1920-03,116.9,2055,0
1920-04,24.7,2056,0
1920-05,55.4,2057,0
1920-06,64.6,2058,0
1920-07,45.7,2059,0
1920-08,31.9,2060,0
1920-09,60.5,2061,0
1920-10,82.7,2062,0
1920-11,45.3,2063,0
1920-12,49.8,2064,0
1921-01,52.5,2065,0
1921-02,47.1,2066,0
1921-03,44.5,2067,0
1921-04,54,2068,0
1921-05,37,2069,0
1921-06,56.2,2070,0
1921-07,69.7,2071,0
1921-08,38,2072,0
1921-09,29.6,2073,0
1921-10,30.3,2074,0
1921-11,29.6,2075,0
1921-12,33.9,2076,0
1922-01,19.7,2077,0
1922-02,43.9,2078,0
1922-03,91.3,2079,0
1922-04,18.3,2080,0
1922-05,13.4,2081,0
1922-06,9.8,2082,0
1922-07,18.3,2083,0
1922-08,10.9,2084,0
1922-09,7.8,2085,0
1922-10,10.4,2086,0
1922-11,12.2,2087,0
1922-12,29,2088,0
1923-01,7.5,2089,0
1923-02,2.5,2090,0
1923-03,5.5,2091,0
1923-04,10.2,2092,0
1923-05,5.3,2093,0
1923-06,15.3,2094,0
1923-07,5.9,2095,0
1923-08,0.8,2096,0
1923-09,22.1,2097,0
1923-10,19.5,2098,0
1923-11,16.7,2099,0
1923-12,4.6,2100,0
1924-01,0.8,2101,0
1924-02,8.5,2102,0
1924-03,3,2103,0
1924-04,18.9,2104,0
1924-05,34.6,2105,0
1924-06,40,2106,0
1924-07,46.9,2107,0
1924-08,32.1,2108,0
1924-09,41.9,2109,0
1924-10,42.6,2110,0
1924-11,37.5,2111,0
1924-12,27.5,2112,0
1925-01,9.1,2113,0
1925-02,38.6,2114,0
1925-03,30,2115,0
1925-04,53,2116,0
1925-05,71.4,2117,0
1925-06,79.1,2118,0
1925-07,64.2,2119,0
1925-08,63.3,2120,0
1925-09,100.3,2121,0
1925-10,115.3,2122,0
1925-11,97.6,2123,0
1925-12,164.4,2124,0
1926-01,119.7,2125,0
1926-02,116.4,2126,0
1926-03,104.2,2127,0
1926-04,64.2,2128,0
1926-05,107,2129,0
1926-06,122.4,2130,0
1926-07,87.2,2131,0
1926-08,102.7,2132,0
1926-09,101.4,2133,0
1926-10,119.3,2134,0
1926-11,100.8,2135,0
1926-12,132.4,2136,0
1927-01,136,2137,0
1927-02,155.1,2138,0
1927-03,116.1,2139,0
1927-04,155.8,2140,0
1927-05,131.9,2141,0
1927-06,98.5,2142,0
1927-07,91.6,2143,0
1927-08,89.6,2144,0
1927-09,114.1,2145,0
1927-10,105.2,2146,0
1927-11,112.1,2147,0
1927-12,75.3,2148,0
1928-01,139.2,2149,0
1928-02,122.4,2150,0
1928-03,142.4,2151,0
1928-04,134.3,2152,0
1928-05,128.3,2153,0
1928-06,152.4,2154,0
1928-07,163.4,2155,0
1928-08,139.6,2156,0
1928-09,149.6,2157,0
1928-10,102.3,2158,0
1928-11,83.9,2159,0
1928-12,98.3,2160,0
1929-01,114.8,2161,0
1929-02,104.7,2162,0
1929-03,83.8,2163,0
1929-04,87.9,2164,0
1929-05,97,2165,0
1929-06,119.9,2166,0
1929-07,117.1,2167,0
1929-08,109.6,2168,0
1929-09,57.3,2169,0
1929-10,90.1,2170,0
1929-11,135.1,2171,0
1929-12,179.9,2172,0
1930-01,108.8,2173,0
1930-02,83.1,2174,0
1930-03,58.4,2175,0
1930-04,63.7,2176,0
1930-05,61.4,2177,0
1930-06,48,2178,0
1930-07,36.5,2179,0
1930-08,41.5,2180,0
1930-09,53.5,2181,0
1930-10,57.2,2182,0
1930-11,59.4,2183,0
1930-12,43,2184,0
1931-01,24.4,2185,0
1931-02,71.8,2186,0
1931-03,50.1,2187,0
1931-04,52,2188,0
1931-05,40.8,2189,0
1931-06,25.5,2190,0
1931-07,29,2191,0
1931-08,21.6,2192,0
1931-09,31.7,2193,0
1931-10,16.6,2194,0
1931-11,31.2,2195,0
1931-12,29.7,2196,0
1932-01,20.1,2197,0
1932-02,17.6,2198,0
1932-03,18.8,2199,0
1932-04,18.7,2200,0
1932-05,29.7,2201,0
1932-06,36.9,2202,0
1932-07,16,2203,0
1932-08,11.3,2204,0
1932-09,6.6,2205,0
1932-10,14.8,2206,0
1932-11,13.7,2207,0
1932-12,18.5,2208,0
1933-01,20.4,2209,0
1933-02,36.9,2210,0
1933-03,16.8,2211,0
1933-04,4.9,2212,0
1933-05,5.3,2213,0
1933-06,8.7,2214,0
1933-07,4.7,2215,0
1933-08,0.4,2216,0
1933-09,8.5,2217,0
1933-10,5,2218,0
1933-11,1,2219,0
1933-12,0.4,2220,0
1934-01,5.7,2221,0
1934-02,12.9,2222,0
1934-03,7.2,2223,0
1934-04,18.8,2224,0
1934-05,32.9,2225,0
1934-06,11.2,2226,0
1934-07,15.3,2227,0
1934-08,13.9,2228,0
1934-09,6.7,2229,0
1934-10,9.5,2230,0
1934-11,14.5,2231,0
1934-12,25.7,2232,0
1935-01,31.1,2233,0
1935-02,34.1,2234,0
1935-03,38.5,2235,0
1935-04,20.4,2236,0
1935-05,45.4,2237,0
1935-06,76.2,2238,0
1935-07,56.5,2239,0
1935-08,50.2,2240,0
1935-09,70.1,2241,0
1935-10,88.7,2242,0
1935-11,107,2243,0
1935-12,102.5,2244,0
1936-01,104.7,2245,0
1936-02,123.9,2246,0
1936-03,128.4,2247,0
1936-04,124.8,2248,0
1936-05,90.9,2249,0
1936-06,116.7,2250,0
1936-07,87.2,2251,0
1936-08,145,2252,0
1936-09,126.7,2253,0
1936-10,148.2,2254,0
1936-11,192.3,2255,0
1936-12,205.6,2256,0
1937-01,220.9,2257,0
1937-02,214.1,2258,0
1937-03,139.7,2259,0
1937-04,182.2,2260,0
1937-05,194.4,2261,0
1937-06,217.1,2262,0
1937-07,241.8,2263,0
1937-08,229.5,2264,0
1937-09,167.9,2265,0
1937-10,208.2,2266,0
1937-11,123.9,2267,0
1937-12,147.9,2268,0
1938-01,164,2269,0
1938-02,198.6,2270,0
1938-03,144.2,2271,0
1938-04,168.4,2272,0
1938-05,212.3,2273,0
1938-06,162.6,2274,0
1938-07,275.6,2275,0
1938-08,192.8,2276,0
1938-09,149.3,2277,0
1938-10,165.3,2278,0
1938-11,203.6,2279,0
1938-12,154.7,2280,0
1939-01,133.9,2281,0
1939-02,129,2282,0
1939-03,107.8,2283,0
1939-04,181.9,2284,0
1939-05,197.3,2285,0
1939-06,168.3,2286,0
1939-07,162.6,2287,0
1939-08,176.3,2288,0
1939-09,187.7,2289,0
1939-10,146.9,2290,0
1939-11,113.7,2291,0
1939-12,70.2,2292,0
1940-01,84.1,2293,0
1940-02,99.1,2294,0
1940-03,138.9,2295,0
1940-04,101.1,2296,0
1940-05,90.6,2297,0
1940-06,139.8,2298,0
1940-07,112.5,2299,0
1940-08,175.9,2300,0
1940-09,110.8,2301,0
1940-10,91.5,2302,0
1940-11,97.4,2303,0
1940-12,113.8,2304,0
1941-01,76.1,2305,0
1941-02,74.3,2306,0
1941-03,77.5,2307,0
1941-04,54.6,2308,0
1941-05,49,2309,0
1941-06,99.6,2310,0
1941-07,111.4,2311,0
1941-08,100.1,2312,0
1941-09,109.8,2313,0
1941-10,77.2,2314,0
1941-11,64,2315,0
1941-12,56.2,2316,0
1942-01,59.5,2317,0
1942-02,87.9,2318,0
1942-03,90.4,2319,0
1942-04,101.2,2320,0
1942-05,41.8,2321,0
1942-06,18.9,2322,0
1942-07,29.6,2323,0
1942-08,33.7,2324,0
1942-09,28.7,2325,0
1942-10,32,2326,0
1942-11,51.3,2327,0
1942-12,37.6,2328,0
1943-01,20.7,2329,0
1943-02,48.1,2330,0
1943-03,45.7,2331,0
1943-04,43.5,2332,0
1943-05,23.6,2333,0
1943-06,12.7,2334,0
1943-07,22,2335,0
1943-08,32.3,2336,0
1943-09,16.7,2337,0
1943-10,13,2338,0
1943-11,17,2339,0
1943-12,31.4,2340,0
1944-01,6.1,2341,0
1944-02,0.8,2342,0
1944-03,18.3,2343,0
1944-04,0.4,2344,0
1944-05,4.1,2345,0
1944-06,8.2,2346,0
1944-07,8.5,2347,0
1944-08,27.9,2348,0
1944-09,23.7,2349,0
1944-10,28.1,2350,0
1944-11,17.9,2351,0
1944-12,47.4,2352,0
1945-01,30.8,2353,0
1945-02,21.2,2354,0
1945-03,35.9,2355,0
1945-04,53.4,2356,0
1945-05,51,2357,0
1945-06,60.2,2358,0
1945-07,71,2359,0
1945-08,43.1,2360,0
1945-09,58.1,2361,0
1945-10,114.5,2362,0
1945-11,76.6,2363,0
1945-12,45.7,2364,0
1946-01,79.3,2365,0
1946-02,143.8,2366,0
1946-03,127.7,2367,0
1946-04,126.1,2368,0
1946-05,141.6,2369,0
1946-06,122.6,2370,0
1946-07,193.7,2371,0
1946-08,178.7,2372,0
1946-09,157.4,2373,0
1946-10,170.5,2374,0
1946-11,206.3,2375,0
1946-12,202.9,2376,0
1947-01,163.7,2377,0
1947-02,188.9,2378,0
1947-03,183.8,2379,0
1947-04,212.1,2380,0
1947-05,285,2381,0
1947-06,232.1,2382,0
1947-07,223.5,2383,0
1947-08,267.4,2384,0
1947-09,239.9,2385,0
1947-10,231.7,2386,0
1947-11,181.3,2387,0
1947-12,164.9,2388,0
1948-01,153.6,2389,0
1948-02,122,2390,0
1948-03,134.3,2391,0
1948-04,268.5,2392,0
1948-05,246.4,2393,0
1948-06,237.5,2394,0
1948-07,201.4,2395,0
1948-08,223.7,2396,0
1948-09,202.9,2397,0
1948-10,192.9,2398,0
1948-11,135.6,2399,0
1948-12,195.3,2400,0
1949-01,168.6,2401,0
1949-02,258,2402,0
1949-03,223,2403,0
1949-04,208.1,2404,0
1949-05,150.4,2405,0
1949-06,172.4,2406,0
1949-07,178.3,2407,0
1949-08,175.3,2408,0
1949-09,205.8,2409,0
1949-10,186.3,2410,0
1949-11,203.2,2411,0
1949-12,166.6,2412,0
1950-01,143.9,2413,0
1950-02,134.3,2414,0
1950-03,155.4,2415,0
1950-04,160.6,2416,0
1950-05,150.5,2417,0
1950-06,118.3,2418,0
1950-07,128.9,2419,0
1950-08,120.6,2420,0
1950-09,72.7,2421,0
1950-10,87,2422,0
1950-11,77.7,2423,0
1950-12,76.7,2424,0
1951-01,85,2425,0
1951-02,84.8,2426,0
1951-03,79.3,2427,0
1951-04,131.7,2428,0
1951-05,153.7,2429,0
1951-06,142.4,2430,0
1951-07,87.2,2431,0
1951-08,86.5,2432,0
1951-09,117.7,2433,0
1951-10,73.3,2434,0
1951-11,74.2,2435,0
1951-12,65,2436,0
1952-01,57.9,2437,0
1952-02,32.4,2438,0
1952-03,31.5,2439,0
1952-04,41.7,2440,0
1952-05,33.6,2441,0
1952-06,52,2442,0
1952-07,56.1,2443,0
1952-08,77.8,2444,0
1952-09,40.4,2445,0
1952-10,34.2,2446,0
1952-11,31.8,2447,0
1952-12,48.9,2448,0
1953-01,37.9,2449,0
1953-02,5.9,2450,0
1953-03,14.7,2451,0
1953-04,39.6,2452,0
1953-05,18.3,2453,0
1953-06,31.5,2454,0
1953-07,12.7,2455,0
1953-08,33.6,2456,0
1953-09,28,2457,0
1953-10,12.3,2458,0
1953-11,2.5,2459,0
1953-12,3.9,2460,0
1954-01,0.4,2461,0
1954-02,0.8,2462,0
1954-03,15.8,2463,0
1954-04,2.7,2464,0
1954-05,1.2,2465,0
1954-06,0.4,2466,0
1954-07,7.3,2467,0
1954-08,12.6,2468,0
1954-09,2.3,2469,0
1954-10,10.5,2470,0
1954-11,13.4,2471,0
1954-12,11.3,2472,0
1955-01,33.4,2473,0
1955-02,29.9,2474,0
1955-03,7.3,2475,0
1955-04,16.4,2476,0
1955-05,41.3,2477,0
1955-06,45.2,2478,0
1955-07,38.2,2479,0
1955-08,58,2480,0
1955-09,60.8,2481,0
1955-10,83,2482,0
1955-11,126.3,2483,0
1955-12,108.8,2484,0
1956-01,104.1,2485,0
1956-02,175.6,2486,0
1956-03,167.7,2487,0
1956-04,156.7,2488,0
1956-05,193.4,2489,0
1956-06,165.1,2490,0
1956-07,182.7,2491,0
1956-08,240.2,2492,0
1956-09,245.4,2493,0
1956-10,219.9,2494,0
1956-11,285,2495,0
1956-12,272,2496,0
1957-01,233.7,2497,0
1957-02,184.5,2498,0
1957-03,222.8,2499,0
1957-04,248,2500,0
1957-05,233,2501,0
1957-06,284.3,2502,0
1957-07,265.1,2503,0
1957-08,223.7,2504,0
1957-09,334,2505,0
1957-10,359.4,2506,0
1957-11,298.6,2507,0
1957-12,339,2508,0
1958-01,286.7,2509,0
1958-02,233.6,2510,0
1958-03,270,2511,0
1958-04,277.6,2512,0
1958-05,248.2,2513,0
1958-06,242.9,2514,0
1958-07,271,2515,0
1958-08,283.5,2516,0
1958-09,285.1,2517,0
1958-10,256.9,2518,0
1958-11,215.6,2519,0
1958-12,265.7,2520,0
1959-01,307.7,2521,0
1959-02,202.6,2522,0
1959-03,263,2523,0
1959-04,231.3,2524,0
1959-05,243.6,2525,0
1959-06,238.9,2526,0
1959-07,211.9,2527,0
1959-08,282.6,2528,0
1959-09,205.6,2529,0
1959-10,157.7,2530,0
1959-11,175.6,2531,0
1959-12,177.1,2532,0
1960-01,207.2,2533,0
1960-02,149.9,2534,0
1960-03,144.6,2535,0
1960-04,172.7,2536,0
1960-05,169.3,2537,0
1960-06,156,2538,0
1960-07,172.4,2539,0
1960-08,190,2540,0
1960-09,180.1,2541,0
1960-10,117.3,2542,0
1960-11,126.9,2543,0
1960-12,121.2,2544,0
1961-01,82.1,2545,0
1961-02,65.4,2546,0
1961-03,75.2,2547,0
1961-04,86.9,2548,0
1961-05,72.3,2549,0
1961-06,109.5,2550,0
1961-07,99.3,2551,0
1961-08,79.2,2552,0
1961-09,90.1,2553,0
1961-10,53.7,2554,0
1961-11,46.5,2555,0
1961-12,56.9,2556,0
1962-01,55.1,2557,0
1962-02,71.7,2558,0
1962-03,64.9,2559,0
1962-04,65.9,2560,0
1962-05,61.9,2561,0
1962-06,59.6,2562,0
1962-07,31.4,2563,0
1962-08,31.5,2564,0
1962-09,72.7,2565,0
1962-10,56.1,2566,0
1962-11,38.8,2567,0
1962-12,33.2,2568,0
1963-01,28.7,2569,0
1963-02,35.2,2570,0
1963-03,24.8,2571,0
1963-04,41.7,2572,0
1963-05,61.1,2573,0
1963-06,51.2,2574,0
1963-07,28.7,2575,0
1963-08,47.5,2576,0
1963-09,55.2,2577,0
1963-10,50.1,2578,0
1963-11,33.7,2579,0
1963-12,21.6,2580,0
1964-01,22.6,2581,0
1964-02,25.3,2582,0
1964-03,24.1,2583,0
1964-04,12.9,2584,0
1964-05,14.3,2585,0
1964-06,13.5,2586,0
1964-07,4.8,2587,0
1964-08,13.8,2588,0
1964-09,7,2589,0
1964-10,9.2,2590,0
1964-11,11.1,2591,0
1964-12,22.1,2592,0
1965-01,25.4,2593,0
1965-02,20.8,2594,0
1965-03,17.5,2595,0
1965-04,10.2,2596,0
1965-05,34.5,2597,0
1965-06,23.3,2598,0
1965-07,17.3,2599,0
1965-08,13.3,2600,0
1965-09,24.5,2601,0
1965-10,29.1,2602,0
1965-11,22.8,2603,0
1965-12,24.7,2604,0
1966-01,40.3,2605,0
1966-02,35.3,2606,0
1966-03,36.4,2607,0
1966-04,69,2608,0
1966-05,64.2,2609,0
1966-06,67.7,2610,0
1966-07,80.2,2611,0
1966-08,72.6,2612,0
1966-09,71.1,2613,0
1966-10,81.2,2614,0
1966-11,81,2615,0
1966-12,99.8,2616,0
1967-01,157,2617,0
1967-02,132.6,2618,0
1967-03,158.3,2619,0
1967-04,98.4,2620,0
1967-05,122.5,2621,0
1967-06,95.4,2622,0
1967-07,129.5,2623,0
1967-08,151.8,2624,0
1967-09,108.7,2625,0
1967-10,125,2626,0
1967-11,133.6,2627,0
1967-12,179,2628,0
1968-01,172.5,2629,0
1968-02,158.5,2630,0
1968-03,130.5,2631,0
1968-04,115,2632,0
1968-05,180,2633,0
1968-06,156.2,2634,0
1968-07,136.2,2635,0
1968-08,154.8,2636,0
1968-09,166,2637,0
1968-10,152.5,2638,0
1968-11,121.7,2639,0
1968-12,155.5,2640,0
1969-01,147.8,2641,0
1969-02,170.5,2642,0
1969-03,192.3,2643,0
1969-04,151.1,2644,0
1969-05,169.9,2645,0
1969-06,150.1,2646,0
1969-07,137.1,2647,0
1969-08,138.8,2648,0
1969-09,129.3,2649,0
1969-10,135.4,2650,0
1969-11,132.4,2651,0
1969-12,138.6,2652,0
1970-01,157.9,2653,0
1970-02,180.8,2654,0
1970-03,145.7,2655,0
1970-04,155.1,2656,0
1970-05,180.5,2657,0
1970-06,151.3,2658,0
1970-07,159.3,2659,0
1970-08,131.7,2660,0
1970-09,140.8,2661,0
1970-10,122.6,2662,0
1970-11,134.8,2663,0
1970-12,118.2,2664,0
1971-01,129.2,2665,0
1971-02,111.8,2666,0
1971-03,85.9,2667,0
1971-04,101.6,2668,0
1971-05,81.5,2669,0
1971-06,70.7,2670,0
1971-07,114.7,2671,0
1971-08,87,2672,0
1971-09,71.3,2673,0
1971-10,73.4,2674,0
1971-11,89.5,2675,0
1971-12,116.5,2676,0
1972-01,87,2677,0
1972-02,125.3,2678,0
1972-03,113.5,2679,0
1972-04,89.6,2680,0
1972-05,113.9,2681,0
1972-06,124.7,2682,0
1972-07,108.3,2683,0
1972-08,108.9,2684,0
1972-09,90.7,2685,0
1972-10,86.9,2686,0
1972-11,59.2,2687,0
1972-12,64.3,2688,0
1973-01,61.8,2689,0
1973-02,60.9,2690,0
1973-03,65.4,2691,0
1973-04,81.8,2692,0
1973-05,60.3,2693,0
1973-06,56.1,2694,0
1973-07,33.2,2695,0
1973-08,36.6,2696,0
1973-09,84.1,2697,0
1973-10,43.7,2698,0
1973-11,34.3,2699,0
1973-12,33.3,2700,0
1974-01,39.4,2701,0
1974-02,37.3,2702,0
1974-03,30.9,2703,0
1974-04,57.5,2704,0
1974-05,56.3,2705,0
1974-06,51.5,2706,0
1974-07,79.1,2707,0
1974-08,47.9,2708,0
1974-09,57.2,2709,0
1974-10,67.2,2710,0
1974-11,35.9,2711,0
1974-12,29.6,2712,0
1975-01,27.3,2713,0
1975-02,16.7,2714,0
1975-03,16.9,2715,0
1975-04,7.7,2716,0
1975-05,13.1,2717,0
1975-06,16.7,2718,0
1975-07,40.4,2719,0
1975-08,56.7,2720,0
1975-09,20.3,2721,0
1975-10,13.6,2722,0
1975-11,27.9,2723,0
1975-12,11.6,2724,0
1976-01,11.9,2725,0
1976-02,6.4,2726,0
1976-03,31.5,2727,0
1976-04,27.3,2728,0
1976-05,18.2,2729,0
1976-06,17.9,2730,0
1976-07,2.9,2731,0
1976-08,24.1,2732,0
1976-09,20,2733,0
1976-10,29.7,2734,0
1976-11,7.9,2735,0
1976-12,22.3,2736,0
1977-01,23.8,2737,0
1977-02,33.3,2738,0
1977-03,13,2739,0
1977-04,19,2740,0
1977-05,27,2741,0
1977-06,54.9,2742,0
1977-07,30.6,2743,0
1977-08,43,2744,0
1977-09,62.4,2745,0
1977-10,62.1,2746,0
1977-11,41.6,2747,0
1977-12,61.4,2748,0
1978-01,73.7,2749,0
1978-02,132.6,2750,0
1978-03,108.4,2751,0
1978-04,141.2,2752,0
1978-05,117.1,2753,0
1978-06,134.6,2754,0
1978-07,99.7,2755,0
1978-08,82.4,2756,0
1978-09,195.7,2757,0
1978-10,177.1,2758,0
1978-11,138.5,2759,0
1978-12,173.9,2760,0
1979-01,235.9,2761,0
1979-02,194.7,2762,0
1979-03,195.3,2763,0
1979-04,143.7,2764,0
1979-05,190.3,2765,0
1979-06,211.7,2766,0
1979-07,225.7,2767,0
1979-08,201.4,2768,0
1979-09,266.9,2769,0
1979-10,263.6,2770,0
1979-11,259.5,2771,0
1979-12,249.6,2772,0
1980-01,226.1,2773,0
1980-02,219.4,2774,0
1980-03,178.7,2775,0
1980-04,232.2,2776,0
1980-05,254.7,2777,0
1980-06,222.7,2778,0
1980-07,192.9,2779,0
1980-08,191.7,2780,0
1980-09,219.6,2781,0
1980-10,233.3,2782,0
1980-11,209.5,2783,0
1980-12,246.9,2784,0
1981-01,156.6,2785,0
1981-02,189.9,2786,0
1981-03,196.6,2787,0
1981-04,225.3,2788,0
1981-05,194.7,2789,0
1981-06,131.6,2790,0
1981-07,205.3,2791,0
1981-08,242.5,2792,0
1981-09,245.3,2793,0
1981-10,216.2,2794,0
1981-11,186,2795,0
1981-12,195.4,2796,0
1982-01,149.8,2797,0
1982-02,230.9,2798,0
1982-03,221.1,2799,0
1982-04,170.3,2800,0
1982-05,119.3,2801,0
1982-06,163.7,2802,0
1982-07,139.4,2803,0
1982-08,161.9,2804,0
1982-09,167.4,2805,0
1982-10,134.3,2806,0
1982-11,127.5,2807,0
1982-12,169,2808,0
1983-01,115.5,2809,0
1983-02,73.1,2810,0
1983-03,88.7,2811,0
1983-04,109.6,2812,0
1983-05,132.5,2813,0
1983-06,131.5,2814,0
1983-07,108.9,2815,0
1983-08,96,2816,0
1983-09,69.9,2817,0
1983-10,72.5,2818,0
1983-11,45.7,2819,0
1983-12,45.6,2820,0
1984-01,74.8,2821,0
1984-02,110.2,2822,0
1984-03,116.7,2823,0
1984-04,90.4,2824,0
1984-05,96.9,2825,0
1984-06,65.1,2826,0
1984-07,55.7,2827,0
1984-08,35,2828,0
1984-09,22.6,2829,0
1984-10,12.6,2830,0
1984-11,26.5,2831,0
1984-12,21.4,2832,0
1985-01,17.8,2833,0
1985-02,20.7,2834,0
1985-03,16.9,2835,0
1985-04,20.4,2836,0
1985-05,32.4,2837,0
1985-06,28.3,2838,0
1985-07,39.9,2839,0
1985-08,10.1,2840,0
1985-09,4.3,2841,0
1985-10,22,2842,0
1985-11,17.9,2843,0
1985-12,15.8,2844,0
1986-01,2.8,2845,0
1986-02,27.9,2846,0
1986-03,13.8,2847,0
1986-04,22.4,2848,0
1986-05,16.1,2849,0
1986-06,0.6,2850,0
1986-07,18.1,2851,0
1986-08,9.9,2852,0
1986-09,5.1,2853,0
1986-10,40.1,2854,0
1986-11,15.4,2855,0
1986-12,5.8,2856,0
1987-01,9.8,2857,0
1987-02,3.4,2858,0
1987-03,17.4,2859,0
1987-04,46,2860,0
1987-05,39.1,2861,0
1987-06,18.8,2862,0
1987-07,38.2,2863,0
1987-08,47.9,2864,0
1987-09,42.2,2865,0
1987-10,63.4,2866,0
1987-11,48.8,2867,0
1987-12,29.1,2868,0
1988-01,70.5,2869,0
1988-02,45.4,2870,0
1988-03,91.2,2871,0
1988-04,108.8,2872,0
1988-05,74.2,2873,0
1988-06,124.3,2874,0
1988-07,131.4,2875,0
1988-08,139.4,2876,0
1988-09,142.7,2877,0
1988-10,156.5,2878,0
1988-11,156.8,2879,0
1988-12,231.2,2880,0
1989-01,210.1,2881,0
1989-02,208.7,2882,0
1989-03,170.4,2883,0
1989-04,166.3,2884,0
1989-05,195.4,2885,0
1989-06,284.5,2886,0
1989-07,180.5,2887,0
1989-08,232,2888,0
1989-09,225.1,2889,0
1989-10,212.2,2890,0
1989-11,238.2,2891,0
1989-12,211.4,2892,0
1990-01,227.4,2893,0
1990-02,171.8,2894,0
1990-03,191.7,2895,0
1990-04,189.7,2896,0
1990-05,175.2,2897,0
1990-06,153.3,2898,0
1990-07,191.1,2899,0
1990-08,252.1,2900,0
1990-09,169.1,2901,0
1990-10,199.4,2902,0
1990-11,178.8,2903,0
1990-12,197.1,2904,0
1991-01,195.3,2905,0
1991-02,240.3,2906,0
1991-03,197,2907,0
1991-04,197.6,2908,0
1991-05,166.9,2909,0
1991-06,224.7,2910,0
1991-07,240.2,2911,0
1991-08,240.8,2912,0
1991-09,168.9,2913,0
1991-10,197.1,2914,0
1991-11,159.5,2915,0
1991-12,212.6,2916,0
1992-01,198.3,2917,0
1992-02,230.7,2918,0
1992-03,151,2919,0
1992-04,142.2,2920,0
1992-05,94.3,2921,0
1992-06,98.5,2922,0
1992-07,114.2,2923,0
1992-08,91.9,2924,0
1992-09,94,2925,0
1992-10,133.4,2926,0
1992-11,129.6,2927,0
1992-12,122,2928,0
1993-01,81.4,2929,0
1993-02,127.8,2930,0
1993-03,102.4,2931,0
1993-04,94.4,2932,0
1993-05,78.8,2933,0
1993-06,69.6,2934,0
1993-07,80.4,2935,0
1993-08,62.5,2936,0
1993-09,31.2,2937,0
1993-10,71.1,2938,0
1993-11,48.2,2939,0
1993-12,68.4,2940,0
1994-01,84.9,2941,0
1994-02,54.9,2942,0
1994-03,47.5,2943,0
1994-04,27.4,2944,0
1994-05,29.8,2945,0
1994-06,39.7,2946,0
1994-07,50.6,2947,0
1994-08,34.3,2948,0
1994-09,40.5,2949,0
1994-10,67.1,2950,0
1994-11,29.5,2951,0
1994-12,32.2,2952,0
1995-01,32.6,2953,0
1995-02,45.8,2954,0
1995-03,46.3,2955,0
1995-04,21.6,2956,0
1995-05,19.4,2957,0
1995-06,22.5,2958,0
1995-07,20.4,2959,0
1995-08,18.2,2960,0
1995-09,15.7,2961,0
1995-10,30.6,2962,0
1995-11,14,2963,0
1995-12,14.9,2964,0
1996-01,13.3,2965,0
1996-02,7.7,2966,0
1996-03,12.6,2967,0
1996-04,6.8,2968,0
1996-05,7.6,2969,0
1996-06,16.5,2970,0
1996-07,11.8,2971,0
1996-08,19.7,2972,0
1996-09,3,2973,0
1996-10,0.7,2974,0
1996-11,24.9,2975,0
1996-12,14,2976,0
1997-01,7.4,2977,0
1997-02,11,2978,0
1997-03,12.1,2979,0
1997-04,23,2980,0
1997-05,25.4,2981,0
1997-06,20.8,2982,0
1997-07,12.9,2983,0
1997-08,35.7,2984,0
1997-09,59.7,2985,0
1997-10,32.8,2986,0
1997-11,50.4,2987,0
1997-12,55.5,2988,0
1998-01,44.5,2989,0
1998-02,50.2,2990,0
1998-03,82,2991,0
1998-04,70.6,2992,0
1998-05,74,2993,0
1998-06,90.5,2994,0
1998-07,96.7,2995,0
1998-08,121.1,2996,0
1998-09,132,2997,0
1998-10,78.5,2998,0
1998-11,97.3,2999,0
1998-12,119.2,3000,0
1999-01,86,3001,0
1999-02,98,3002,0
1999-03,103.5,3003,0
1999-04,93.6,3004,0
1999-05,149.6,3005,0
1999-06,207.2,3006,0
1999-07,173.5,3007,0
1999-08,142.3,3008,0
1999-09,106.3,3009,0
1999-10,168.7,3010,0
1999-11,188.3,3011,0
1999-12,116.8,3012,0
2000-01,133.1,3013,0
2000-02,165.7,3014,0
2000-03,217.7,3015,0
2000-04,191.5,3016,0
2000-05,165.9,3017,0
2000-06,188,3018,0
2000-07,244.3,3019,0
2000-08,180.5,3020,0
2000-09,156,3021,0
2000-10,141.6,3022,0
2000-11,158.1,3023,0
2000-12,143.3,3024,0
2001-01,142.6,3025,0
2001-02,121.5,3026,0
2001-03,165.8,3027,0
2001-04,161.7,3028,0
2001-05,142.1,3029,0
2001-06,202.9,3030,0
2001-07,123,3031,0
2001-08,161.5,3032,0
2001-09,238.2,3033,0
2001-10,194.1,3034,0
2001-11,176.6,3035,0
2001-12,213.4,3036,0
2002-01,184.6,3037,0
2002-02,170.2,3038,0
2002-03,147.1,3039,0
2002-04,186.9,3040,0
2002-05,187.5,3041,0
2002-06,128.8,3042,0
2002-07,161,3043,0
2002-08,175.6,3044,0
2002-09,187.9,3045,0
2002-10,151.2,3046,0
2002-11,147.2,3047,0
2002-12,135.3,3048,0
2003-01,133.5,3049,0
2003-02,75.7,3050,0
2003-03,100.7,3051,0
2003-04,97.9,3052,0
2003-05,86.8,3053,0
2003-06,118.7,3054,0
2003-07,128.3,3055,0
2003-08,115.4,3056,0
2003-09,78.5,3057,0
2003-10,97.8,3058,0
2003-11,82.9,3059,0
2003-12,72.2,3060,0
2004-01,60.6,3061,0
2004-02,74.6,3062,0
2004-03,74.8,3063,0
2004-04,59.2,3064,0
2004-05,72.8,3065,0
2004-06,66.5,3066,0
2004-07,83.8,3067,0
2004-08,69.7,3068,0
2004-09,48.8,3069,0
2004-10,74.2,3070,0
2004-11,70.1,3071,0
2004-12,28.9,3072,0
2005-01,48.1,3073,0
2005-02,43.5,3074,0
2005-03,39.6,3075,0
2005-04,38.7,3076,0
2005-05,61.9,3077,0
2005-06,56.8,3078,0
2005-07,62.4,3079,0
2005-08,60.5,3080,0
2005-09,37.2,3081,0
2005-10,13.2,3082,0
2005-11,27.5,3083,0
2005-12,59.3,3084,0
2006-01,20.9,3085,0
2006-02,5.7,3086,0
2006-03,17.3,3087,0
2006-04,50.3,3088,0
2006-05,37.2,3089,0
2006-06,24.5,3090,0
2006-07,22.2,3091,0
2006-08,20.8,3092,0
2006-09,23.7,3093,0
2006-10,14.9,3094,0
2006-11,35.7,3095,0
2006-12,22.3,3096,0
2007-01,29.3,3097,0
2007-02,18.4,3098,0
2007-03,7.2,3099,0
2007-04,5.4,3100,0
2007-05,19.5,3101,0
2007-06,21.3,3102,0
2007-07,15.1,3103,0
2007-08,9.8,3104,0
2007-09,4,3105,0
2007-10,1.5,3106,0
2007-11,2.8,3107,0
2007-12,17.3,3108,0
2008-01,4.1,3109,0
2008-02,2.9,3110,0
2008-03,15.5,3111,0
2008-04,3.6,3112,0
2008-05,4.6,3113,0
2008-06,5.2,3114,0
2008-07,0.6,3115,0
2008-08,0.3,3116,0
2008-09,1.2,3117,0
2008-10,4.2,3118,0
2008-11,6.6,3119,0
2008-12,1,3120,0
2009-01,1.3,3121,0
2009-02,1.2,3122,0
2009-03,0.6,3123,0
2009-04,1.2,3124,0
2009-05,2.9,3125,0
2009-06,6.3,3126,0
2009-07,5.5,3127,0
2009-08,0,3128,0
2009-09,7.1,3129,0
2009-10,7.7,3130,0
2009-11,6.9,3131,0
2009-12,16.3,3132,0
2010-01,19.5,3133,0
2010-02,28.5,3134,0
2010-03,24,3135,0
2010-04,10.4,3136,0
2010-05,13.9,3137,0
2010-06,18.8,3138,0
2010-07,25.2,3139,0
2010-08,29.6,3140,0
2010-09,36.4,3141,0
2010-10,33.6,3142,0
2010-11,34.4,3143,0
2010-12,24.5,3144,0
2011-01,27.3,3145,0
2011-02,48.3,3146,0
2011-03,78.6,3147,0
2011-04,76.1,3148,0
2011-05,58.2,3149,0
2011-06,56.1,3150,0
2011-07,64.5,3151,0
2011-08,65.8,3152,0
2011-09,120.1,3153,0
2011-10,125.7,3154,0
2011-11,139.1,3155,0
2011-12,109.3,3156,0
2012-01,94.4,3157,0
2012-02,47.8,3158,0
2012-03,86.6,3159,0
2012-04,85.9,3160,0
2012-05,96.5,3161,0
2012-06,92,3162,0
2012-07,100.1,3163,0
2012-08,94.8,3164,0
2012-09,93.7,3165,0
2012-10,76.5,3166,0
2012-11,87.6,3167,0
2012-12,56.8,3168,0
2013-01,96.1,3169,0
2013-02,60.9,3170,0
2013-03,78.3,3171,0
2013-04,107.3,3172,0
2013-05,120.2,3173,0
2013-06,76.7,3174,0
2013-07,86.2,3175,0
2013-08,91.8,3176,0
2013-09,54.5,3177,0
2013-10,114.4,3178,0
2013-11,113.9,3179,0
2013-12,124.2,3180,0
2014-01,117,3181,0
2014-02,146.1,3182,0
2014-03,128.7,3183,0
2014-04,112.5,3184,0
2014-05,112.5,3185,0
2014-06,102.9,3186,0
2014-07,100.2,3187,0
2014-08,106.9,3188,0
2014-09,130,3189,0
2014-10,90,3190,0
2014-11,103.6,3191,0
2014-12,112.9,3192,0
2015-01,93,3193,0
2015-02,66.7,3194,0
2015-03,54.5,3195,0
2015-04,75.3,3196,0
2015-05,88.8,3197,0
2015-06,66.5,3198,0
2015-07,65.8,3199,0
2015-08,64.4,3200,0
2015-09,78.6,3201,0
2015-10,63.6,3202,0
2015-11,62.2,3203,0
2015-12,58,3204,0
2016-01,57,3205,0
2016-02,56.4,3206,0
2016-03,54.1,3207,0
2016-04,37.9,3208,0
2016-05,51.5,3209,0
2016-06,20.5,3210,0
2016-07,32.4,3211,0
2016-08,50.2,3212,0
2016-09,44.6,3213,0
2016-10,33.4,3214,0
2016-11,21.4,3215,0
2016-12,18.5,3216,0
2017-01,26.1,3217,0
2017-02,26.4,3218,0
2017-03,17.7,3219,0
2017-04,32.3,3220,0
2017-05,18.9,3221,0
2017-06,19.2,3222,0
2017-07,17.8,3223,0
2017-08,32.6,3224,0
2017-09,43.7,3225,0
2017-10,13.2,3226,0
2017-11,5.7,3227,0
2017-12,8.2,3228,0
2018-01,6.8,3229,0
2018-02,10.7,3230,0
2018-03,2.5,3231,0
2018-04,8.9,3232,0
2018-05,13.1,3233,0
2018-06,15.6,3234,0
2018-07,1.6,3235,0
2018-08,8.7,3236,0
2018-09,3.3,3237,0
2018-10,4.9,3238,0
2018-11,4.9,3239,0
2018-12,3.1,3240,0
2019-01,7.7,3241,0
2019-02,0.8,3242,0
2019-03,9.4,3243,0
2019-04,9.1,3244,0
2019-05,9.9,3245,0
2019-06,1.2,3246,0
2019-07,0.9,3247,0
2019-08,0.5,3248,0
2019-09,1.1,3249,0
2019-10,0.4,3250,0
2019-11,0.5,3251,0
2019-12,1.5,3252,0
2020-01,6.2,3253,0
2020-02,0.2,3254,0
2020-03,1.5,3255,0
2020-04,5.2,3256,0
2020-05,0.2,3257,0
2020-06,5.8,3258,0
2020-07,6.1,3259,0
2020-08,7.5,3260,0
2020-09,0.6,3261,0
2020-10,14.6,3262,0
2020-11,34.5,3263,0
2020-12,23.1,3264,0
2021-01,10.4,3265,0
2021-02,8.2,3266,0
2021-03,17.2,3267,0
2021-04,24.5,3268,0
2021-05,21.2,3269,0
2021-06,25,3270,0
2021-07,34.3,3271,0
2021-08,22,3272,0
2021-09,51.3,3273,0
2021-10,37.4,3274,0
2021-11,34.8,3275,0
2021-12,67.5,3276,0
2022-01,55.3,3277,0
2022-02,60.9,3278,0
2022-03,78.6,3279,0
2022-04,84,3280,0
2022-05,96.5,3281,0
2022-06,70.3,3282,0
2022-07,91.4,3283,0
2022-08,74.6,3284,0
2022-09,96,3285,0
2022-10,95.5,3286,0
2022-11,80.5,3287,0
2022-12,112.8,3288,0
2023-01,144.4,3289,0
2023-02,111.3,3290,0
2023-03,123.3,3291,0
2023-04,96.4,3292,0
2023-05,137.9,3293,0
2023-06,163.4,3294,0
2023-07,159.1,3295,0
