time_tag,k_index,record_Id,record_Id_0
,,0,
2023-09-04T04:34:00,3.5999999,1,0
2023-09-04T04:35:00,3.5999999,2,0
2023-09-04T04:36:00,3.5999999,3,0
2023-09-04T04:37:00,3.5999999,4,0
2023-09-04T04:38:00,3.5999999,5,0
2023-09-04T04:39:00,3.5999999,6,0
2023-09-04T04:40:00,3.5999999,7,0
2023-09-04T04:41:00,3.5999999,8,0
2023-09-04T04:42:00,3.5999999,9,0
2023-09-04T04:43:00,3.5999999,10,0
2023-09-04T04:44:00,3.5999999,11,0
2023-09-04T04:45:00,3.5999999,12,0
2023-09-04T04:46:00,3.5999999,13,0
2023-09-04T04:47:00,3.5999999,14,0
2023-09-04T04:48:00,3.5999999,15,0
2023-09-04T04:49:00,3.5999999,16,0
2023-09-04T04:50:00,3.5999999,17,0
2023-09-04T04:51:00,3.5999999,18,0
2023-09-04T04:52:00,3.5999999,19,0
2023-09-04T04:53:00,3.5999999,20,0
2023-09-04T04:54:00,3.5999999,21,0
2023-09-04T04:55:00,3.5999999,22,0
2023-09-04T04:56:00,3.5999999,23,0
2023-09-04T04:57:00,3.5999999,24,0
2023-09-04T04:58:00,3.5999999,25,0
2023-09-04T04:59:00,3.5999999,26,0
2023-09-04T05:00:00,3.5999999,27,0
2023-09-04T05:01:00,3.5999999,28,0
2023-09-04T05:02:00,3.5999999,29,0
2023-09-04T05:03:00,3.5999999,30,0
2023-09-04T05:04:00,3.5999999,31,0
2023-09-04T05:05:00,3.5999999,32,0
2023-09-04T05:06:00,3.5999999,33,0
2023-09-04T05:07:00,3.55,34,0
2023-09-04T05:08:00,3.55,35,0
2023-09-04T05:09:00,3.5999999,36,0
2023-09-04T05:10:00,3.5999999,37,0
2023-09-04T05:11:00,3.5999999,38,0
2023-09-04T05:12:00,3.5999999,39,0
2023-09-04T05:13:00,3.5999999,40,0
2023-09-04T05:14:00,3.5999999,41,0
2023-09-04T05:15:00,3.5999999,42,0
2023-09-04T05:16:00,3.5999999,43,0
2023-09-04T05:17:00,3.5999999,44,0
2023-09-04T05:18:00,3.5999999,45,0
2023-09-04T05:19:00,3.5999999,46,0
2023-09-04T05:20:00,3.55,47,0
2023-09-04T05:21:00,3.55,48,0
2023-09-04T05:22:00,3.55,49,0
2023-09-04T05:23:00,3.55,50,0
2023-09-04T05:24:00,3.5999999,51,0
2023-09-04T05:25:00,3.5999999,52,0
2023-09-04T05:26:00,3.5999999,53,0
2023-09-04T05:27:00,3.5999999,54,0
2023-09-04T05:28:00,3.5999999,55,0
2023-09-04T05:29:00,3.5999999,56,0
2023-09-04T05:30:00,3.5999999,57,0
2023-09-04T05:31:00,3.5999999,58,0
2023-09-04T05:32:00,3.5999999,59,0
2023-09-04T05:33:00,3.5999999,60,0
2023-09-04T05:34:00,3.5999999,61,0
2023-09-04T05:35:00,3.5999999,62,0
2023-09-04T05:36:00,3.5999999,63,0
2023-09-04T05:37:00,3.5999999,64,0
2023-09-04T05:38:00,3.5999999,65,0
2023-09-04T05:39:00,3.5999999,66,0
2023-09-04T05:40:00,3.5999999,67,0
2023-09-04T05:41:00,3.5999999,68,0
2023-09-04T05:42:00,3.5999999,69,0
2023-09-04T05:43:00,3.5999999,70,0
2023-09-04T05:44:00,3.5999999,71,0
2023-09-04T05:45:00,3.5999999,72,0
2023-09-04T05:46:00,3.5999999,73,0
2023-09-04T05:47:00,3.5999999,74,0
2023-09-04T05:48:00,3.5999999,75,0
2023-09-04T05:49:00,3.5999999,76,0
2023-09-04T05:50:00,3.55,77,0
2023-09-04T05:51:00,3.55,78,0
2023-09-04T05:52:00,3.55,79,0
2023-09-04T05:53:00,3.55,80,0
2023-09-04T05:54:00,3.55,81,0
2023-09-04T05:55:00,3.55,82,0
2023-09-04T05:56:00,3.55,83,0
2023-09-04T05:57:00,3.55,84,0
2023-09-04T05:58:00,3.55,85,0
2023-09-04T05:59:00,3.55,86,0
2023-09-04T06:00:00,0,87,0
2023-09-04T06:01:00,0,88,0
2023-09-04T06:02:00,0,89,0
2023-09-04T06:03:00,0,90,0
2023-09-04T06:04:00,0,91,0
2023-09-04T06:05:00,0,92,0
2023-09-04T06:06:00,0,93,0
2023-09-04T06:07:00,0.2,94,0
2023-09-04T06:08:00,0.2,95,0
2023-09-04T06:09:00,0.2,96,0
2023-09-04T06:10:00,0.2,97,0
2023-09-04T06:11:00,0.2,98,0
2023-09-04T06:12:00,0.2,99,0
2023-09-04T06:13:00,0.2,100,0
2023-09-04T06:14:00,0.2,101,0
2023-09-04T06:15:00,0.2,102,0
2023-09-04T06:16:00,0.2,103,0
2023-09-04T06:17:00,0.2,104,0
2023-09-04T06:18:00,0.40000001,105,0
2023-09-04T06:19:00,0.40000001,106,0
2023-09-04T06:20:00,0.60000002,107,0
2023-09-04T06:21:00,0.60000002,108,0
2023-09-04T06:22:00,0.60000002,109,0
2023-09-04T06:23:00,0.60000002,110,0
2023-09-04T06:24:00,0.60000002,111,0
2023-09-04T06:25:00,0.60000002,112,0
2023-09-04T06:26:00,0.60000002,113,0
2023-09-04T06:27:00,0.60000002,114,0
2023-09-04T06:28:00,0.60000002,115,0
2023-09-04T06:29:00,0.60000002,116,0
2023-09-04T06:30:00,0.60000002,117,0
2023-09-04T06:31:00,0.60000002,118,0
2023-09-04T06:32:00,0.60000002,119,0
2023-09-04T06:33:00,0.60000002,120,0
2023-09-04T06:34:00,0.60000002,121,0
2023-09-04T06:35:00,0.60000002,122,0
2023-09-04T06:36:00,0.60000002,123,0
2023-09-04T06:37:00,0.60000002,124,0
2023-09-04T06:38:00,0.60000002,125,0
2023-09-04T06:39:00,0.60000002,126,0
2023-09-04T06:40:00,0.60000002,127,0
2023-09-04T06:41:00,0.60000002,128,0
2023-09-04T06:42:00,0.60000002,129,0
2023-09-04T06:43:00,0.80000001,130,0
2023-09-04T06:44:00,0.80000001,131,0
2023-09-04T06:45:00,1,132,0
2023-09-04T06:46:00,1,133,0
2023-09-04T06:47:00,1.2,134,0
2023-09-04T06:48:00,1.2,135,0
2023-09-04T06:49:00,1.2,136,0
2023-09-04T06:50:00,1.2,137,0
2023-09-04T06:51:00,1.2,138,0
2023-09-04T06:52:00,1.2,139,0
2023-09-04T06:53:00,1.4,140,0
2023-09-04T06:54:00,1.6,141,0
2023-09-04T06:55:00,1.6,142,0
2023-09-04T06:56:00,1.6,143,0
2023-09-04T06:57:00,1.6,144,0
2023-09-04T06:58:00,1.6,145,0
2023-09-04T06:59:00,1.6,146,0
2023-09-04T07:00:00,1.6,147,0
2023-09-04T07:01:00,1.6,148,0
2023-09-04T07:02:00,1.6,149,0
2023-09-04T07:03:00,1.6,150,0
2023-09-04T07:04:00,1.6,151,0
2023-09-04T07:05:00,1.6,152,0
2023-09-04T07:06:00,1.6,153,0
2023-09-04T07:07:00,1.6,154,0
2023-09-04T07:08:00,1.6,155,0
2023-09-04T07:09:00,1.6,156,0
2023-09-04T07:10:00,1.6,157,0
2023-09-04T07:11:00,1.6,158,0
2023-09-04T07:12:00,1.6,159,0
2023-09-04T07:13:00,1.6,160,0
2023-09-04T07:14:00,1.6,161,0
2023-09-04T07:15:00,1.6,162,0
2023-09-04T07:16:00,1.6,163,0
2023-09-04T07:17:00,1.6,164,0
2023-09-04T07:18:00,1.6,165,0
2023-09-04T07:19:00,1.6,166,0
2023-09-04T07:20:00,1.6,167,0
2023-09-04T07:21:00,1.6,168,0
2023-09-04T07:22:00,1.6,169,0
2023-09-04T07:23:00,1.6,170,0
2023-09-04T07:24:00,1.6,171,0
2023-09-04T07:25:00,1.6,172,0
2023-09-04T07:26:00,1.6,173,0
2023-09-04T07:27:00,1.6,174,0
2023-09-04T07:28:00,1.6,175,0
2023-09-04T07:29:00,1.6,176,0
2023-09-04T07:30:00,1.6,177,0
2023-09-04T07:31:00,1.6,178,0
2023-09-04T07:32:00,1.6,179,0
2023-09-04T07:33:00,1.6,180,0
2023-09-04T07:34:00,1.6,181,0
2023-09-04T07:35:00,1.8,182,0
2023-09-04T07:36:00,1.8,183,0
2023-09-04T07:37:00,1.8,184,0
2023-09-04T07:38:00,1.8,185,0
2023-09-04T07:39:00,1.8,186,0
2023-09-04T07:40:00,1.8,187,0
2023-09-04T07:41:00,1.8,188,0
2023-09-04T07:42:00,1.8,189,0
2023-09-04T07:43:00,1.8,190,0
2023-09-04T07:44:00,1.8,191,0
2023-09-04T07:45:00,1.8,192,0
2023-09-04T07:46:00,1.8,193,0
2023-09-04T07:47:00,1.8,194,0
2023-09-04T07:48:00,1.8,195,0
2023-09-04T07:49:00,1.8,196,0
2023-09-04T07:50:00,1.8,197,0
2023-09-04T07:51:00,1.8,198,0
2023-09-04T07:52:00,1.8,199,0
2023-09-04T07:53:00,1.8,200,0
2023-09-04T07:54:00,1.8,201,0
2023-09-04T07:55:00,1.8,202,0
2023-09-04T07:56:00,1.8,203,0
2023-09-04T07:57:00,1.8,204,0
2023-09-04T07:58:00,1.8,205,0
2023-09-04T07:59:00,1.8,206,0
2023-09-04T08:00:00,1.8,207,0
2023-09-04T08:01:00,1.8,208,0
2023-09-04T08:02:00,1.8,209,0
2023-09-04T08:03:00,1.8,210,0
2023-09-04T08:04:00,1.8,211,0
2023-09-04T08:05:00,1.8,212,0
2023-09-04T08:06:00,1.8,213,0
2023-09-04T08:07:00,1.8,214,0
2023-09-04T08:08:00,1.8,215,0
2023-09-04T08:09:00,1.8,216,0
2023-09-04T08:10:00,1.8,217,0
2023-09-04T08:11:00,1.8,218,0
2023-09-04T08:12:00,1.8,219,0
2023-09-04T08:13:00,1.8,220,0
2023-09-04T08:14:00,1.8,221,0
2023-09-04T08:15:00,1.8,222,0
2023-09-04T08:16:00,1.8,223,0
2023-09-04T08:17:00,1.8,224,0
2023-09-04T08:18:00,1.8,225,0
2023-09-04T08:19:00,1.8,226,0
2023-09-04T08:20:00,1.8,227,0
2023-09-04T08:21:00,1.8,228,0
2023-09-04T08:22:00,1.8,229,0
2023-09-04T08:23:00,1.8,230,0
2023-09-04T08:24:00,1.8,231,0
2023-09-04T08:25:00,1.8,232,0
2023-09-04T08:26:00,1.8,233,0
2023-09-04T08:27:00,1.8,234,0
2023-09-04T08:28:00,1.8,235,0
2023-09-04T08:29:00,1.8,236,0
2023-09-04T08:30:00,1.8,237,0
2023-09-04T08:31:00,1.8,238,0
2023-09-04T08:32:00,1.8,239,0
2023-09-04T08:33:00,1.8,240,0
2023-09-04T08:34:00,1.8,241,0
2023-09-04T08:35:00,1.8,242,0
2023-09-04T08:36:00,1.8,243,0
2023-09-04T08:37:00,1.8,244,0
2023-09-04T08:38:00,1.8,245,0
2023-09-04T08:39:00,1.8,246,0
2023-09-04T08:40:00,1.8,247,0
2023-09-04T08:41:00,1.8,248,0
2023-09-04T08:42:00,1.8,249,0
2023-09-04T08:43:00,1.8,250,0
2023-09-04T08:44:00,1.8,251,0
2023-09-04T08:45:00,1.8,252,0
2023-09-04T08:46:00,1.8,253,0
2023-09-04T08:47:00,1.8,254,0
2023-09-04T08:48:00,1.8,255,0
2023-09-04T08:49:00,1.8,256,0
2023-09-04T08:50:00,1.8,257,0
2023-09-04T08:51:00,1.8,258,0
2023-09-04T08:52:00,1.8,259,0
2023-09-04T08:53:00,1.8,260,0
2023-09-04T08:54:00,1.8,261,0
2023-09-04T08:55:00,1.8,262,0
2023-09-04T08:56:00,1.8,263,0
2023-09-04T08:57:00,1.8,264,0
2023-09-04T08:58:00,1.8,265,0
2023-09-04T08:59:00,2,266,0
2023-09-04T09:00:00,0,267,0
2023-09-04T09:01:00,0,268,0
2023-09-04T09:02:00,0,269,0
2023-09-04T09:03:00,0,270,0
2023-09-04T09:04:00,0.2,271,0
2023-09-04T09:05:00,0.2,272,0
2023-09-04T09:06:00,0.2,273,0
2023-09-04T09:07:00,0.2,274,0
2023-09-04T09:08:00,0.2,275,0
2023-09-04T09:09:00,0.2,276,0
2023-09-04T09:10:00,0.2,277,0
2023-09-04T09:11:00,0.2,278,0
2023-09-04T09:12:00,0.2,279,0
2023-09-04T09:13:00,0.2,280,0
2023-09-04T09:14:00,0.2,281,0
2023-09-04T09:15:00,0.2,282,0
2023-09-04T09:16:00,0.2,283,0
2023-09-04T09:17:00,0.2,284,0
2023-09-04T09:18:00,0.2,285,0
2023-09-04T09:19:00,0.2,286,0
2023-09-04T09:20:00,0.2,287,0
2023-09-04T09:21:00,0.2,288,0
2023-09-04T09:22:00,0.2,289,0
2023-09-04T09:23:00,0.2,290,0
2023-09-04T09:24:00,0.2,291,0
2023-09-04T09:25:00,0.2,292,0
2023-09-04T09:26:00,0.2,293,0
2023-09-04T09:27:00,0.2,294,0
2023-09-04T09:28:00,0.2,295,0
2023-09-04T09:29:00,0.2,296,0
2023-09-04T09:30:00,0.40000001,297,0
2023-09-04T09:31:00,0.40000001,298,0
2023-09-04T09:32:00,0.40000001,299,0
2023-09-04T09:33:00,0.40000001,300,0
2023-09-04T09:34:00,0.40000001,301,0
2023-09-04T09:35:00,0.40000001,302,0
2023-09-04T09:36:00,0.40000001,303,0
2023-09-04T09:37:00,0.40000001,304,0
2023-09-04T09:38:00,0.40000001,305,0
2023-09-04T09:39:00,0.40000001,306,0
2023-09-04T09:40:00,0.40000001,307,0
2023-09-04T09:41:00,0.40000001,308,0
2023-09-04T09:42:00,0.40000001,309,0
2023-09-04T09:43:00,0.40000001,310,0
2023-09-04T09:44:00,0.40000001,311,0
2023-09-04T09:45:00,0.40000001,312,0
2023-09-04T09:46:00,0.40000001,313,0
2023-09-04T09:47:00,0.40000001,314,0
2023-09-04T09:48:00,0.40000001,315,0
2023-09-04T09:49:00,0.40000001,316,0
2023-09-04T09:50:00,0.40000001,317,0
2023-09-04T09:51:00,0.40000001,318,0
2023-09-04T09:52:00,0.40000001,319,0
2023-09-04T09:53:00,0.40000001,320,0
2023-09-04T09:54:00,0.60000002,321,0
2023-09-04T09:55:00,0.60000002,322,0
2023-09-04T09:56:00,0.80000001,323,0
2023-09-04T09:57:00,0.80000001,324,0
2023-09-04T09:58:00,0.80000001,325,0
2023-09-04T09:59:00,0.80000001,326,0
2023-09-04T10:00:00,0.80000001,327,0
2023-09-04T10:01:00,0.80000001,328,0
2023-09-04T10:02:00,0.80000001,329,0
2023-09-04T10:03:00,0.80000001,330,0
2023-09-04T10:04:00,0.80000001,331,0
2023-09-04T10:05:00,0.80000001,332,0
2023-09-04T10:06:00,0.80000001,333,0
2023-09-04T10:07:00,0.80000001,334,0
2023-09-04T10:08:00,0.80000001,335,0
2023-09-04T10:09:00,1,336,0
2023-09-04T10:10:00,1,337,0
2023-09-04T10:11:00,1,338,0
2023-09-04T10:12:00,1,339,0
2023-09-04T10:13:00,1,340,0
2023-09-04T10:14:00,1,341,0
2023-09-04T10:15:00,1,342,0
2023-09-04T10:16:00,1.2,343,0
2023-09-04T10:17:00,1.2,344,0
2023-09-04T10:18:00,1.2,345,0
2023-09-04T10:19:00,1.2,346,0
2023-09-04T10:20:00,1.2,347,0
2023-09-04T10:21:00,1.2,348,0
2023-09-04T10:22:00,1.2,349,0
2023-09-04T10:23:00,1.2,350,0
2023-09-04T10:24:00,1.2,351,0
2023-09-04T10:25:00,1.2,352,0
2023-09-04T10:26:00,1.2,353,0
2023-09-04T10:27:00,1.2,354,0
2023-09-04T10:28:00,1.2,355,0
2023-09-04T10:29:00,1.2,356,0
2023-09-04T10:30:00,1.2,357,0
2023-09-04T10:31:00,1.2,358,0
2023-09-04T10:32:00,1.2,359,0
2023-09-04T10:33:00,1.2,360,0
2023-09-04T10:34:00,1.2,361,0
2023-09-04T10:35:00,1.2,362,0
2023-09-04T10:36:00,1.2,363,0
2023-09-04T10:37:00,1.2,364,0
2023-09-04T10:38:00,1.2,365,0
2023-09-04T10:39:00,1.2,366,0
2023-09-04T10:40:00,1.2,367,0
2023-09-04T10:41:00,1.2,368,0
2023-09-04T10:42:00,1.2,369,0
2023-09-04T10:43:00,1.2,370,0
2023-09-04T10:44:00,1.2,371,0
2023-09-04T10:45:00,1.2,372,0
2023-09-04T10:46:00,1.2,373,0
2023-09-04T10:47:00,1.2,374,0
2023-09-04T10:48:00,1.2,375,0
2023-09-04T10:49:00,1.2,376,0
2023-09-04T10:50:00,1.2,377,0
2023-09-04T10:51:00,1.2,378,0
2023-09-04T10:52:00,1.2,379,0
2023-09-04T10:53:00,1.2,380,0
2023-09-04T10:54:00,1.2,381,0
2023-09-04T10:55:00,1.2,382,0
2023-09-04T10:56:00,1.2,383,0
2023-09-04T10:57:00,1.2,384,0
2023-09-04T10:58:00,1.2,385,0
2023-09-04T10:59:00,1.2,386,0
2023-09-04T11:00:00,1.2,387,0
2023-09-04T11:01:00,1.2,388,0
2023-09-04T11:02:00,1.2,389,0
2023-09-04T11:03:00,1.2,390,0
2023-09-04T11:04:00,1.4,391,0
2023-09-04T11:05:00,1.4,392,0
2023-09-04T11:06:00,1.4,393,0
2023-09-04T11:07:00,1.4,394,0
2023-09-04T11:08:00,1.4,395,0
2023-09-04T11:09:00,1.4,396,0
2023-09-04T11:10:00,1.4,397,0
2023-09-04T11:11:00,1.4,398,0
2023-09-04T11:12:00,1.4,399,0
2023-09-04T11:13:00,1.4,400,0
2023-09-04T11:14:00,1.4,401,0
2023-09-04T11:15:00,1.4,402,0
2023-09-04T11:16:00,1.4,403,0
2023-09-04T11:17:00,1.4,404,0
2023-09-04T11:18:00,1.4,405,0
2023-09-04T11:19:00,1.4,406,0
2023-09-04T11:20:00,1.4,407,0
2023-09-04T11:21:00,1.4,408,0
2023-09-04T11:22:00,1.4,409,0
2023-09-04T11:23:00,1.4,410,0
2023-09-04T11:24:00,1.4,411,0
2023-09-04T11:25:00,1.4,412,0
2023-09-04T11:26:00,1.4,413,0
2023-09-04T11:27:00,1.4,414,0
2023-09-04T11:28:00,1.4,415,0
2023-09-04T11:29:00,1.4,416,0
2023-09-04T11:30:00,1.4,417,0
2023-09-04T11:31:00,1.4,418,0
2023-09-04T11:32:00,1.4,419,0
2023-09-04T11:33:00,1.4,420,0
2023-09-04T11:34:00,1.4,421,0
2023-09-04T11:35:00,1.4,422,0
2023-09-04T11:36:00,1.4,423,0
2023-09-04T11:37:00,1.4,424,0
2023-09-04T11:38:00,1.4,425,0
2023-09-04T11:39:00,1.4,426,0
2023-09-04T11:40:00,1.4,427,0
2023-09-04T11:41:00,1.4,428,0
2023-09-04T11:42:00,1.4,429,0
2023-09-04T11:43:00,1.4,430,0
2023-09-04T11:44:00,1.4,431,0
2023-09-04T11:45:00,1.4,432,0
2023-09-04T11:46:00,1.4,433,0
2023-09-04T11:47:00,1.4,434,0
2023-09-04T11:48:00,1.4,435,0
2023-09-04T11:49:00,1.4,436,0
2023-09-04T11:50:00,1.4,437,0
2023-09-04T11:51:00,1.4,438,0
2023-09-04T11:52:00,1.4,439,0
2023-09-04T11:53:00,1.4,440,0
2023-09-04T11:54:00,1.4,441,0
2023-09-04T11:55:00,1.4,442,0
2023-09-04T11:56:00,1.4,443,0
2023-09-04T11:57:00,1.4,444,0
2023-09-04T11:58:00,1.4,445,0
2023-09-04T11:59:00,1.4,446,0
2023-09-04T12:00:00,0,447,0
2023-09-04T12:01:00,0,448,0
2023-09-04T12:02:00,0,449,0
2023-09-04T12:03:00,0,450,0
2023-09-04T12:04:00,0,451,0
2023-09-04T12:05:00,0.2,452,0
2023-09-04T12:06:00,0.2,453,0
2023-09-04T12:07:00,0.2,454,0
2023-09-04T12:08:00,0.2,455,0
2023-09-04T12:09:00,0.2,456,0
2023-09-04T12:10:00,0.2,457,0
2023-09-04T12:11:00,0.2,458,0
2023-09-04T12:12:00,0.2,459,0
2023-09-04T12:13:00,0.2,460,0
2023-09-04T12:14:00,0.2,461,0
2023-09-04T12:15:00,0.2,462,0
2023-09-04T12:16:00,0.2,463,0
2023-09-04T12:17:00,0.2,464,0
2023-09-04T12:18:00,0.2,465,0
2023-09-04T12:19:00,0.2,466,0
2023-09-04T12:20:00,0.40000001,467,0
2023-09-04T12:21:00,0.40000001,468,0
2023-09-04T12:22:00,0.40000001,469,0
2023-09-04T12:23:00,0.40000001,470,0
2023-09-04T12:24:00,0.40000001,471,0
2023-09-04T12:25:00,0.40000001,472,0
2023-09-04T12:26:00,0.40000001,473,0
2023-09-04T12:27:00,0.40000001,474,0
2023-09-04T12:28:00,0.40000001,475,0
2023-09-04T12:29:00,0.40000001,476,0
2023-09-04T12:30:00,0.40000001,477,0
2023-09-04T12:31:00,0.40000001,478,0
2023-09-04T12:32:00,0.40000001,479,0
2023-09-04T12:33:00,0.40000001,480,0
2023-09-04T12:34:00,0.40000001,481,0
2023-09-04T12:35:00,0.40000001,482,0
2023-09-04T12:36:00,0.40000001,483,0
2023-09-04T12:37:00,0.40000001,484,0
2023-09-04T12:38:00,0.40000001,485,0
2023-09-04T12:39:00,0.60000002,486,0
2023-09-04T12:40:00,0.60000002,487,0
2023-09-04T12:41:00,0.60000002,488,0
2023-09-04T12:42:00,0.60000002,489,0
2023-09-04T12:43:00,0.60000002,490,0
2023-09-04T12:44:00,0.60000002,491,0
2023-09-04T12:45:00,0.60000002,492,0
2023-09-04T12:46:00,0.60000002,493,0
2023-09-04T12:47:00,0.60000002,494,0
2023-09-04T12:48:00,0.80000001,495,0
2023-09-04T12:49:00,0.80000001,496,0
2023-09-04T12:50:00,0.80000001,497,0
2023-09-04T12:51:00,0.80000001,498,0
2023-09-04T12:52:00,0.80000001,499,0
2023-09-04T12:53:00,0.80000001,500,0
2023-09-04T12:54:00,0.80000001,501,0
2023-09-04T12:55:00,0.80000001,502,0
2023-09-04T12:56:00,0.80000001,503,0
2023-09-04T12:57:00,0.80000001,504,0
2023-09-04T12:58:00,0.80000001,505,0
2023-09-04T12:59:00,0.80000001,506,0
2023-09-04T13:00:00,0.80000001,507,0
2023-09-04T13:01:00,0.80000001,508,0
2023-09-04T13:02:00,0.80000001,509,0
2023-09-04T13:03:00,0.80000001,510,0
2023-09-04T13:04:00,0.80000001,511,0
2023-09-04T13:05:00,0.80000001,512,0
2023-09-04T13:06:00,0.80000001,513,0
2023-09-04T13:07:00,0.80000001,514,0
2023-09-04T13:08:00,0.80000001,515,0
2023-09-04T13:09:00,0.80000001,516,0
2023-09-04T13:10:00,0.80000001,517,0
2023-09-04T13:11:00,0.80000001,518,0
2023-09-04T13:12:00,0.80000001,519,0
2023-09-04T13:13:00,0.80000001,520,0
2023-09-04T13:14:00,0.80000001,521,0
2023-09-04T13:15:00,0.80000001,522,0
2023-09-04T13:16:00,0.80000001,523,0
2023-09-04T13:17:00,0.80000001,524,0
2023-09-04T13:18:00,0.80000001,525,0
2023-09-04T13:19:00,0.80000001,526,0
2023-09-04T13:20:00,0.80000001,527,0
2023-09-04T13:21:00,0.80000001,528,0
2023-09-04T13:22:00,0.80000001,529,0
2023-09-04T13:23:00,0.80000001,530,0
2023-09-04T13:24:00,0.80000001,531,0
2023-09-04T13:25:00,0.80000001,532,0
2023-09-04T13:26:00,0.80000001,533,0
2023-09-04T13:27:00,0.80000001,534,0
2023-09-04T13:28:00,0.80000001,535,0
2023-09-04T13:29:00,0.80000001,536,0
2023-09-04T13:30:00,0.80000001,537,0
2023-09-04T13:31:00,0.80000001,538,0
2023-09-04T13:32:00,0.80000001,539,0
2023-09-04T13:33:00,0.80000001,540,0
2023-09-04T13:34:00,0.80000001,541,0
2023-09-04T13:35:00,0.80000001,542,0
2023-09-04T13:36:00,0.80000001,543,0
2023-09-04T13:37:00,0.80000001,544,0
2023-09-04T13:38:00,0.80000001,545,0
2023-09-04T13:39:00,0.80000001,546,0
2023-09-04T13:40:00,1,547,0
2023-09-04T13:41:00,1,548,0
2023-09-04T13:42:00,1,549,0
2023-09-04T13:43:00,1,550,0
2023-09-04T13:44:00,1,551,0
2023-09-04T13:45:00,1,552,0
2023-09-04T13:46:00,1,553,0
2023-09-04T13:47:00,1.2,554,0
2023-09-04T13:48:00,1.2,555,0
2023-09-04T13:49:00,1.2,556,0
2023-09-04T13:50:00,1.2,557,0
2023-09-04T13:51:00,1.2,558,0
2023-09-04T13:52:00,1.4,559,0
2023-09-04T13:53:00,1.4,560,0
2023-09-04T13:54:00,1.4,561,0
2023-09-04T13:55:00,1.4,562,0
2023-09-04T13:56:00,1.4,563,0
2023-09-04T13:57:00,1.4,564,0
2023-09-04T13:58:00,1.4,565,0
2023-09-04T13:59:00,1.6,566,0
2023-09-04T14:00:00,1.6,567,0
2023-09-04T14:01:00,1.6,568,0
2023-09-04T14:02:00,1.6,569,0
2023-09-04T14:03:00,1.6,570,0
2023-09-04T14:04:00,1.6,571,0
2023-09-04T14:05:00,1.6,572,0
2023-09-04T14:06:00,1.6,573,0
2023-09-04T14:07:00,1.6,574,0
2023-09-04T14:08:00,1.6,575,0
2023-09-04T14:09:00,1.6,576,0
2023-09-04T14:10:00,1.6,577,0
2023-09-04T14:11:00,1.6,578,0
2023-09-04T14:12:00,1.6,579,0
2023-09-04T14:13:00,1.6,580,0
2023-09-04T14:14:00,1.6,581,0
2023-09-04T14:15:00,1.6,582,0
2023-09-04T14:16:00,1.6,583,0
2023-09-04T14:17:00,1.6,584,0
2023-09-04T14:18:00,1.6,585,0
2023-09-04T14:19:00,1.6,586,0
2023-09-04T14:20:00,1.6,587,0
2023-09-04T14:21:00,1.6,588,0
2023-09-04T14:22:00,1.6,589,0
2023-09-04T14:23:00,1.6,590,0
2023-09-04T14:24:00,1.6,591,0
2023-09-04T14:25:00,1.6,592,0
2023-09-04T14:26:00,1.6,593,0
2023-09-04T14:27:00,1.6,594,0
2023-09-04T14:28:00,1.6,595,0
2023-09-04T14:29:00,1.6,596,0
2023-09-04T14:30:00,1.6,597,0
2023-09-04T14:31:00,1.8,598,0
2023-09-04T14:32:00,2,599,0
2023-09-04T14:33:00,2.2,600,0
2023-09-04T14:34:00,2.5,601,0
2023-09-04T14:35:00,3,602,0
2023-09-04T14:36:00,3.0999999,603,0
2023-09-04T14:37:00,3.0999999,604,0
2023-09-04T14:38:00,3.0999999,605,0
2023-09-04T14:39:00,3.0999999,606,0
2023-09-04T14:40:00,3.1500001,607,0
2023-09-04T14:41:00,3.1500001,608,0
2023-09-04T14:42:00,3.1500001,609,0
2023-09-04T14:43:00,3.1500001,610,0
2023-09-04T14:44:00,3.1500001,611,0
2023-09-04T14:45:00,3.1500001,612,0
2023-09-04T14:46:00,3.1500001,613,0
2023-09-04T14:47:00,3.1500001,614,0
2023-09-04T14:48:00,3.1500001,615,0
2023-09-04T14:49:00,3.1500001,616,0
2023-09-04T14:50:00,3.1500001,617,0
2023-09-04T14:51:00,3.1500001,618,0
2023-09-04T14:52:00,3.1500001,619,0
2023-09-04T14:53:00,3.1500001,620,0
2023-09-04T14:54:00,3.1500001,621,0
2023-09-04T14:55:00,3.0999999,622,0
2023-09-04T14:56:00,3.0999999,623,0
2023-09-04T14:57:00,3.0999999,624,0
2023-09-04T14:58:00,3.0999999,625,0
2023-09-04T14:59:00,3.0999999,626,0
2023-09-04T15:00:00,0,627,0
2023-09-04T15:01:00,0,628,0
2023-09-04T15:02:00,0.2,629,0
2023-09-04T15:03:00,0.40000001,630,0
2023-09-04T15:04:00,0.60000002,631,0
2023-09-04T15:05:00,0.60000002,632,0
2023-09-04T15:06:00,0.80000001,633,0
2023-09-04T15:07:00,0.80000001,634,0
2023-09-04T15:08:00,0.80000001,635,0
2023-09-04T15:09:00,0.80000001,636,0
2023-09-04T15:10:00,0.80000001,637,0
2023-09-04T15:11:00,1,638,0
2023-09-04T15:12:00,1,639,0
2023-09-04T15:13:00,1,640,0
2023-09-04T15:14:00,1,641,0
2023-09-04T15:15:00,1,642,0
2023-09-04T15:16:00,1.2,643,0
2023-09-04T15:17:00,1.2,644,0
2023-09-04T15:18:00,1.2,645,0
2023-09-04T15:19:00,1.2,646,0
2023-09-04T15:20:00,1.2,647,0
2023-09-04T15:21:00,1.4,648,0
2023-09-04T15:22:00,1.4,649,0
2023-09-04T15:23:00,1.4,650,0
2023-09-04T15:24:00,1.6,651,0
2023-09-04T15:25:00,1.6,652,0
2023-09-04T15:26:00,1.8,653,0
2023-09-04T15:27:00,1.8,654,0
2023-09-04T15:28:00,1.8,655,0
2023-09-04T15:29:00,2,656,0
2023-09-04T15:30:00,2,657,0
2023-09-04T15:31:00,2,658,0
2023-09-04T15:32:00,2.0999999,659,0
2023-09-04T15:33:00,2.0999999,660,0
2023-09-04T15:34:00,2.2,661,0
2023-09-04T15:35:00,2.2,662,0
2023-09-04T15:36:00,2.2,663,0
2023-09-04T15:37:00,2.2,664,0
2023-09-04T15:38:00,2.2,665,0
2023-09-04T15:39:00,2.3,666,0
2023-09-04T15:40:00,2.3,667,0
2023-09-04T15:41:00,2.4000001,668,0
2023-09-04T15:42:00,2.4000001,669,0
2023-09-04T15:43:00,2.5,670,0
2023-09-04T15:44:00,2.5,671,0
2023-09-04T15:45:00,2.5,672,0
2023-09-04T15:46:00,2.5999999,673,0
2023-09-04T15:47:00,2.5999999,674,0
2023-09-04T15:48:00,2.7,675,0
2023-09-04T15:49:00,2.7,676,0
2023-09-04T15:50:00,2.7,677,0
2023-09-04T15:51:00,2.8,678,0
2023-09-04T15:52:00,2.8,679,0
2023-09-04T15:53:00,2.9000001,680,0
2023-09-04T15:54:00,2.9000001,681,0
2023-09-04T15:55:00,3,682,0
2023-09-04T15:56:00,3,683,0
2023-09-04T15:57:00,3,684,0
2023-09-04T15:58:00,3,685,0
2023-09-04T15:59:00,3,686,0
2023-09-04T16:00:00,3,687,0
2023-09-04T16:01:00,3,688,0
2023-09-04T16:02:00,3.05,689,0
2023-09-04T16:03:00,3.05,690,0
2023-09-04T16:04:00,3.05,691,0
2023-09-04T16:05:00,3.0999999,692,0
2023-09-04T16:06:00,3.0999999,693,0
2023-09-04T16:07:00,3.0999999,694,0
2023-09-04T16:08:00,3.1500001,695,0
2023-09-04T16:09:00,3.1500001,696,0
2023-09-04T16:10:00,3.1500001,697,0
2023-09-04T16:11:00,3.1500001,698,0
2023-09-04T16:12:00,3.1500001,699,0
2023-09-04T16:13:00,3.1500001,700,0
2023-09-04T16:14:00,3.1500001,701,0
2023-09-04T16:15:00,3.2,702,0
2023-09-04T16:16:00,3.2,703,0
2023-09-04T16:17:00,3.2,704,0
2023-09-04T16:18:00,3.2,705,0
2023-09-04T16:19:00,3.2,706,0
2023-09-04T16:20:00,3.2,707,0
2023-09-04T16:21:00,3.25,708,0
2023-09-04T16:22:00,3.25,709,0
2023-09-04T16:23:00,3.25,710,0
2023-09-04T16:24:00,3.25,711,0
2023-09-04T16:25:00,3.25,712,0
2023-09-04T16:26:00,3.25,713,0
2023-09-04T16:27:00,3.3,714,0
2023-09-04T16:28:00,3.3,715,0
2023-09-04T16:29:00,3.3,716,0
2023-09-04T16:30:00,3.3,717,0
2023-09-04T16:31:00,3.3,718,0
2023-09-04T16:32:00,3.3,719,0
2023-09-04T16:33:00,3.5,720,0
2023-09-04T16:34:00,3.5,721,0
2023-09-04T16:35:00,3.5,722,0
2023-09-04T16:36:00,3.5,723,0
2023-09-04T16:37:00,3.5,724,0
2023-09-04T16:38:00,3.5,725,0
2023-09-04T16:39:00,3.5,726,0
2023-09-04T16:40:00,3.5,727,0
2023-09-04T16:41:00,3.5,728,0
2023-09-04T16:42:00,3.5,729,0
2023-09-04T16:43:00,3.5,730,0
2023-09-04T16:44:00,3.5,731,0
2023-09-04T16:45:00,3.5,732,0
2023-09-04T16:46:00,3.5,733,0
2023-09-04T16:47:00,3.5,734,0
2023-09-04T16:48:00,3.5,735,0
2023-09-04T16:49:00,3.5,736,0
2023-09-04T16:50:00,3.5,737,0
2023-09-04T16:51:00,3.45,738,0
2023-09-04T16:52:00,3.45,739,0
2023-09-04T16:53:00,3.45,740,0
2023-09-04T16:54:00,3.45,741,0
2023-09-04T16:55:00,3.45,742,0
2023-09-04T16:56:00,3.45,743,0
2023-09-04T16:57:00,3.45,744,0
2023-09-04T16:58:00,3.45,745,0
2023-09-04T16:59:00,3.45,746,0
2023-09-04T17:00:00,3.45,747,0
2023-09-04T17:01:00,3.4000001,748,0
2023-09-04T17:02:00,3.0999999,749,0
2023-09-04T17:03:00,3.0999999,750,0
2023-09-04T17:04:00,3.05,751,0
2023-09-04T17:05:00,3.05,752,0
2023-09-04T17:06:00,3.05,753,0
2023-09-04T17:07:00,3.05,754,0
2023-09-04T17:08:00,3.05,755,0
2023-09-04T17:09:00,3.05,756,0
2023-09-04T17:10:00,3.05,757,0
2023-09-04T17:11:00,3.05,758,0
2023-09-04T17:12:00,3,759,0
2023-09-04T17:13:00,3,760,0
2023-09-04T17:14:00,3,761,0
2023-09-04T17:15:00,3,762,0
2023-09-04T17:16:00,3,763,0
2023-09-04T17:17:00,3,764,0
2023-09-04T17:18:00,3,765,0
2023-09-04T17:19:00,2.9000001,766,0
2023-09-04T17:20:00,2.9000001,767,0
2023-09-04T17:21:00,2.9000001,768,0
2023-09-04T17:22:00,2.9000001,769,0
2023-09-04T17:23:00,2.9000001,770,0
2023-09-04T17:24:00,2.9000001,771,0
2023-09-04T17:25:00,2.9000001,772,0
2023-09-04T17:26:00,2.9000001,773,0
2023-09-04T17:27:00,3,774,0
2023-09-04T17:28:00,3.05,775,0
2023-09-04T17:29:00,3.05,776,0
2023-09-04T17:30:00,3.0999999,777,0
2023-09-04T17:31:00,3.0999999,778,0
2023-09-04T17:32:00,3.0999999,779,0
2023-09-04T17:33:00,3.1500001,780,0
2023-09-04T17:34:00,3.1500001,781,0
2023-09-04T17:35:00,3.1500001,782,0
2023-09-04T17:36:00,3.2,783,0
2023-09-04T17:37:00,3.2,784,0
2023-09-04T17:38:00,3.25,785,0
2023-09-04T17:39:00,3.3,786,0
2023-09-04T17:40:00,3.3499999,787,0
2023-09-04T17:41:00,3.3499999,788,0
2023-09-04T17:42:00,3.3499999,789,0
2023-09-04T17:43:00,3.3499999,790,0
2023-09-04T17:44:00,3.3499999,791,0
2023-09-04T17:45:00,3.3499999,792,0
2023-09-04T17:46:00,3.3499999,793,0
2023-09-04T17:47:00,3.4000001,794,0
2023-09-04T17:48:00,3.4000001,795,0
2023-09-04T17:49:00,3.4000001,796,0
2023-09-04T17:50:00,3.4000001,797,0
2023-09-04T17:51:00,3.4000001,798,0
2023-09-04T17:52:00,3.4000001,799,0
2023-09-04T17:53:00,3.4000001,800,0
2023-09-04T17:54:00,3.45,801,0
2023-09-04T17:55:00,3.45,802,0
2023-09-04T17:56:00,3.45,803,0
2023-09-04T17:57:00,3.45,804,0
2023-09-04T17:58:00,3.45,805,0
2023-09-04T17:59:00,3.45,806,0
2023-09-04T18:00:00,0,807,0
2023-09-04T18:01:00,0,808,0
2023-09-04T18:02:00,0,809,0
2023-09-04T18:03:00,0,810,0
2023-09-04T18:04:00,0,811,0
2023-09-04T18:05:00,0,812,0
2023-09-04T18:06:00,0,813,0
2023-09-04T18:07:00,0,814,0
2023-09-04T18:08:00,0.2,815,0
2023-09-04T18:09:00,0.2,816,0
2023-09-04T18:10:00,0.2,817,0
2023-09-04T18:11:00,0.2,818,0
2023-09-04T18:12:00,0.40000001,819,0
2023-09-04T18:13:00,0.40000001,820,0
2023-09-04T18:14:00,0.40000001,821,0
2023-09-04T18:15:00,0.60000002,822,0
2023-09-04T18:16:00,0.60000002,823,0
2023-09-04T18:17:00,0.60000002,824,0
2023-09-04T18:18:00,0.60000002,825,0
2023-09-04T18:19:00,0.60000002,826,0
2023-09-04T18:20:00,0.60000002,827,0
2023-09-04T18:21:00,0.60000002,828,0
2023-09-04T18:22:00,0.60000002,829,0
2023-09-04T18:23:00,0.60000002,830,0
2023-09-04T18:24:00,0.60000002,831,0
2023-09-04T18:25:00,0.80000001,832,0
2023-09-04T18:26:00,0.80000001,833,0
2023-09-04T18:27:00,1,834,0
2023-09-04T18:28:00,1,835,0
2023-09-04T18:29:00,1,836,0
2023-09-04T18:30:00,1,837,0
2023-09-04T18:31:00,1,838,0
2023-09-04T18:32:00,1,839,0
2023-09-04T18:33:00,1.2,840,0
2023-09-04T18:34:00,1.2,841,0
2023-09-04T18:35:00,1.2,842,0
2023-09-04T18:36:00,1,843,0
2023-09-04T18:37:00,1,844,0
2023-09-04T18:38:00,1,845,0
2023-09-04T18:39:00,1,846,0
2023-09-04T18:40:00,1,847,0
2023-09-04T18:41:00,1,848,0
2023-09-04T18:42:00,1,849,0
2023-09-04T18:43:00,1,850,0
2023-09-04T18:44:00,1,851,0
2023-09-04T18:45:00,1,852,0
2023-09-04T18:46:00,1,853,0
2023-09-04T18:47:00,1,854,0
2023-09-04T18:48:00,1,855,0
2023-09-04T18:49:00,1,856,0
2023-09-04T18:50:00,1,857,0
2023-09-04T18:51:00,1,858,0
2023-09-04T18:52:00,1,859,0
2023-09-04T18:53:00,1,860,0
2023-09-04T18:54:00,1,861,0
2023-09-04T18:55:00,1,862,0
2023-09-04T18:56:00,1,863,0
2023-09-04T18:57:00,1,864,0
2023-09-04T18:58:00,1,865,0
2023-09-04T18:59:00,1,866,0
2023-09-04T19:00:00,1,867,0
2023-09-04T19:01:00,1,868,0
2023-09-04T19:02:00,1,869,0
2023-09-04T19:03:00,1,870,0
2023-09-04T19:04:00,1,871,0
2023-09-04T19:05:00,1,872,0
2023-09-04T19:06:00,1,873,0
2023-09-04T19:07:00,1,874,0
2023-09-04T19:08:00,1,875,0
2023-09-04T19:09:00,1,876,0
2023-09-04T19:10:00,1,877,0
2023-09-04T19:11:00,1,878,0
2023-09-04T19:12:00,1,879,0
2023-09-04T19:13:00,1,880,0
2023-09-04T19:14:00,1,881,0
2023-09-04T19:15:00,1,882,0
2023-09-04T19:16:00,1,883,0
2023-09-04T19:17:00,1,884,0
2023-09-04T19:18:00,0.80000001,885,0
2023-09-04T19:19:00,0.80000001,886,0
2023-09-04T19:20:00,0.80000001,887,0
2023-09-04T19:21:00,0.80000001,888,0
2023-09-04T19:22:00,0.80000001,889,0
2023-09-04T19:23:00,0.80000001,890,0
2023-09-04T19:24:00,0.80000001,891,0
2023-09-04T19:25:00,0.80000001,892,0
2023-09-04T19:26:00,0.80000001,893,0
2023-09-04T19:27:00,0.80000001,894,0
2023-09-04T19:28:00,0.80000001,895,0
2023-09-04T19:29:00,0.80000001,896,0
2023-09-04T19:30:00,1,897,0
2023-09-04T19:31:00,1,898,0
2023-09-04T19:32:00,1.2,899,0
2023-09-04T19:33:00,1.2,900,0
2023-09-04T19:34:00,1.2,901,0
2023-09-04T19:35:00,1.2,902,0
2023-09-04T19:36:00,1.2,903,0
2023-09-04T19:37:00,1.2,904,0
2023-09-04T19:38:00,1.2,905,0
2023-09-04T19:39:00,1.2,906,0
2023-09-04T19:40:00,1.2,907,0
2023-09-04T19:41:00,1.2,908,0
2023-09-04T19:42:00,1.2,909,0
2023-09-04T19:43:00,1.2,910,0
2023-09-04T19:44:00,1.2,911,0
2023-09-04T19:45:00,1.4,912,0
2023-09-04T19:46:00,1.4,913,0
2023-09-04T19:47:00,1.4,914,0
2023-09-04T19:48:00,1.4,915,0
2023-09-04T19:49:00,1.4,916,0
2023-09-04T19:50:00,1.4,917,0
2023-09-04T19:51:00,1.4,918,0
2023-09-04T19:52:00,1.2,919,0
2023-09-04T19:53:00,1.2,920,0
2023-09-04T19:54:00,1.2,921,0
2023-09-04T19:55:00,1.4,922,0
2023-09-04T19:56:00,1.4,923,0
2023-09-04T19:57:00,1.4,924,0
2023-09-04T19:58:00,1.4,925,0
2023-09-04T19:59:00,1.4,926,0
2023-09-04T20:00:00,1.4,927,0
2023-09-04T20:01:00,1.4,928,0
2023-09-04T20:02:00,1.2,929,0
2023-09-04T20:03:00,1.2,930,0
2023-09-04T20:04:00,1.2,931,0
2023-09-04T20:05:00,1.2,932,0
2023-09-04T20:06:00,1.2,933,0
2023-09-04T20:07:00,1.2,934,0
2023-09-04T20:08:00,1.2,935,0
2023-09-04T20:09:00,1.2,936,0
2023-09-04T20:10:00,1.2,937,0
2023-09-04T20:11:00,1.2,938,0
2023-09-04T20:12:00,1.2,939,0
2023-09-04T20:13:00,1.2,940,0
2023-09-04T20:14:00,1.2,941,0
2023-09-04T20:15:00,1.2,942,0
2023-09-04T20:16:00,1.2,943,0
2023-09-04T20:17:00,1.2,944,0
2023-09-04T20:18:00,1.2,945,0
2023-09-04T20:19:00,1,946,0
2023-09-04T20:20:00,1,947,0
2023-09-04T20:21:00,1,948,0
2023-09-04T20:22:00,1,949,0
2023-09-04T20:23:00,1,950,0
2023-09-04T20:24:00,1,951,0
2023-09-04T20:25:00,1,952,0
2023-09-04T20:26:00,1,953,0
2023-09-04T20:27:00,1,954,0
2023-09-04T20:28:00,1,955,0
2023-09-04T20:29:00,1,956,0
2023-09-04T20:30:00,1,957,0
2023-09-04T20:31:00,1,958,0
2023-09-04T20:32:00,1,959,0
2023-09-04T20:33:00,1,960,0
2023-09-04T20:34:00,1,961,0
2023-09-04T20:35:00,1,962,0
2023-09-04T20:36:00,1,963,0
2023-09-04T20:37:00,1,964,0
2023-09-04T20:38:00,1,965,0
2023-09-04T20:39:00,1,966,0
2023-09-04T20:40:00,0.80000001,967,0
2023-09-04T20:41:00,0.80000001,968,0
2023-09-04T20:42:00,0.80000001,969,0
2023-09-04T20:43:00,0.80000001,970,0
2023-09-04T20:44:00,0.80000001,971,0
2023-09-04T20:45:00,0.80000001,972,0
2023-09-04T20:46:00,0.80000001,973,0
2023-09-04T20:47:00,1,974,0
2023-09-04T20:48:00,1,975,0
2023-09-04T20:49:00,1,976,0
2023-09-04T20:50:00,1.2,977,0
2023-09-04T20:51:00,1.2,978,0
2023-09-04T20:52:00,1.4,979,0
2023-09-04T20:53:00,1.4,980,0
2023-09-04T20:54:00,1.6,981,0
2023-09-04T20:55:00,1.6,982,0
2023-09-04T20:56:00,1.6,983,0
2023-09-04T20:57:00,1.6,984,0
2023-09-04T20:58:00,1.6,985,0
2023-09-04T20:59:00,1.8,986,0
2023-09-04T21:00:00,0,987,0
2023-09-04T21:01:00,0,988,0
2023-09-04T21:02:00,0,989,0
2023-09-04T21:03:00,0,990,0
2023-09-04T21:04:00,0,991,0
2023-09-04T21:05:00,0,992,0
2023-09-04T21:06:00,0,993,0
2023-09-04T21:07:00,0,994,0
2023-09-04T21:08:00,0,995,0
2023-09-04T21:09:00,0,996,0
2023-09-04T21:10:00,0,997,0
2023-09-04T21:11:00,0,998,0
2023-09-04T21:12:00,0,999,0
2023-09-04T21:13:00,0,1000,0
2023-09-04T21:14:00,0,1001,0
2023-09-04T21:15:00,0,1002,0
2023-09-04T21:16:00,0,1003,0
2023-09-04T21:17:00,0,1004,0
2023-09-04T21:18:00,0.2,1005,0
2023-09-04T21:19:00,0.2,1006,0
2023-09-04T21:20:00,0.2,1007,0
2023-09-04T21:21:00,0.2,1008,0
2023-09-04T21:22:00,0.2,1009,0
2023-09-04T21:23:00,0.2,1010,0
2023-09-04T21:24:00,0.2,1011,0
2023-09-04T21:25:00,0.2,1012,0
2023-09-04T21:26:00,0.2,1013,0
2023-09-04T21:27:00,0.2,1014,0
2023-09-04T21:28:00,0.2,1015,0
2023-09-04T21:29:00,0.40000001,1016,0
2023-09-04T21:30:00,0.40000001,1017,0
2023-09-04T21:31:00,0.60000002,1018,0
2023-09-04T21:32:00,0.60000002,1019,0
2023-09-04T21:33:00,0.80000001,1020,0
2023-09-04T21:34:00,0.80000001,1021,0
2023-09-04T21:35:00,0.80000001,1022,0
2023-09-04T21:36:00,0.80000001,1023,0
2023-09-04T21:37:00,0.80000001,1024,0
2023-09-04T21:38:00,0.80000001,1025,0
2023-09-04T21:39:00,0.80000001,1026,0
2023-09-04T21:40:00,0.80000001,1027,0
2023-09-04T21:41:00,0.80000001,1028,0
2023-09-04T21:42:00,0.80000001,1029,0
2023-09-04T21:43:00,0.80000001,1030,0
2023-09-04T21:44:00,0.80000001,1031,0
2023-09-04T21:45:00,0.80000001,1032,0
2023-09-04T21:46:00,0.80000001,1033,0
2023-09-04T21:47:00,0.80000001,1034,0
2023-09-04T21:48:00,0.80000001,1035,0
2023-09-04T21:49:00,0.80000001,1036,0
2023-09-04T21:50:00,0.80000001,1037,0
2023-09-04T21:51:00,0.80000001,1038,0
2023-09-04T21:52:00,0.80000001,1039,0
2023-09-04T21:53:00,0.80000001,1040,0
2023-09-04T21:54:00,0.80000001,1041,0
2023-09-04T21:55:00,0.80000001,1042,0
2023-09-04T21:56:00,0.80000001,1043,0
2023-09-04T21:57:00,0.80000001,1044,0
2023-09-04T21:58:00,0.80000001,1045,0
2023-09-04T21:59:00,0.80000001,1046,0
2023-09-04T22:00:00,0.80000001,1047,0
2023-09-04T22:01:00,0.80000001,1048,0
2023-09-04T22:02:00,0.80000001,1049,0
2023-09-04T22:03:00,0.80000001,1050,0
2023-09-04T22:04:00,0.80000001,1051,0
2023-09-04T22:05:00,0.80000001,1052,0
2023-09-04T22:06:00,0.80000001,1053,0
2023-09-04T22:07:00,0.80000001,1054,0
2023-09-04T22:08:00,0.80000001,1055,0
2023-09-04T22:09:00,0.80000001,1056,0
2023-09-04T22:10:00,0.80000001,1057,0
2023-09-04T22:11:00,0.80000001,1058,0
2023-09-04T22:12:00,0.80000001,1059,0
2023-09-04T22:13:00,0.80000001,1060,0
2023-09-04T22:14:00,0.80000001,1061,0
2023-09-04T22:15:00,0.80000001,1062,0
2023-09-04T22:16:00,0.80000001,1063,0
2023-09-04T22:17:00,0.80000001,1064,0
2023-09-04T22:18:00,0.80000001,1065,0
2023-09-04T22:19:00,0.80000001,1066,0
2023-09-04T22:20:00,0.80000001,1067,0
2023-09-04T22:21:00,0.80000001,1068,0
2023-09-04T22:22:00,0.80000001,1069,0
2023-09-04T22:23:00,0.80000001,1070,0
2023-09-04T22:24:00,0.80000001,1071,0
2023-09-04T22:25:00,0.80000001,1072,0
2023-09-04T22:26:00,0.80000001,1073,0
2023-09-04T22:27:00,0.80000001,1074,0
2023-09-04T22:28:00,0.80000001,1075,0
2023-09-04T22:29:00,0.80000001,1076,0
2023-09-04T22:30:00,0.80000001,1077,0
2023-09-04T22:31:00,0.80000001,1078,0
2023-09-04T22:32:00,0.80000001,1079,0
2023-09-04T22:33:00,0.80000001,1080,0
2023-09-04T22:34:00,0.80000001,1081,0
2023-09-04T22:35:00,0.80000001,1082,0
2023-09-04T22:36:00,0.80000001,1083,0
2023-09-04T22:37:00,0.80000001,1084,0
2023-09-04T22:38:00,0.80000001,1085,0
2023-09-04T22:39:00,0.80000001,1086,0
2023-09-04T22:40:00,0.80000001,1087,0
2023-09-04T22:41:00,0.80000001,1088,0
2023-09-04T22:42:00,0.80000001,1089,0
2023-09-04T22:43:00,0.80000001,1090,0
2023-09-04T22:44:00,0.80000001,1091,0
2023-09-04T22:45:00,0.80000001,1092,0
2023-09-04T22:46:00,0.80000001,1093,0
2023-09-04T22:47:00,0.80000001,1094,0
2023-09-04T22:48:00,0.80000001,1095,0
2023-09-04T22:49:00,0.80000001,1096,0
2023-09-04T22:50:00,0.80000001,1097,0
2023-09-04T22:51:00,0.80000001,1098,0
2023-09-04T22:52:00,1,1099,0
2023-09-04T22:53:00,1,1100,0
2023-09-04T22:54:00,1,1101,0
2023-09-04T22:55:00,1,1102,0
2023-09-04T22:56:00,1,1103,0
2023-09-04T22:57:00,1,1104,0
2023-09-04T22:58:00,1,1105,0
2023-09-04T22:59:00,1,1106,0
2023-09-04T23:00:00,1,1107,0
2023-09-04T23:01:00,1,1108,0
2023-09-04T23:02:00,1,1109,0
2023-09-04T23:03:00,1,1110,0
2023-09-04T23:04:00,1,1111,0
2023-09-04T23:05:00,1,1112,0
2023-09-04T23:06:00,1,1113,0
2023-09-04T23:07:00,1,1114,0
2023-09-04T23:08:00,1,1115,0
2023-09-04T23:09:00,1.2,1116,0
2023-09-04T23:10:00,1.2,1117,0
2023-09-04T23:11:00,1.2,1118,0
2023-09-04T23:12:00,1.2,1119,0
2023-09-04T23:13:00,1.2,1120,0
2023-09-04T23:14:00,1.2,1121,0
2023-09-04T23:15:00,1.2,1122,0
2023-09-04T23:16:00,1.2,1123,0
2023-09-04T23:17:00,1.2,1124,0
2023-09-04T23:18:00,1.2,1125,0
2023-09-04T23:19:00,1.4,1126,0
2023-09-04T23:20:00,1.4,1127,0
2023-09-04T23:21:00,1.4,1128,0
2023-09-04T23:22:00,1.4,1129,0
2023-09-04T23:23:00,1.4,1130,0
2023-09-04T23:24:00,1.4,1131,0
2023-09-04T23:25:00,1.4,1132,0
2023-09-04T23:26:00,1.4,1133,0
2023-09-04T23:27:00,1.4,1134,0
2023-09-04T23:28:00,1.4,1135,0
2023-09-04T23:29:00,1.4,1136,0
2023-09-04T23:30:00,1.4,1137,0
2023-09-04T23:31:00,1.4,1138,0
2023-09-04T23:32:00,1.4,1139,0
2023-09-04T23:33:00,1.4,1140,0
2023-09-04T23:34:00,1.4,1141,0
2023-09-04T23:35:00,1.4,1142,0
2023-09-04T23:36:00,1.2,1143,0
2023-09-04T23:37:00,1.2,1144,0
2023-09-04T23:38:00,1.2,1145,0
2023-09-04T23:39:00,1.4,1146,0
2023-09-04T23:40:00,1.4,1147,0
2023-09-04T23:41:00,1.4,1148,0
2023-09-04T23:42:00,1.4,1149,0
2023-09-04T23:43:00,1.4,1150,0
2023-09-04T23:44:00,1.2,1151,0
2023-09-04T23:45:00,1.2,1152,0
2023-09-04T23:46:00,1.2,1153,0
2023-09-04T23:47:00,1.2,1154,0
2023-09-04T23:48:00,1.2,1155,0
2023-09-04T23:49:00,1.2,1156,0
2023-09-04T23:50:00,1.2,1157,0
2023-09-04T23:51:00,1.4,1158,0
2023-09-04T23:52:00,1.2,1159,0
2023-09-04T23:53:00,1.2,1160,0
2023-09-04T23:54:00,1.2,1161,0
2023-09-04T23:55:00,1.4,1162,0
2023-09-04T23:56:00,1.4,1163,0
2023-09-04T23:57:00,1.4,1164,0
2023-09-04T23:58:00,1.4,1165,0
2023-09-05T00:00:00,0,1166,0
2023-09-05T00:01:00,0,1167,0
2023-09-05T00:02:00,0.2,1168,0
2023-09-05T00:03:00,0.2,1169,0
2023-09-05T00:04:00,0.40000001,1170,0
2023-09-05T00:05:00,0.40000001,1171,0
2023-09-05T00:06:00,0.40000001,1172,0
2023-09-05T00:07:00,0.60000002,1173,0
2023-09-05T00:08:00,0.60000002,1174,0
2023-09-05T00:09:00,0.60000002,1175,0
2023-09-05T00:10:00,0.60000002,1176,0
2023-09-05T00:11:00,0.60000002,1177,0
2023-09-05T00:12:00,0.60000002,1178,0
2023-09-05T00:13:00,0.60000002,1179,0
2023-09-05T00:14:00,0.60000002,1180,0
2023-09-05T00:15:00,0.60000002,1181,0
2023-09-05T00:16:00,0.60000002,1182,0
2023-09-05T00:17:00,0.60000002,1183,0
2023-09-05T00:18:00,0.60000002,1184,0
2023-09-05T00:19:00,0.60000002,1185,0
2023-09-05T00:20:00,0.60000002,1186,0
2023-09-05T00:21:00,0.60000002,1187,0
2023-09-05T00:22:00,0.60000002,1188,0
2023-09-05T00:23:00,0.60000002,1189,0
2023-09-05T00:24:00,0.60000002,1190,0
2023-09-05T00:25:00,0.60000002,1191,0
2023-09-05T00:26:00,0.40000001,1192,0
2023-09-05T00:27:00,0.40000001,1193,0
2023-09-05T00:28:00,0.40000001,1194,0
2023-09-05T00:29:00,0.40000001,1195,0
2023-09-05T00:30:00,0.40000001,1196,0
2023-09-05T00:31:00,0.40000001,1197,0
2023-09-05T00:32:00,0.40000001,1198,0
2023-09-05T00:33:00,0.40000001,1199,0
2023-09-05T00:34:00,0.40000001,1200,0
2023-09-05T00:35:00,0.40000001,1201,0
2023-09-05T00:36:00,0.40000001,1202,0
2023-09-05T00:37:00,0.40000001,1203,0
2023-09-05T00:38:00,0.40000001,1204,0
2023-09-05T00:39:00,0.40000001,1205,0
2023-09-05T00:40:00,0.40000001,1206,0
2023-09-05T00:41:00,0.40000001,1207,0
2023-09-05T00:42:00,0.40000001,1208,0
2023-09-05T00:43:00,0.60000002,1209,0
2023-09-05T00:44:00,0.60000002,1210,0
2023-09-05T00:45:00,0.60000002,1211,0
2023-09-05T00:46:00,0.60000002,1212,0
2023-09-05T00:47:00,0.60000002,1213,0
2023-09-05T00:48:00,0.60000002,1214,0
2023-09-05T00:49:00,0.60000002,1215,0
2023-09-05T00:50:00,0.60000002,1216,0
2023-09-05T00:51:00,0.60000002,1217,0
2023-09-05T00:52:00,0.60000002,1218,0
2023-09-05T00:53:00,0.60000002,1219,0
2023-09-05T00:54:00,0.60000002,1220,0
2023-09-05T00:55:00,0.60000002,1221,0
2023-09-05T00:56:00,0.60000002,1222,0
2023-09-05T00:57:00,0.60000002,1223,0
2023-09-05T00:58:00,0.60000002,1224,0
2023-09-05T00:59:00,0.60000002,1225,0
2023-09-05T01:00:00,0.60000002,1226,0
2023-09-05T01:01:00,0.60000002,1227,0
2023-09-05T01:02:00,0.60000002,1228,0
2023-09-05T01:03:00,0.60000002,1229,0
2023-09-05T01:04:00,0.60000002,1230,0
2023-09-05T01:05:00,0.60000002,1231,0
2023-09-05T01:06:00,0.60000002,1232,0
2023-09-05T01:07:00,0.60000002,1233,0
2023-09-05T01:08:00,0.60000002,1234,0
2023-09-05T01:09:00,0.60000002,1235,0
2023-09-05T01:10:00,0.60000002,1236,0
2023-09-05T01:11:00,0.60000002,1237,0
2023-09-05T01:12:00,0.60000002,1238,0
2023-09-05T01:13:00,0.60000002,1239,0
2023-09-05T01:14:00,0.60000002,1240,0
2023-09-05T01:15:00,0.60000002,1241,0
2023-09-05T01:16:00,0.60000002,1242,0
2023-09-05T01:17:00,0.60000002,1243,0
2023-09-05T01:18:00,0.60000002,1244,0
2023-09-05T01:19:00,0.60000002,1245,0
2023-09-05T01:20:00,0.60000002,1246,0
2023-09-05T01:21:00,0.80000001,1247,0
2023-09-05T01:22:00,0.80000001,1248,0
2023-09-05T01:23:00,0.80000001,1249,0
2023-09-05T01:24:00,0.80000001,1250,0
2023-09-05T01:25:00,0.80000001,1251,0
2023-09-05T01:26:00,0.80000001,1252,0
2023-09-05T01:27:00,0.80000001,1253,0
2023-09-05T01:28:00,0.80000001,1254,0
2023-09-05T01:29:00,0.80000001,1255,0
2023-09-05T01:30:00,0.80000001,1256,0
2023-09-05T01:31:00,0.80000001,1257,0
2023-09-05T01:32:00,0.80000001,1258,0
2023-09-05T01:33:00,0.80000001,1259,0
2023-09-05T01:34:00,0.80000001,1260,0
2023-09-05T01:35:00,0.80000001,1261,0
2023-09-05T01:36:00,0.80000001,1262,0
2023-09-05T01:37:00,0.80000001,1263,0
2023-09-05T01:38:00,0.80000001,1264,0
2023-09-05T01:39:00,0.80000001,1265,0
2023-09-05T01:40:00,0.80000001,1266,0
2023-09-05T01:41:00,0.80000001,1267,0
2023-09-05T01:42:00,0.80000001,1268,0
2023-09-05T01:43:00,0.80000001,1269,0
2023-09-05T01:44:00,0.80000001,1270,0
2023-09-05T01:45:00,0.80000001,1271,0
2023-09-05T01:46:00,0.80000001,1272,0
2023-09-05T01:47:00,0.80000001,1273,0
2023-09-05T01:48:00,0.80000001,1274,0
2023-09-05T01:49:00,0.80000001,1275,0
2023-09-05T01:50:00,0.80000001,1276,0
2023-09-05T01:51:00,0.80000001,1277,0
2023-09-05T01:52:00,0.80000001,1278,0
2023-09-05T01:53:00,0.80000001,1279,0
2023-09-05T01:54:00,0.80000001,1280,0
2023-09-05T01:55:00,0.80000001,1281,0
2023-09-05T01:56:00,0.80000001,1282,0
2023-09-05T01:57:00,0.80000001,1283,0
2023-09-05T01:58:00,0.80000001,1284,0
2023-09-05T01:59:00,0.80000001,1285,0
2023-09-05T02:00:00,0.80000001,1286,0
2023-09-05T02:01:00,0.80000001,1287,0
2023-09-05T02:02:00,0.80000001,1288,0
2023-09-05T02:03:00,0.80000001,1289,0
2023-09-05T02:04:00,0.80000001,1290,0
2023-09-05T02:05:00,0.80000001,1291,0
2023-09-05T02:06:00,1,1292,0
2023-09-05T02:07:00,1,1293,0
2023-09-05T02:08:00,1,1294,0
2023-09-05T02:09:00,1,1295,0
2023-09-05T02:10:00,1,1296,0
2023-09-05T02:11:00,1,1297,0
2023-09-05T02:12:00,1,1298,0
2023-09-05T02:13:00,1,1299,0
2023-09-05T02:14:00,1,1300,0
2023-09-05T02:15:00,1,1301,0
2023-09-05T02:16:00,1,1302,0
2023-09-05T02:17:00,1,1303,0
2023-09-05T02:18:00,1,1304,0
2023-09-05T02:19:00,1,1305,0
2023-09-05T02:20:00,1,1306,0
2023-09-05T02:21:00,1,1307,0
2023-09-05T02:22:00,1,1308,0
2023-09-05T02:23:00,1,1309,0
2023-09-05T02:24:00,1,1310,0
2023-09-05T02:25:00,1,1311,0
2023-09-05T02:26:00,1,1312,0
2023-09-05T02:27:00,1,1313,0
2023-09-05T02:28:00,1,1314,0
2023-09-05T02:29:00,1,1315,0
2023-09-05T02:30:00,1,1316,0
2023-09-05T02:31:00,1,1317,0
2023-09-05T02:32:00,1,1318,0
2023-09-05T02:33:00,1,1319,0
2023-09-05T02:34:00,1,1320,0
2023-09-05T02:35:00,1,1321,0
2023-09-05T02:36:00,1,1322,0
2023-09-05T02:37:00,1,1323,0
2023-09-05T02:38:00,1,1324,0
2023-09-05T02:39:00,1,1325,0
2023-09-05T02:40:00,1,1326,0
2023-09-05T02:41:00,1,1327,0
2023-09-05T02:42:00,1,1328,0
2023-09-05T02:43:00,1,1329,0
2023-09-05T02:44:00,1,1330,0
2023-09-05T02:45:00,1,1331,0
2023-09-05T02:46:00,1,1332,0
2023-09-05T02:47:00,1,1333,0
2023-09-05T02:48:00,1,1334,0
2023-09-05T02:49:00,1,1335,0
2023-09-05T02:50:00,1,1336,0
2023-09-05T02:51:00,1,1337,0
2023-09-05T02:52:00,1,1338,0
2023-09-05T02:53:00,1,1339,0
2023-09-05T02:54:00,1,1340,0
2023-09-05T02:55:00,1,1341,0
2023-09-05T02:56:00,1,1342,0
2023-09-05T02:57:00,1,1343,0
2023-09-05T02:58:00,1,1344,0
2023-09-05T02:59:00,1,1345,0
2023-09-05T03:00:00,0,1346,0
2023-09-05T03:01:00,0,1347,0
2023-09-05T03:02:00,0,1348,0
2023-09-05T03:03:00,0,1349,0
2023-09-05T03:04:00,0,1350,0
2023-09-05T03:05:00,0,1351,0
2023-09-05T03:06:00,0,1352,0
2023-09-05T03:07:00,0,1353,0
2023-09-05T03:08:00,0,1354,0
2023-09-05T03:09:00,0.2,1355,0
2023-09-05T03:10:00,0.2,1356,0
2023-09-05T03:11:00,0.2,1357,0
2023-09-05T03:12:00,0.2,1358,0
2023-09-05T03:13:00,0.2,1359,0
2023-09-05T03:14:00,0.2,1360,0
2023-09-05T03:15:00,0.2,1361,0
2023-09-05T03:16:00,0.2,1362,0
2023-09-05T03:17:00,0.2,1363,0
2023-09-05T03:18:00,0.2,1364,0
2023-09-05T03:19:00,0.40000001,1365,0
2023-09-05T03:20:00,0.80000001,1366,0
2023-09-05T03:21:00,1,1367,0
2023-09-05T03:22:00,1,1368,0
2023-09-05T03:23:00,1,1369,0
2023-09-05T03:24:00,1,1370,0
2023-09-05T03:25:00,1,1371,0
2023-09-05T03:26:00,1,1372,0
2023-09-05T03:27:00,1,1373,0
2023-09-05T03:28:00,1,1374,0
2023-09-05T03:29:00,1,1375,0
2023-09-05T03:30:00,1,1376,0
2023-09-05T03:31:00,1,1377,0
2023-09-05T03:32:00,1,1378,0
2023-09-05T03:33:00,1.2,1379,0
2023-09-05T03:34:00,1.2,1380,0
2023-09-05T03:35:00,1.2,1381,0
2023-09-05T03:36:00,1.2,1382,0
2023-09-05T03:37:00,1.2,1383,0
2023-09-05T03:38:00,1.2,1384,0
2023-09-05T03:39:00,1.2,1385,0
2023-09-05T03:40:00,1.2,1386,0
2023-09-05T03:41:00,1.2,1387,0
2023-09-05T03:42:00,1.2,1388,0
2023-09-05T03:43:00,1.2,1389,0
2023-09-05T03:44:00,1.2,1390,0
2023-09-05T03:45:00,1.2,1391,0
2023-09-05T03:46:00,1.2,1392,0
2023-09-05T03:47:00,1.2,1393,0
2023-09-05T03:48:00,1.2,1394,0
2023-09-05T03:49:00,1.2,1395,0
2023-09-05T03:50:00,1.2,1396,0
2023-09-05T03:51:00,1.2,1397,0
2023-09-05T03:52:00,1.2,1398,0
2023-09-05T03:53:00,1.2,1399,0
2023-09-05T03:54:00,1.2,1400,0
2023-09-05T03:55:00,1.2,1401,0
2023-09-05T03:56:00,1.2,1402,0
2023-09-05T03:57:00,1.2,1403,0
2023-09-05T03:58:00,1.2,1404,0
2023-09-05T03:59:00,1.2,1405,0
2023-09-05T04:00:00,1.2,1406,0
2023-09-05T04:01:00,1.2,1407,0
2023-09-05T04:02:00,1.2,1408,0
2023-09-05T04:03:00,1.2,1409,0
2023-09-05T04:04:00,1.2,1410,0
2023-09-05T04:05:00,1.2,1411,0
2023-09-05T04:06:00,1.2,1412,0
2023-09-05T04:07:00,1.2,1413,0
2023-09-05T04:08:00,1.2,1414,0
2023-09-05T04:09:00,1.2,1415,0
2023-09-05T04:10:00,1.2,1416,0
2023-09-05T04:11:00,1.2,1417,0
2023-09-05T04:12:00,1.2,1418,0
2023-09-05T04:13:00,1.2,1419,0
2023-09-05T04:14:00,1.2,1420,0
2023-09-05T04:15:00,1.2,1421,0
2023-09-05T04:16:00,1.2,1422,0
2023-09-05T04:17:00,1.2,1423,0
2023-09-05T04:18:00,1.2,1424,0
2023-09-05T04:19:00,1.2,1425,0
2023-09-05T04:20:00,1.2,1426,0
2023-09-05T04:21:00,1.2,1427,0
2023-09-05T04:22:00,1.2,1428,0
2023-09-05T04:23:00,1.2,1429,0
2023-09-05T04:24:00,1.2,1430,0
2023-09-05T04:25:00,1.2,1431,0
2023-09-05T04:26:00,1.2,1432,0
2023-09-05T04:27:00,1.2,1433,0
2023-09-05T04:28:00,1.2,1434,0
2023-09-05T04:29:00,1.2,1435,0
2023-09-05T04:30:00,1.2,1436,0
