time_tag,smoothed_ssn,f10.7,record_Id,record_Id_0
,,,0,
2020-05,0.676317,67.9595,1,0
2020-06,1.03435,68.0823,2,0
2020-07,1.44006,68.2226,3,0
2020-08,1.93463,68.3953,4,0
2020-09,2.60625,68.6326,5,0
2020-10,3.313,68.8858,6,0
2020-11,4.12619,69.1815,7,0
2020-12,5.17461,69.5695,8,0
2021-01,6.23012,69.9679,9,0
2021-02,7.40125,70.4188,10,0
2021-03,8.69083,70.9259,11,0
2021-04,10.2862,71.5685,12,0
2021-05,11.8281,72.2052,13,0
2021-06,13.7028,72.9996,14,0
2021-07,15.4936,73.7787,15,0
2021-08,17.3933,74.6264,16,0
2021-09,19.6598,75.6653,17,0
2021-10,21.7871,76.667,18,0
2021-11,24.0092,77.74,19,0
2021-12,26.6199,79.0341,20,0
2022-01,29.0351,80.2625,21,0
2022-02,31.5258,81.5595,22,0
2022-03,34.0887,82.9247,23,0
2022-04,37.0537,84.5414,24,0
2022-05,39.7457,86.0423,25,0
2022-06,42.8326,87.8002,26,0
2022-07,45.6229,89.4213,27,0
2022-08,48.4406,91.0878,28,0
2022-09,51.639,93.0132,29,0
2022-10,54.5016,94.7653,30,0
2022-11,57.3662,96.5442,31,0
2022-12,60.587,98.5731,32,0
2023-01,63.443,100.396,33,0
2023-02,66.2761,102.225,34,0
2023-03,69.0833,104.056,35,0
2023-04,72.2059,106.113,36,0
2023-05,74.9336,107.927,37,0
2023-06,77.9446,109.945,38,0
2023-07,80.5656,111.714,39,0
2023-08,83.1205,113.45,40,0
2023-09,85.9135,115.358,41,0
2023-10,88.3206,117.01,42,0
2023-11,90.6441,118.612,43,0
2023-12,93.1569,120.351,44,0
2024-01,95.298,121.837,45,0
2024-02,97.3416,123.259,46,0
2024-03,99.287,124.616,47,0
2024-04,101.357,126.063,48,0
2024-05,103.083,127.271,49,0
2024-06,104.895,128.541,50,0
2024-07,106.391,129.59,51,0
2024-08,107.771,130.559,52,0
2024-09,109.187,131.554,53,0
2024-10,110.324,132.354,54,0
2024-11,111.343,133.07,55,0
2024-12,112.348,133.777,56,0
2025-01,113.117,134.318,57,0
2025-02,113.767,134.776,58,0
2025-03,114.3,135.15,59,0
2025-04,114.759,135.474,60,0
2025-05,115.043,135.674,61,0
2025-06,115.226,135.802,62,0
2025-07,115.267,135.831,63,0
2025-08,115.197,135.782,64,0
2025-09,114.987,135.634,65,0
2025-10,114.685,135.422,66,0
2025-11,114.279,135.136,67,0
2025-12,113.7,134.728,68,0
2026-01,113.078,134.291,69,0
2026-02,112.361,133.786,70,0
2026-03,111.55,133.216,71,0
2026-04,110.529,132.498,72,0
2026-05,109.53,131.796,73,0
2026-06,108.308,130.937,74,0
2026-07,107.136,130.113,75,0
2026-08,105.89,129.239,76,0
2026-09,104.402,128.195,77,0
2026-10,103.007,127.217,78,0
2026-11,101.55,126.197,79,0
2026-12,99.8394,125.002,80,0
2027-01,98.2581,123.898,81,0
2027-02,96.6281,122.762,82,0
2027-03,94.9508,121.595,83,0
2027-04,93.0091,120.248,84,0
2027-05,91.2443,119.027,85,0
2027-06,89.2168,117.627,86,0
2027-07,87.3791,116.363,87,0
2027-08,85.5173,115.086,88,0
2027-09,83.3946,113.636,89,0
2027-10,81.4847,112.337,90,0
2027-11,79.562,111.035,91,0
2027-12,77.3843,109.568,92,0
2028-01,75.4369,108.263,93,0
2028-02,73.4873,106.963,94,0
2028-03,71.536,105.67,95,0
2028-04,69.3389,104.223,96,0
2028-05,67.3936,102.952,97,0
2028-06,65.2137,101.537,98,0
2028-07,63.2844,100.294,99,0
2028-08,61.3711,99.0713,100,0
2028-09,59.2368,97.7189,101,0
2028-10,57.3562,96.5379,102,0
2028-11,55.4987,95.3816,103,0
2028-12,53.4354,94.1096,104,0
2029-01,51.6249,93.0046,105,0
2029-02,49.8434,91.9279,106,0
2029-03,48.0897,90.8787,107,0
2029-04,46.1492,89.7304,108,0
2029-05,44.4597,88.7419,109,0
2029-06,42.5974,87.6649,110,0
2029-07,40.9753,86.7379,111,0
2029-08,39.3902,85.8424,112,0
2029-09,37.649,84.8707,113,0
2029-10,36.1376,84.0378,114,0
2029-11,34.6654,83.2361,115,0
2029-12,33.0536,82.3697,116,0
2030-01,31.6592,81.6298,117,0
2030-02,30.3051,80.9201,118,0
2030-03,28.9893,80.239,119,0
2030-04,27.5528,79.5052,120,0
2030-05,26.3189,78.8831,121,0
2030-06,24.9764,78.2153,122,0
2030-07,23.8222,77.6486,123,0
2030-08,22.7078,77.1083,124,0
2030-09,21.499,76.5299,125,0
2030-10,20.4628,76.0405,126,0
2030-11,19.4651,75.5749,127,0
2030-12,18.3861,75.0778,128,0
2031-01,17.4638,74.6582,129,0
2031-02,16.5781,74.26,130,0
2031-03,15.7271,73.8818,131,0
2031-04,14.8088,73.4785,132,0
2031-05,14.0291,73.1401,133,0
2031-06,13.1904,72.7803,134,0
2031-07,12.4776,72.478,135,0
2031-08,11.7966,72.1921,136,0
2031-09,11.0661,71.8887,137,0
2031-10,10.4469,71.6342,138,0
2031-11,9.85684,71.394,139,0
2031-12,9.22555,71.1395,140,0
2032-01,8.6918,70.9263,141,0
2032-02,8.18443,70.7255,142,0
2032-03,7.70176,70.536,143,0
2032-04,7.18645,70.3354,144,0
2032-05,6.75349,70.1682,145,0
2032-06,6.29265,69.9917,146,0
2032-07,5.90499,69.8444,147,0
2032-08,5.53824,69.7059,148,0
2032-09,5.14887,69.5599,149,0
2032-10,4.82214,69.4382,150,0
2032-11,4.51375,69.324,151,0
2032-12,4.18714,69.2038,152,0
2033-01,3.91374,69.1038,153,0
2033-02,3.65629,69.01,154,0
2033-03,3.41364,68.9221,155,0
2033-04,3.15713,68.8296,156,0
2033-05,2.94372,68.753,157,0
2033-06,2.71876,68.6727,158,0
2033-07,2.53137,68.606,159,0
2033-08,2.35569,68.5437,160,0
2033-09,2.17095,68.4784,161,0
2033-10,2.01742,68.4244,162,0
2033-11,1.87379,68.374,163,0
2033-12,1.72312,68.3212,164,0
2034-01,1.59818,68.2776,165,0
2034-02,1.48157,68.2371,166,0
2034-03,1.37262,68.1992,167,0
2034-04,1.25852,68.1597,168,0
2034-05,1.16447,68.1272,169,0
2034-06,1.06625,68.0933,170,0
2034-07,0.985176,68.0654,171,0
2034-08,0.909825,68.0395,172,0
2034-09,0.831309,68.0125,173,0
2034-10,0.766647,67.9904,174,0
2034-11,0.706676,67.9698,175,0
2034-12,0.644324,67.9485,176,0
2035-01,0.593088,67.9311,177,0
2035-02,0.545667,67.9149,178,0
2035-03,0.501737,67.8999,179,0
2035-04,0.456136,67.8844,180,0
2035-05,0.418881,67.8717,181,0
2035-06,0.380317,67.8586,182,0
2035-07,0.348766,67.8479,183,0
2035-08,0.319685,67.838,184,0
2035-09,0.289645,67.8279,185,0
2035-10,0.265123,67.8196,186,0
2035-11,0.242566,67.8119,187,0
2035-12,0.219315,67.804,188,0
2036-01,0.200376,67.7976,189,0
2036-02,0.182989,67.7918,190,0
2036-03,0.167012,67.7864,191,0
2036-04,0.150569,67.7808,192,0
2036-05,0.137251,67.7763,193,0
2036-06,0.123582,67.7717,194,0
2036-07,0.112494,67.7679,195,0
2036-08,0.102356,67.7645,196,0
2036-09,0.091972,67.761,197,0
2036-10,0.083567,67.7582,198,0
2036-11,0.0758967,67.7556,199,0
2036-12,0.0680572,67.7529,200,0
2037-01,0.0617248,67.7508,201,0
2037-02,0.0559573,67.7489,202,0
2037-03,0.0506992,67.7471,203,0
2037-04,0.0453328,67.7453,204,0
2037-05,0.0410224,67.7438,205,0
2037-06,0.036635,67.7423,206,0
2037-07,0.0331056,67.7412,207,0
2037-08,0.0299036,67.7401,208,0
2037-09,0.026651,67.739,209,0
2037-10,0.0240399,67.7381,210,0
2037-11,0.0216756,67.7373,211,0
2037-12,0.0192788,67.7365,212,0
2038-01,0.0173586,67.7358,213,0
2038-02,0.0156232,67.7353,214,0
2038-03,0.0140532,67.7347,215,0
2038-04,0.0124639,67.7342,216,0
2038-05,0.0111977,67.7338,217,0
2038-06,0.00991935,67.7333,218,0
2038-07,0.00889933,67.733,219,0
2038-08,0.00798095,67.7327,220,0
2038-09,0.0070556,67.7324,221,0
2038-10,0.00631874,67.7321,222,0
2038-11,0.00565655,67.7319,223,0
2038-12,0.00499066,67.7317,224,0
2039-01,0.00446148,67.7315,225,0
2039-02,0.00398682,67.7313,226,0
2039-03,0.00356063,67.7312,227,0
2039-04,0.00313263,67.7311,228,0
2039-05,0.00279437,67.7309,229,0
2039-06,0.00245557,67.7308,230,0
2039-07,0.00218739,67.7307,231,0
2039-08,0.00194774,67.7307,232,0
2039-09,0.00170818,67.7306,233,0
2039-10,0.00151893,67.7305,234,0
2039-11,0.00135012,67.7305,235,0
2039-12,0.00118171,67.7304,236,0
2040-01,0.00104893,67.7304,237,0
2040-02,0.00093071,67.7303,238,0
2040-03,0.00082535,67.7303,239,0
2040-04,0.000720372,67.7302,240,0
2040-05,0.000638058,67.7302,241,0
2040-06,0.000556256,67.7302,242,0
2040-07,0.000492013,67.7302,243,0
2040-08,0.000435026,67.7301,244,0
2040-09,0.000378504,67.7301,245,0
2040-10,0.000334201,67.7301,246,0
2040-11,0.000294974,67.7301,247,0
2040-12,0.000256142,67.7301,248,0
